pl_name,hostname,pl_orbper,pl_orbsmax,pl_orbeccen,pl_eqt,pl_insol,pl_dens,pl_rade,pl_bmasse,st_teff,st_met,st_lum,st_mass,st_rad
HD 2039 b,HD 2039,1120.0,2.2,0.71,210.84,0.3229,5.36,12.7,1999.1507,5945.0,0.3,0.1939,1.23,1.19
HAT-P-8 b,HAT-P-8,3.07634,0.04496,0.0,1713.0,1519.9645,0.685644,15.6926,406.8224,6200.0,0.01,0.519,1.27,1.57
K2-43 b,K2-43,3.471149,0.03784,0.07,939.3,49.0,1.11,4.51,18.5,3840.6,,-1.21241,0.571,0.542
Kepler-1753 b,Kepler-1753,16.00460052,0.1179,0.0,583.0,27.41,2.78,2.22678077,5.59,5180.0,0.0,-0.55992,0.86,0.769
Kepler-1176 b,Kepler-1176,24.1738579,0.1589,0.0,595.0,26.087,2.45,2.45,6.57,5844.0,-0.01,-0.11691,1.01,1.02
K2-126 b,K2-126,7.385655,0.0656,0.06,601.0,35.3,3.26,1.97,4.54,4339.0,0.02,-0.87762,0.69,0.65
Kepler-1263 b,Kepler-1263,4.55139967,0.0499,0.0,907.0,144.813,5.75,1.14,1.55,5213.0,-0.03,-0.41402,0.84,0.8
Kepler-1416 b,Kepler-1416,1.49514952,0.0257,0.0,1870.0,2658.55,4.96,0.88,0.615,6019.0,0.03,0.28393,1.09,1.15
Kepler-1542 c,Kepler-1542,2.89223021,0.0387,0.0,1287.0,786.082,4.16,0.65,0.208,5564.0,0.06,0.07026,0.94,0.99
K2-85 b,K2-85,0.68453862616,0.013,0.24,1355.0,800.0,5.9,1.4,3.2,4232.0,0.14,-0.81171,0.7,0.71
Kepler-368 c,Kepler-368,72.379334,0.36,0.0,575.0,28.681,1.35,3.88,14.3,5502.0,0.03,0.56235,1.165,2.019
K2-123 b,K2-123,30.951524,0.1649,0.06,338.0,2.9,2.1,2.76,8.05,4035.0,0.03,-1.14267,0.62,0.59
Kepler-770 b,Kepler-770,18.92540274,0.1694,0.0,1171.0,27.736,2.66,2.3,5.9,5598.0,-0.01,0.05399,0.94,0.92
Kepler-1399 b,Kepler-1399,1.638653058,0.0276,0.0,1610.0,1707.252,5.91,1.25,2.1,5735.0,-0.03,0.00959,0.97,0.96
K2-107 b,K2-107,3.313959,0.0475,0.0,1649.0,1291.4267,0.35,15.98,266.9772,6061.0,0.14,0.46446,1.3,1.81
K2-45 b,K2-45,1.7292684,0.0224,0.1,1073.56,100.0,0.662,6.71,36.4,4103.0,,-0.73994,0.503,0.445
K2-365 b,K2-365,23.448172,,,,,1.97,2.906,8.78,5561.0,-0.021,-0.01377,0.823,1.051
K2-127 b,K2-127,3.588163,0.0411,0.12,809.0,105.6,0.496,8.37,52.9,4575.0,-0.11,-0.25445,0.72,0.66
K2-195 b,K2-195,15.852975,0.1208,,720.0,66.6667,1.78,3.13,9.96,5713.0,-0.1,-0.01196,0.94,0.99
K2-80 c,K2-80,5.605,0.0596,,1002.42,166.0,4.77,1.47,2.76,5441.0,0.07,-0.43238,0.9,0.87
K2-229 c,K2-229,8.32727,0.0769,0.0,750.0,66.0,5.1,2.03,7.0,5315.0,-0.09,-0.38869,0.87,0.79
HAT-P-3 b,HAT-P-3,2.8997,0.03866,0.0,1189.0,176.587,0.855,10.53646,206.5895,5185.0,0.27,-0.36,1.06,0.87
WASP-32 b,WASP-32,2.71866,0.0394,0.0,1388.0,616.33,3.24,10.76064,835.8929,6140.0,-0.13,0.19345,0.72,0.95
WASP-24 b,WASP-24,2.34121,0.03651,0.0,1772.0,934.465,0.622,15.46842,394.1092,6075.0,0.0,0.33131,1.43,1.42
Kepler-65 c,Kepler-65,5.859944,0.068,0.02,1246.0,609.992,1.64,2.58,5.4,6211.0,0.17,0.4674,1.25,1.41
TrES-2 b,TrES-2,2.47063,0.03568,0.0,1466.0,903.864,0.884,15.24424,473.5667,5850.0,-0.15,0.03841,1.36,1.12
Kepler-939 b,Kepler-939,14.878296,0.1153,0.0,692.0,54.19,3.8,1.75,3.71,5471.0,-0.12,0.39065,0.88,0.85
Kepler-1028 b,Kepler-1028,2.51462432,0.0354,0.0,1217.0,519.636,5.44,1.33,2.33,5522.0,-0.09,-0.24485,0.9,0.87
HAT-P-67 b,HAT-P-67,4.8101069,0.06505,0.0,1903.0,2029.17,0.061,23.9872187,143.02278315,6640.0,0.14,1.07773,1.73,2.62
Kepler-1101 b,Kepler-1101,81.3151059,0.3483,0.0,393.0,3.577,2.43,2.47,6.66,5614.0,-0.04,-0.35135,0.94,0.91
Kepler-1388 b,Kepler-1388,12.2854603,0.0882,0.0,434.0,17.674,2.28,2.59,7.22,4098.0,0.02,-1.1068,0.63,0.61
Kepler-768 b,Kepler-768,11.3910025,0.092,0.0,618.0,40.589,3.7,1.79,3.86,5108.0,-0.03,-0.46575,0.82,0.78
Kepler-796 b,Kepler-796,6.40087618,0.07317,0.0,1109.0,962.264,5.6,1.3,2.24,5475.0,0.09,0.57234,0.93,1.09
Kepler-110 b,Kepler-110,12.691112,0.107,0.0,1008.0,153.881,3.6,1.83,4.01,5960.0,-0.1498,0.27598,0.989,1.149
Kepler-1042 b,Kepler-1042,10.13202575,0.0756,0.0,574.0,25.66,2.84,2.19,5.43,4815.0,-0.1,-0.6,0.75,0.72
Kepler-334 c,Kepler-334,12.758005,0.107,0.0,822.0,97.21,4.94,1.43,2.63,5828.0,-0.012,0.05556,1.022,1.068
Kepler-937 b,Kepler-937,67.668827,0.3214,0.0,495.0,20.627,1.43,3.72,13.4,6095.0,0.08,0.28097,1.15,1.22
Kepler-1117 b,Kepler-1117,4.79028459,0.05485,0.0,938.0,194.976,5.67,1.11,1.41,5612.0,0.03,-0.22396,0.95,0.93
Kepler-1789 b,Kepler-1789,80.23190308,0.3543,0.0,380.0,4.91,2.03,2.83137505,8.4,5436.0,0.12,-0.23129,0.92,0.888
Kepler-1831 b,Kepler-1831,5.78387022,0.0655,0.0,1051.0,288.69,3.26,1.97019818,4.54,6063.0,0.07,-0.0455,1.117,1.012
Kepler-1245 b,Kepler-1245,4.35409304,0.0484,0.0,1043.0,194.344,4.91,1.44,2.67,5306.0,-0.01,-0.41093,0.86,0.83
Kepler-114 b,Kepler-114,5.188549,0.053,0.0,586.0,92.535,2.53,1.26,1.09,4605.0,0.2291,-0.6853,0.77,0.667
Kepler-1105 b,Kepler-1105,4.421572182,0.0471,0.0,729.0,47.18,3.18,2.01,4.7,4299.0,0.28,-0.94508,0.71,0.68
Kepler-187 b,Kepler-187,4.938864,0.059,0.0,1244.0,902.239,5.04,1.41,2.57,6105.0,-0.04,0.49267,1.081,1.287
Kepler-1379 b,Kepler-1379,0.881841146,0.0171,0.0,1564.0,1600.049,5.6,1.3,2.24,5188.0,-0.04,-0.40329,0.83,0.79
Kepler-304 c,Kepler-304,5.315946,0.054,0.0,746.0,73.598,2.88,2.17,5.35,4731.0,0.03,-0.6616,0.737,0.687
Kepler-1291 b,Kepler-1291,8.63043276,0.0779,0.0,739.0,62.823,4.07,1.66,3.39,5216.0,-0.04,-0.46748,0.84,0.8
Kepler-304 e,Kepler-304,1.499146953,0.02317,0.0,1137.0,397.254,5.95,1.2,1.87,4817.0,0.05,-0.6616,0.8,0.73
Kepler-461 b,Kepler-461,8.313783059,0.07895,0.0,886.0,254.906,2.3,2.58,7.18,5634.0,0.04,0.24622,0.98,0.91
Kepler-1894 b,Kepler-1894,2.762660027,0.0385,0.0,1231.0,544.05,5.93,1.20117759,1.87,5772.0,0.0,-0.26976,0.999,0.901
Kepler-576 b,Kepler-576,29.91136794,0.179,0.0,541.0,16.817,1.68,3.27,10.7,5672.0,0.09,-0.21068,0.99,0.97
Kepler-1893 b,Kepler-1893,4.179369926,0.0504,0.0,1194.0,478.98,3.93,1.70557445,3.55,5633.0,0.16,0.15984,0.973,1.162
Kepler-1601 b,Kepler-1601,2.20921951,0.03281,0.0,1507.0,999.752,4.75,0.82,0.477,5869.0,0.05,0.08501,1.04,1.07
Kepler-1922 b,Kepler-1922,13.22259998,0.1077,0.0,740.0,71.11,2.68,2.29064904,5.86,5931.0,-0.28,0.15221,0.953,0.863
HD 80653 b,HD 80653,0.71957926,0.01657,0.0,2438.0,6130.0,7.24,1.621,5.61,5959.0,0.255,0.21165,1.15,1.199
Kepler-1542 d,Kepler-1542,5.99273738,0.0629,0.0,1010.0,297.806,4.92,0.87,0.59,5564.0,0.06,0.07026,0.94,0.99
Kepler-666 b,Kepler-666,4.49876092,0.0542,0.0,1133.0,575.644,2.52,2.4,6.35,5887.0,0.01,0.18164,1.03,1.05
Kepler-211 c,Kepler-211,6.04045,0.062,0.0,841.0,95.436,46.8,1.29,18.3,5123.0,0.151,-0.4133,0.867,0.816
Kepler-203 c,Kepler-203,5.370647,0.061,0.0,1096.0,329.788,273.0,2.47,749.9,5821.0,0.08,0.0937,1.06,1.114
GJ 674 b,GJ 674,4.6938,0.039,0.2,530.8,10.5165,1.65,3.33,11.09,3600.0,-0.28,-1.796,0.35,0.36463
OGLE-TR-182 b,OGLE-TR-182,3.9791,0.051,0.0,1550.0,669.0373,0.41,12.666,320.995,5924.0,0.37,0.24059,1.14,1.14
HD 69830 c,HD 69830,31.56,0.186,0.13,567.04,17.417,1.57,3.46,11.8,5385.0,-0.05,-0.22,0.86,0.886947
GJ 3021 b,GJ 3021,133.71,0.49,0.511,350.0,2.7517,2.62,13.1,1071.04,5540.0,0.1,-0.18,0.9,0.9
HD 221287 b,HD 221287,456.1,1.25,0.08,290.13,1.0624,2.4,13.1,982.05,6304.0,-0.03,0.22011,1.25,1.13864
HD 47536 b,HD 47536,712.13,1.93,0.2,736.52,47.5699,6.4,12.6,2330.0,4380.0,-0.65,2.24845,2.1,23.47
HD 107148 b,HD 107148,48.056,0.269,0.05,582.78,18.2517,0.415,9.6,66.741,5797.0,0.314,0.12081,1.12,1.169193
HD 179949 b,HD 179949,3.092514,0.0443,0.022,1590.53,1020.1193,0.596,13.9,291.12,6168.0,0.137,0.30146,1.21,1.266865
HD 188015 b,HD 188015,461.2,1.203,0.137,267.98,0.7914,1.04,13.6,476.72,5746.0,0.289,0.05892,1.09,1.125296
HD 27442 b,HD 27442,428.1,1.271,0.06,369.62,4.3915,1.11,13.5,495.8,4846.0,0.42,0.8509,1.23,3.18
HD 46375 b,HD 46375,3.023573,0.0398,0.063,1221.4,359.0994,0.395,10.0,71.8,5285.0,0.24,-0.24502,0.92,0.914196
HAT-P-2 b,HAT-P-2,5.6335158,0.06814,0.5172,1540.0,588.518,7.29,10.659759,2866.81223114,6380.0,0.18,0.53,1.33,1.39
HD 109749 b,HD 109749,5.239891,0.0615,0.0,1250.83,409.4961,0.345,11.1,85.8141,5824.0,0.24,0.19,1.13,1.22
HD 149143 b,HD 149143,4.07182,0.053,0.0167,1471.9,796.9815,0.923,13.6,422.7139,5856.0,0.29,0.35,1.2,1.44
HD 224693 b,HD 224693,26.6904,0.191,0.104,903.45,111.6692,0.446,14.0,222.481,5894.0,0.27,0.61,1.31,1.93
HD 231701 b,HD 231701,141.63,0.567,0.13,483.27,9.1798,0.768,13.7,359.1479,6101.0,0.05,0.47,1.21,1.53
HIP 14810 b,HIP 14810,6.673892,0.0696,0.14399,1048.2,201.7351,3.1,13.0,1239.537,5544.0,0.24,-0.01,1.01,1.07
HIP 14810 d,HIP 14810,981.8,1.94,0.185,198.54,0.2597,0.368,14.1,187.5197,5544.0,0.24,-0.01,1.01,1.07
HD 207832 b,HD 207832,160.07,0.586,0.197,340.28,2.2605,0.342,14.2,177.9848,5726.0,0.14,-0.11,1.05,0.89
HD 37605 c,HD 37605,2720.0,3.74,0.03,126.75,0.0431,2.48,13.1,1013.8777,5329.0,0.27,-0.22,0.94,0.91
HD 1605 c,HD 1605,2149.0,3.584,0.099,233.88,0.5026,2.88,13.0,1150.5446,4915.0,0.22,0.81,1.33,3.49
HD 55696 b,HD 55696,1827.0,3.18,0.705,200.43,0.2662,3.47,12.9,1357.12729789,6012.0,0.37,0.43,1.29,1.52
HD 148164 c,HD 148164,5062.0,6.15,0.125,135.77,0.0565,4.3,12.8,1640.0028,6032.0,0.24,0.33,1.21,1.34
HD 211810 b,HD 211810,1558.0,2.656,0.68,177.77,0.1665,0.426,14.0,212.9461,5652.0,0.17,0.07,1.03,1.13
HD 221416 b,HD 221416,14.2767,0.1228,0.115,1314.67,495.9065,0.431,9.17,60.5,5080.0,-0.08,0.71181,1.212,2.943
Kepler-595 c,Kepler-595,12.38602,0.0983,0.0,679.0,50.23,6.9,1.009,3.3,5138.5,0.406,-0.34768,0.93,0.821
Kepler-595 b,Kepler-595,25.3029092,0.1582,0.0,535.0,17.382,1.23,3.708,17.4,5138.5,0.406,-0.34768,0.93,0.821
PSR B1257+12 b,PSR B1257+12,25.262,0.19,0.0,,,2.85,0.338,0.02,,,,1.4,
PSR B1257+12 c,PSR B1257+12,66.5419,0.36,0.0186,,,3.39,1.91,4.3,,,,1.4,
OGLE-TR-211 b,OGLE-TR-211,3.67724,0.051,0.0,1686.0,710.2804,0.42,15.244,327.351,6325.0,0.11,0.26657,1.33,1.64
Lupus-TR-3 b,Lupus-TR-3,3.91405,0.0464,0.0,1013.56,15.9599,1.4,9.976,257.431,5000.0,,-1.46393,0.87,0.82
2MASS J04414489+2301513 b,2MASS J04414489+2301513,,15.0,,17.6,0.0,6.55,12.6,2383.6,2936.0,,-2.44363,0.019,0.231916
WASP-21 b,WASP-21,4.322482,0.052,0.0,1333.0,705.0438,0.32,11.99,95.345,5800.0,-0.22,0.30426,1.01,1.06
CoRoT-10 b,CoRoT-10,13.2406,0.1055,0.53,600.0,16.1089,3.7,10.87,874.0,5075.0,0.26,-0.72608,0.89,0.79
CoRoT-12 b,CoRoT-12,2.828042,0.04016,0.07,1442.0,661.1334,0.411,16.14,291.438,5675.0,0.16,0.07,1.078,1.116
CoRoT-13 b,CoRoT-13,4.03519,0.051,0.0,1700.0,546.5339,2.34,9.92,415.704,5945.0,0.01,0.07314,1.09,1.01
HD 285968 b,HD 285968,8.7836,0.066,0.0,450.0,5.0456,2.04,2.83,8.4,3703.49,-0.1,-1.658,0.5,0.478214
HD 205739 b,HD 205739,279.8,0.896,0.27,362.84,2.8535,0.951,13.6,435.41,6176.0,0.19,0.36,1.22,1.33
CoRoT-3 b,CoRoT-3,4.2568,0.05783,0.0,1695.0,735.4472,26.4,11.32,6883.91,6740.0,0.14,0.39086,1.37,1.56
HD 16417 b,HD 16417,17.24,0.14,0.2,964.0,141.5514,0.972,5.0,22.1,5841.0,0.06,0.44317,1.2,1.639984
AB Pic b,AB Pic,,260.0,,15.8,0.0,12.7,12.3,4290.5,5285.0,0.04,-0.22631,0.9,0.999394
CT Cha b,CT Cha,,440.0,,2600.0,0.0,1.98,24.66,5403.0,4403.0,-0.56,-0.10177,,1.679694
HD 9446 b,HD 9446,30.052,0.189,0.2,642.55,30.7942,0.446,14.0,222.472,5793.0,0.09,0.04139,1.0,1.0
Kepler-4 b,Kepler-4,3.21346,0.0456,0.0,1650.0,1245.431,1.91,4.002,24.472,5857.0,0.17,0.354,1.223,1.487
GJ 876 c,GJ 876,30.0881,0.12959,0.25591,241.66,0.7384,0.455,14.0,226.9846,3293.74,0.2129,-1.90658,0.32,0.3
HIP 79431 b,HIP 79431,111.7,0.36,0.29,177.42,0.2179,1.52,13.4,667.415,3191.0,0.4,-1.54921,0.49,0.478625
TOI-907.01,TOI-907,4.5849129,0.055225481,,1846.6,1729.6714,0.414,9.6158851,67.0,6272.0,,0.75862,1.069357,2.059789
WASP-31 b,WASP-31,3.4059096,0.04659,0.0,1423.7,970.9417,0.172,17.363,151.916,6302.0,-0.2,0.33572,1.163,1.252
24 Sex b,24 Sex,452.8,1.333,0.09,471.32,8.2099,1.44,13.4,632.46,5098.0,-0.03,1.164,1.54,4.9
WASP-37 b,WASP-37,3.577469,0.0446,0.0,1232.5,545.3338,1.53,13.002,572.07,5800.0,-0.4,-0.021,0.925,1.003
Kepler-9 d,Kepler-9,1.592851,0.0273,0.0,2026.0,1339.658,13.547166,1.64,8.41466053,5777.0,0.12,-0.038,1.07,1.02
HD 90156 b,HD 90156,49.77,0.25,0.31,518.01,11.52,1.14,4.43,17.98,5599.0,-0.24,-0.14267,0.84,0.920286
HD 177830 c,HD 177830,110.9,0.5137,0.3,538.95,18.3487,0.537,7.87,47.6725,4949.0,0.545,0.68502,1.47,2.62
ups And b,ups And,4.617033,0.05922166,0.0215,1523.73,955.9835,0.438,14.0,218.531,6156.77,0.1014,0.52541,1.3,1.56
ups And d,ups And,1276.46,2.51329,0.2987,233.9,0.5308,9.17,12.5,3257.74117175,6156.77,0.1014,0.52541,1.3,1.56
OGLE-2017-BLG-0373L b,OGLE-2017-BLG-0373L,,2.424,,,,0.254,14.0,127.0,,,,0.248,
Kepler-1737 b,Kepler-1737,64.61750031,0.297,0.0,383.0,5.09,0.878,5.395,25.1,5043.0,0.3,-0.344,0.834,0.881
K2-269 b,K2-269,4.144965,0.0531,,1429.0,1041.5274,4.39,1.57,3.09,6209.0,-0.08,0.46786,1.16,1.45
TOI-1249 b,TOI-1249,13.079151,0.109,0.0,726.89,48.6058,1.84,3.2710301,11.9,5497.0,0.297,-0.10127,1.0062,0.9785
Kepler-106 d,Kepler-106,23.9802,0.16063,0.0,649.0,45.357,,0.95,8.1,5858.0,-0.12,0.08255,1.0,1.04
Kepler-1031 b,Kepler-1031,1.22621732,0.0218,0.0,2024.0,3973.86,4.92,0.87,0.59,6011.0,0.03,0.17,1.09,1.12
CD-35 2722 B b,CD-35 2722 B,171.11,0.2,0.27,77.39,0.006,0.598,13.9,292.40213444,1800.0,0.27,-3.62,0.035,0.159
Kepler-948 b,Kepler-948,7.76846622,0.0749,0.0,841.0,126.203,3.54,1.85,4.08,5679.0,-0.02,-0.10938,0.96,0.94
OGLE-2014-BLG-0319L b,OGLE-2014-BLG-0319L,,3.49,,,,0.355,14.1,181.16219199,,,,0.52,
OGLE-2018-BLG-1011L b,OGLE-2018-BLG-1011L,,1.8,,,,1.27,13.5,570.0,,,,0.18,
WASP-61 b,WASP-61,3.8559,0.0521,0.0,1624.4,1062.0298,1.423,15.80469,851.7844,6250.0,-0.1,0.42541,1.82,1.55
KMT-2022-BLG-0303L b,KMT-2022-BLG-0303L,,4.81,,,,0.313,14.2,163.04597279,,,,0.368,
OGLE-2019-BLG-0954L b,OGLE-2019-BLG-0954L,,2.65,,,,13.3,12.3,4513.1633794,,,,0.8,
WASP-123 b,WASP-123,2.97764359,0.04263,0.0,1500.0,758.324,0.490693,15.13212395,285.72917,5740.0,0.18,0.16234,1.166,1.285
Kepler-1882 b,Kepler-1882,13.78730011,0.11636,0.0,894.0,122.1,4.7,1.48674404,2.81,5691.0,0.26,0.23674,1.068,1.458
KOI-984 b,KOI-984,4.2881785,0.0504,0.12,1022.0,186.31,1.18,4.3,17.1,5295.0,0.12,-0.324,0.928,0.818
Kepler-1573 b,Kepler-1573,2.6157554,0.0364,0.0,1379.0,1343.114,5.95,1.2,1.87,5808.0,0.02,0.16867,1.01,1.0
Kepler-802 b,Kepler-802,40.0587473,0.2265,0.0,489.0,13.508,1.52,3.54,12.3,5507.0,0.06,-0.22563,0.93,0.9
KMT-2023-BLG-1454L b,KMT-2023-BLG-1454L,,1.18,,,,0.393,14.1,200.23189641,,,,0.17,
Kepler-1440 b,Kepler-1440,39.859484,0.23431,0.0,597.0,44.728,5.85,1.26,2.13,5698.0,0.04,0.37679,0.98,0.96
WASP-130 b,WASP-130,11.55098,0.1012,0.0,833.0,56.355,2.34,9.97601,390.9309,5625.0,0.26,-0.03215,1.04,0.96
OGLE-2017-BLG-1049L b,OGLE-2017-BLG-1049L,,3.92,,,,4.61,12.8,1760.0,,,,0.55,
Kepler-949 b,Kepler-949,8.689307296,0.07739,0.0,782.0,58.442,1.96,2.91,8.8,5403.0,0.01,-0.44164,0.89,0.86
Kepler-1964 b,Kepler-1964,2.440829992,0.0322,0.0,986.0,223.8,3.73,1.7810587,3.83,4803.0,-0.08,-0.631,0.752,0.698
KMT-2023-BLG-1592L b,KMT-2023-BLG-1592L,,3.9,,,,0.361,14.1,184.34047606,,,,0.55,
OGLE-2019-BLG-0362L b,OGLE-2019-BLG-0362L,,2.18,,,,2.53,13.1,1036.12060682,,,,0.42,
KMT-2017-BLG-1057L b,KMT-2017-BLG-1057L,,2.36,,,,0.924,5.19,23.5,,,,0.57,
KMT-2025-BLG-1616L b,KMT-2025-BLG-1616L,,1.6,,,,0.588,7.34,42.32,,,,0.26,
Wolf 327 b,Wolf 327,0.5734745,0.01,0.0,996.0,233.9,7.24,1.24,2.53,3542.0,-0.17,-1.62986,0.405,0.406
Kepler-62 f,Kepler-62,267.291,0.718,0.0,208.0,0.5,,1.41,35.0,4925.0,-0.37,-0.678,0.69,0.64
KMT-2023-BLG-1743L b,KMT-2023-BLG-1743L,,1.16,,,,19.7,12.1,6356.56814,,,,0.11,
TOI-5789 c,TOI-5789,12.927748,0.1009,0.067,718.0,8.7194,1.16,2.86,5.0,5185.0,-0.12,-0.32883,0.821,0.833
MOA-2019-BLG-008L b,MOA-2019-BLG-008L,,,,,,17.3,12.2,5720.911326,,,,0.9,
OGLE-2016-BLG-1598L b,OGLE-2016-BLG-1598L,,2.5,,,,0.264,13.6,120.77479466,,,,0.55,
OGLE-2017-BLG-1275L b,OGLE-2017-BLG-1275L,,2.09,,,,4.91,12.8,1875.1876013,,,,0.63,
HATS-44 b,HATS-44,2.7439004,0.03649,0.279,1161.0,306.417,0.56,11.960003,177.9848,5080.0,0.32,-0.39794,0.86,0.847
Kepler-132 b,Kepler-132,6.178196,0.067,0.0,1082.0,284.8,5.96,1.21,1.92,6003.0,-0.2159,0.211,0.929,1.178
KMT-2021-BLG-0192L b,KMT-2021-BLG-0192L,,1.62,,,,0.681,6.56,34.96112477,,,,0.27,
Kepler-49 b,Kepler-49,7.2,0.05929,0.0,509.0,21.481,3.082111,2.579,9.77,4095.6,0.03,-1.13077,0.607,0.618
KMT-2016-BLG-2364L b,KMT-2016-BLG-2364L,,2.63,,,,3.13,13.0,1250.0,,,,0.5,
Kepler-218 c,Kepler-218,44.699576,0.248,0.0,500.0,16.147,1.77,3.14,10.0,5502.0,0.37,0.00935,1.019,1.063
GJ 328 c,GJ 328,241.8,0.657,,184.01,0.1927,0.993,4.91,21.4,3897.0,-0.06,-1.08,0.65,0.63
K2-212 b,K2-212,9.795647,0.0785,,542.0,21.964,2.22,2.65,7.51,4349.0,0.03,-0.90958,0.622,0.678
KMT-2022-BLG-1818L c,KMT-2022-BLG-1818L,,12.6,,,,0.273,13.2,114.41822652,,,,0.79,
Qatar-8 b,Qatar-8,3.71495,0.0474,0.0,1457.0,698.148,0.216,14.403565,117.91493,5738.0,0.025,0.22789,1.029,1.315
KMT-2018-BLG-0885L b,KMT-2018-BLG-0885L,,1.07,,,,30.1,11.9,9217.023803,,,,0.29,
KMT-2016-BLG-2321L b,KMT-2016-BLG-2321L,,3.58,,,,0.631,13.8,301.93698665,,,,0.73,
Kepler-74 b,Kepler-74,7.340711,0.0781,0.0,1078.0,337.682,0.88,10.76,200.22,6000.0,0.42,0.3321,1.18,1.12
OGLE-2017-BLG-0482L b,OGLE-2017-BLG-0482L,,1.8,,,,1.93,2.95,9.0,,,,0.2,
PSR B0329+54 b,PSR B0329+54,10140.0,10.26,0.236,,,5.96,1.22,1.97,,,,1.44,
K2-140 b,K2-140,6.569188,0.068,0.0,962.0,204.0,0.66,13.56286665,295.58041851,5585.0,0.1,-0.04915,0.96,1.06
HD 184010 c,HD 184010,484.3,1.334,0.0,457.53,7.3558,0.319,11.8,95.3485221,4971.0,-0.17,1.11694,1.35,4.86
EPIC 201595106 b,EPIC 201595106,0.87724,0.0177,0.0,2038.0,2852.0,11.1,1.565,7.67,5679.0,0.01,-0.04915,0.958,0.98
TOI-1203 e,TOI-1203,204.59,,0.152,,,0.592,7.31,42.1,5737.0,-0.39,0.12977,0.886,1.179
Kepler-1503 b,Kepler-1503,96.16987,0.3771,0.0,321.0,5.636,2.71,2.27,5.77,5069.0,-0.19,-0.14398,0.77,0.74
Kepler-1781 b,Kepler-1781,4.88752985,0.0574,0.0,1003.0,239.11,2.55,2.38091029,6.26,5568.0,0.44,-0.36088,1.053,0.957
Kepler-57 c,Kepler-57,11.6,0.09588,0.0725,671.0,48.574,3.528714,2.196,6.86,5187.9,0.1166,-0.34241,0.859,0.826
Kepler-1124 b,Kepler-1124,2.852348975,0.0305,0.0,621.0,50.777,5.71,1.28,2.18,3658.0,-0.59,-1.32347,0.35,0.34
Kepler-1581 b,Kepler-1581,6.28385491,0.06865,0.0,1108.0,470.862,4.69,0.8,0.437,6022.0,0.07,0.39085,1.12,1.23
K2-136 c,K2-136,17.30723,0.1185,0.047,470.0,11.91,3.69,3.0,18.1,4500.0,-0.02,-0.7765,0.742,0.677
HD 39091 b,HD 39091,2088.8,3.28,0.642,172.74,0.1342,13.2,12.3,4481.3805387,5998.0,0.09,0.15957,1.07,1.17
LHS 1815 b,LHS 1815,3.814334,0.0404,0.0,617.0,62.1493,6.7,1.088,1.58,3643.0,-0.12,-1.38722,0.502,0.501
Kepler-464 b,Kepler-464,7.256965224,0.07931,0.0,1163.0,495.005,1.67,3.3,10.9,5933.0,0.19,0.48379,1.21,1.59
Kepler-1580 b,Kepler-1580,56.6449279,0.33571,0.0,733.0,83.088,2.98,2.11,5.1,6228.0,0.12,0.92628,1.47,2.15
Kepler-198 d,Kepler-198,1.31184443,0.02342,0.0,1562.0,1444.516,4.54,1.53,2.96,5636.0,0.04,-0.1089,0.97,0.93
HD 50554 b,HD 50554,1240.0,2.339,0.482,192.65,0.2738,4.87,12.8,1859.29618095,6050.0,0.02,0.17543,1.1,1.02
HD 73267 c,HD 73267,17071.78045,12.688,0.089,69.53,0.0049,4.27,12.8,1630.77755632,5387.0,0.03,-0.106,0.93,0.909
Kepler-580 b,Kepler-580,8.222419656,0.0683,0.0,558.0,24.063,2.31,2.57,7.13,4298.0,-0.06,-0.89626,0.67,0.64
KOI-12 b,KOI-12,17.855182,0.154,0.34,911.0,196.507,0.733,13.78707,349.613,6635.0,0.0815,0.62645,1.5,1.4
Kepler-637 b,Kepler-637,23.20584623,0.16619,0.0,1002.0,63.805,1.04,4.75,20.2,6096.0,0.38,0.38249,1.64,2.56
HD 29985 b,HD 29985,20608.14049,13.39,0.261,46.73,0.0008,4.56,12.8,1739.47487151,4678.0,-0.22,-0.84623,0.75,0.574666
HD 165155 b,HD 165155,434.5,1.13,0.2,239.9,0.5482,2.19,13.2,918.5287,5426.0,0.09,-0.1549,1.02,0.95
HD 22946 d,HD 22946,47.42489,0.2958,,546.0,18.561,10.8,2.607,26.57,6169.0,-0.08,0.20919,1.098,1.117
Kepler-1697 b,Kepler-1697,33.4969,0.2008,0.0,630.0,37.3,5.83,1.25954761,2.12,4681.53,0.0341,-0.58813,0.747,0.772344
Kepler-674 b,Kepler-674,2.243381847,0.028,0.0,822.0,146.511,3.98,1.69,3.5,4192.0,-0.27,-0.90665,0.6,0.57
Kepler-873 b,Kepler-873,20.5533844,0.1542,0.0,749.0,68.015,1.41,3.75,13.5,6163.0,0.07,0.13449,1.18,1.27
Kepler-783 b,Kepler-783,4.29264638,0.04958,0.0,991.0,229.104,4.62,0.78,0.399,5521.0,0.01,-0.23092,0.93,0.89
HD 31527 c,HD 31527,51.2053,0.2663,0.04,571.07,16.9215,1.36,3.85,14.16,5898.0,-0.17,0.07918,0.96,1.073694
Kepler-1955 b,Kepler-1955,14.26519966,0.11959,0.0,853.0,114.3,5.85,1.16654878,1.69,5825.0,0.14,0.22965,1.049,1.291
Kepler-1684 b,Kepler-1684,47.7055,0.2253,0.0,347.0,3.42,2.0,2.87084792,8.6,4706.54,0.1267,-0.70657,0.75,0.666755
Kepler-322 c,Kepler-322,4.337234,0.051,0.0,996.0,203.406,4.05,1.67,3.43,5388.0,0.12,-0.28786,0.908,0.89
Qatar-5 b,Qatar-5,2.8792319,0.04127,0.0,1415.0,669.0,3.95,12.408363,1373.0256,5747.0,0.377,0.05614,1.128,1.076
Kepler-399 c,Kepler-399,26.67569,0.155,0.0,630.0,15.69,4.94,1.43,2.63,5502.0,0.14,-0.418,0.902,0.68
DMPP-2 c,DMPP-2,3.168,0.04789,0.28,1910.88,553.7504,0.505,8.26,51.79,6500.0,,0.1038,1.41,1.78
TOI-1062 b,TOI-1062,4.11296,0.052,0.177,1077.0,232.0,4.85,2.265,10.15,5328.0,0.14,-0.27446,0.94,0.84
TOI-1759 b,TOI-1759,18.85019,0.1177,0.0,443.0,6.39,1.91,3.14,10.8,4065.0,0.05,-1.05715,0.606,0.597
TOI-2285 b,TOI-2285,13.635109,0.1363,0.3,358.0,3.91,,1.77,19.5,3491.0,-0.05,-1.54212,0.454,0.464
Kepler-546 b,Kepler-546,4.147020258,0.0502,0.0,1258.0,690.13,0.626,7.0,39.1,5967.0,0.14,0.27057,1.11,1.15
Kepler-682 b,Kepler-682,12.611906672,0.1058,0.0,753.0,306.102,0.585,7.37,42.6,5559.0,-0.05,0.47994,0.92,0.89
TOI-220 b,TOI-220,10.695264,0.08911,0.032,805.0,137.7252,2.73,3.03,13.8,5298.0,-0.217,-0.26668,0.825,0.858
TOI-5624 f,TOI-5624,45.37,0.2366,0.0,478.5,8.6817,1.46,3.66,13.0,5327.0,-0.023,-0.31336,0.858,0.82
Kepler-242 b,Kepler-242,8.20395,0.075,0.0,742.0,43.768,2.26,2.61,7.32,5020.0,-0.02,-0.61267,0.748,0.85
Kepler-258 b,Kepler-258,13.19722,0.103,0.0,642.0,27.791,1.27,4.06,15.5,4942.0,0.3031,-0.57541,0.82,0.915
TOI-4898 b,TOI-4898,2.76520470167,,,667.0,33.0144,1.43,3.7197954,13.4,4201.57,,-1.10104,0.619077,0.639344
Kepler-1292 b,Kepler-1292,3.27646405,0.0443,0.0,1195.0,521.101,3.62,1.82,3.97,5556.0,0.08,-0.09051,0.95,0.93
HD 128717 b,HD 128717,3420.0,4.85,0.85,151.9,0.0892,19.5,12.1,6293.0024586,6210.0,0.16,0.322,1.212,1.248
TOI-3278 b,TOI-3278,3.246456,0.043,0.0,1561.0,1030.0,0.21,13.89913607,95.3485221,5720.0,0.04,0.24831,1.04,1.39
Kepler-103 b,Kepler-103,15.9653287,0.133,0.171,973.0,150.536,1.52,3.4857,11.67,6047.0,0.15,0.42431,1.212,1.492
TOI-4492 b,TOI-4492,4.4331824,0.0535,,1207.0,510.0,6.37,11.78063872,1881.54416944,5711.0,0.219,0.15546,1.067,1.222
pi Men d,HD 39091,124.64,0.506,0.22,443.55,5.6398,1.43,3.72,13.38,5998.0,0.09,0.15957,1.07,1.19
Kepler-1058 b,Kepler-1058,110.96546,0.3679,0.0,239.0,0.77,2.14,2.72,7.85,4644.0,-0.06,-0.31631,0.73,0.69
Kepler-160 b,Kepler-160,4.309397,0.05511,0.0,1134.0,396.619,3.91,1.715,3.59,5471.0,0.2,0.00432,1.003,1.118
Kepler-1365 b,Kepler-1365,7.69993485,0.07839,0.0,969.0,456.25,5.09,0.92,0.721,5770.0,0.03,0.42479,1.0,1.05
Kepler-346 c,Kepler-346,23.851549,0.168,0.0,654.0,23.812,1.83,3.07,9.64,6033.0,0.1,-0.15256,0.943,1.021
Kepler-1489 b,Kepler-1489,82.294751,0.3679,0.0,400.0,11.893,3.75,1.77,3.78,5655.0,-0.13,0.19764,0.93,0.9
Kepler-1126 b,Kepler-1126,108.593329,0.41251,0.0,374.0,4.55,3.86,1.73,3.64,5798.0,-0.26,-0.09926,0.92,0.93
Kepler-1914 b,Kepler-1914,30.82789993,0.1954,0.0,585.0,27.66,1.93,2.9429803,8.97,5982.0,-0.04,0.07728,1.047,0.96
HATS-43 b,HATS-43,4.3888497,0.04944,0.173,1003.0,192.2328,0.191,13.22662,82.95363,5099.0,0.05,-0.39794,0.837,0.812
Kepler-685 b,Kepler-685,1.6255222,0.0265,0.0,1579.0,1137.124,0.366,10.58,78.8,5963.0,0.15,-0.05138,1.11,1.16
Kepler-1303 b,Kepler-1303,7.56127224,0.0751,0.0,891.0,182.375,4.99,1.42,2.6,5771.0,0.04,-0.00195,1.01,1.0
Kepler-1016 b,Kepler-1016,1.954524342,0.03044,0.0,1540.0,1445.204,2.86,2.18,5.39,5821.0,-0.03,0.12363,0.99,1.0
HIP 54373 c,HIP 54373,15.144,0.099,0.2,463.2,6.1142,1.5,3.57,12.44,4021.0,,-1.22239,0.57,0.564998
L 363-38 b,L 363-38,8.781,0.048,,330.0,5.6424,3.21,2.0,4.67,3129.0,,-1.88606,0.21,0.274
HAT-P-46 b,HAT-P-46,4.463129,0.0577,0.123,1458.0,1405.4798,0.28,14.392,156.684,6120.0,0.3,0.391,1.284,1.396
K2-396 c,K2-396,25.76051,,,,,1.79,3.124,9.93,5236.0,0.237,-0.23007,0.954,0.92
TOI-1107 b,TOI-1107,4.0782387,0.0561,0.025,1728.0,532.0,1.89,14.57167491,1064.72516345,6311.0,-0.1,0.67117,1.35,1.81
KOI-319 c,KOI-319,80.099,,0.032,,,28.7,11.9,8803.8468739,5880.0,0.16,0.71818,1.325,2.064
Kepler-1992 b,Kepler-1992,15.6112238,0.1169,0.0,637.0,38.99,5.05,0.91,0.693,5383.0,0.0,-0.00858,0.874,0.842
Kepler-134 b,Kepler-134,5.317429,0.06,0.0,1105.0,301.367,3.2,2.0,4.66,5983.0,-0.2067,0.06051,0.956,1.176
TOI-912 b,TOI-912,4.6780691,0.041,0.58,551.0,15.0,4.0,1.93,5.1,3572.0,-0.19,-1.59007,0.418,0.419
TOI-913 b,TOI-913,11.098644,,,712.01,110.0592,2.45,2.4528,6.59,4969.0,-0.133,-0.53057,0.82,0.7325
TOI-1105 b,TOI-1105,10.86818410933,,,756.37,54.3341,1.84,3.05823658,9.58,4678.46,,-0.61342,0.74,0.755833
Kepler-559 b,Kepler-559,17.58752333,0.1277,0.0,706.0,42.543,1.48,3.61,12.7,5630.0,0.03,-0.12141,0.96,0.95
WASP-34 b,WASP-34,4.31768,0.0524,0.04,1250.0,229.962,0.412,11.209,177.9848,5700.0,-0.02,0.0393,0.96,0.91
Kepler-1426 b,Kepler-1426,14.2563227,0.1187,0.0,797.0,95.22,4.41,1.56,3.05,5831.0,0.03,0.0355,1.02,1.02
OGLE-2014-BLG-0676L b,OGLE-2014-BLG-0676L,,2.04,,,,2.42,13.1,988.44634577,,,,0.6,
Kepler-156 b,Kepler-156,4.973456,0.054,0.0,867.0,135.077,2.66,2.3,5.9,5094.0,0.2535,-0.43985,0.864,0.807
HATS-64 b,HATS-64,4.908897,0.06562,0.151,1793.0,1711.0,0.245,18.819911,305.1168,6554.0,0.22,0.86747,1.564,2.113
Kepler-610 b,Kepler-610,6.996926554,0.0719,0.0,888.0,139.072,1.22,4.19,16.3,5943.0,0.12,-0.11034,1.1,1.13
TOI-2322 c,TOI-2322,20.225528,0.1362,0.0,496.8,10.15,14.69,1.874,18.1,4664.0,-0.12,-0.74232,0.703,0.662
TOI-2322 b,TOI-2322,11.30717,0.0924,0.0,603.1,22.04,12.75,0.994,2.31,4664.0,-0.12,-0.74232,0.703,0.662
Kepler-524 c,Kepler-524,1.88897906,0.03046,0.0,1574.0,2959.338,5.22,0.96,0.84,6014.0,0.02,0.43947,1.09,1.1
Kepler-398 c,Kepler-398,11.419412,0.087,0.0,536.0,20.556,5.39,1.01,1.01,4493.0,0.0528,-0.81101,0.649,0.613
Kepler-1916 b,Kepler-1916,31.25429916,0.2053,0.0,635.0,38.54,2.25,2.61757235,7.35,6246.0,0.07,0.21407,1.18,1.092
TIC 320419023 b,TIC 320419023,5.26375651589,,,,,2.09,2.77280763,8.11,5703.36,,-0.01971,1.056,0.952319
HD 108236 f,HD 108236,29.54115,0.1758,0.051,609.59,22.9084,3.16,2.017,4.72,5660.0,-0.28,-0.14997,0.869,0.877
Kepler-1617 b,Kepler-1617,27.4785572,0.17707,0.0,736.0,64.689,5.95,1.2,1.87,6167.0,0.01,0.34078,1.15,1.22
HD 206893 c,HD 206893,2290.0,3.74,0.283,1181.9,0.2043,4.42,16.36511182,3527.8953177,6500.0,,0.4561,1.31,1.31116
TOI-4527.01,TOI-4527,0.3994445,0.008332353,,1362.93,571.5072,5.05,0.9086617,0.689,3702.0,,-1.39838,0.483901,0.485948
K2-255 b,K2-255,1.96417,0.0274,,1034.0,215.9107,1.97,2.9,8.75,4676.0,-0.14,-0.79022,0.71,0.69
Kepler-1678 b,Kepler-1678,147.974,0.5302,0.0,329.0,2.78,1.66,3.30422249,10.9,5754.0,0.0,-0.16208,1.03,0.834976
HD 224018 b,HD 224018,10.6413,0.0952,0.06,968.0,146.7499,17.1,0.91,4.1,5784.0,0.05,0.12385,1.013,1.147
Kepler-1334 b,Kepler-1334,15.64591713,0.1229,0.0,710.0,78.355,2.68,2.29,5.86,5614.0,-0.03,0.0276,0.94,0.91
Kepler-480 b,Kepler-480,4.919583795,0.06024,0.0,1312.0,764.078,2.08,2.78,8.15,6322.0,0.11,0.47779,1.25,1.34
Kepler-1382 b,Kepler-1382,16.3583055,0.14023,0.0,959.0,198.471,3.47,1.88,4.19,6161.0,0.3,0.57225,1.36,1.72
TOI-2068 b,TOI-2068,7.768915,0.0632,,520.62,12.23,3.61,1.821,3.97,3710.0,0.27,-1.31069,0.559,0.535
Kepler-1030 b,Kepler-1030,19.32952416,0.1338,0.0,529.0,16.881,2.42,2.48,6.71,4983.0,-0.01,-0.55288,0.8,0.76
HD 153950 b,HD 153950,499.39999,1.28,0.34,295.3,1.355,2.24,13.2,937.5985,6124.0,-0.01,0.34635,1.25,1.28
CoRoT-11 b,CoRoT-11,2.99433,0.0436,0.0,1657.0,1890.649,0.99,16.03,740.51,6440.0,-0.03,0.37753,1.27,1.37
TOI-286 c,TOI-286,39.361826,0.213,0.0,475.0,22.4437,3.09,1.88,3.72,5152.0,-0.05,-0.41364,0.832,0.78
TOI-1806.01,TOI-1806,15.1454693,0.087735044,,337.47,2.1473,1.59,3.4095367,11.5,3272.0,,-1.77852,0.392935,0.401575
TOI-4443.01,TOI-4443,1.8498567,0.029962645,,1638.82,1194.2104,3.89,1.7193265,3.6,5834.0,,0.03349,1.049133,1.01733
K2-141 c,K2-141,7.7485,0.0683,0.092,695.0,39.1,0.081,7.0,8.0,4570.0,0.0,-0.75,0.708,0.681
K2-232 b,K2-232,11.168454,0.10356,0.258,1030.0,312.155,0.405,11.209,126.49634,6154.0,0.1,0.23805,1.188,1.161
GJ 1132 c,GJ 1132,8.929,0.0476,0.19,300.0,2.1053,4.55,1.52,2.91,3090.0,-0.18,-2.32148,0.198,0.226
55 Cnc b,55 Cnc,14.651552,0.118,0.0029,700.0,45.6336,0.54,13.9,263.9785,5198.0,0.39,-0.19695,1.015,0.98
55 Cnc c,55 Cnc,44.3936,0.247,0.088,499.27,10.4149,0.486,8.51,54.4738,5198.0,0.39,-0.19695,1.015,0.98
55 Cnc d,55 Cnc,4799.0,5.6,0.0913,104.85,0.0203,3.08,13.0,1232.493,5198.0,0.39,-0.19695,1.015,0.98
55 Cnc e,55 Cnc,0.7365474,0.01544,0.05,1958.0,2657.8322,6.66,1.875,7.99,5172.0,0.35,-0.19695,0.905,0.943
55 Cnc f,55 Cnc,260.58,0.802,0.063,277.07,0.9879,0.563,7.59,44.812,5198.0,0.39,-0.19695,1.015,0.98
GJ 1214 b,GJ 1214,1.580404531,0.01505,0.0062,567.0,17.2,2.26,2.733,8.41,3101.0,0.24,-2.40894,0.182,0.2162
GJ 436 b,GJ 436,2.64388312,0.0291,0.13827,686.0,29.4322,1.8,4.17,22.1,3586.11,0.0991,-1.585,0.47,0.455
HAT-P-12 b,HAT-P-12,3.2130598,0.0384,0.0,963.0,118.075,0.3192,10.749,67.059,4650.0,-0.29,-0.678,0.733,0.701
HAT-P-13 b,HAT-P-13,2.91625,0.04383,0.0133,1740.0,1978.5245,0.340833,14.258,270.462,5653.0,0.46,0.346,1.32,1.756
HAT-P-13 c,HAT-P-13,446.27,1.258,0.6616,340.0,1.4016,13.4,12.3,4538.421,5653.0,0.46,0.346,1.32,1.756
HAT-P-14 b,HAT-P-14,4.62767,0.0596,0.11,1624.0,1038.78,1.56,15.91678,1093.3352,6600.0,0.11,0.64412,2.65,1.82
HAT-P-17 b,HAT-P-17,10.33852,0.0892,0.35,800.0,110.512,0.44,11.76945,184.3414,5246.0,0.0,-0.28893,0.99,0.87
HAT-P-17 c,HAT-P-17,5584.0,5.6,0.39,99.59,0.0164,2.64,13.1,1080.6,5336.96,0.0512,-0.28893,0.92,0.838682
HAT-P-18 b,HAT-P-18,5.5080291,0.0559,0.03,841.0,82.2407,0.249,10.70457657,55.5246227,4870.0,0.1,-0.58537,0.77,0.717
HAT-P-1 b,HAT-P-1,4.46529976,0.05561,0.0,1322.0,259.687,0.282,14.784671,166.86075,5980.0,0.13,0.22463,1.151,1.174
HAT-P-26 b,HAT-P-26,4.23452,0.04748,0.12,1080.0,185.0743,0.258608,7.06167,22.2481,5079.0,-0.04,-0.35928,1.12,0.87
HAT-P-30 b,HAT-P-30,2.8106,0.0419,0.04,1630.0,1467.9573,0.309,16.14096,263.7989,6304.0,0.13,0.312,1.55,1.31
HAT-P-32 b,HAT-P-32,2.1500082,0.03397,0.159,1835.7,1841.0,0.108,22.19382,216.1244,6001.0,-0.16,0.33806,1.132,1.367
HD 149026 b,HD 149026,2.87589,0.04364,0.0,1626.0,1095.91,0.75,8.29466,120.7754,6179.0,0.32,0.48,1.42,1.41
HD 189733 b,HD 189733,2.21857567,0.03126,0.0,1209.0,356.0,0.943,12.66617,359.1479,5052.0,-0.02,-0.46119,0.79,0.75
HD 209458 b,HD 209458,3.52474859,0.04707,0.0,1459.0,587.098,0.362,15.58051,232.0159,6091.0,0.01,0.23086,1.23,1.19
HD 80606 b,HD 80606,111.436765,0.4603,0.93183,405.0,4.6941,5.08,11.56766808,1323.46926959,5565.0,0.35,-0.00237,1.05,1.05
HD 86226 b,HD 86226,1628.0,2.73,0.059,176.0,0.1583,0.269,14.3,143.0235,5863.0,0.018,0.07188,1.019,1.053
TrES-4 b,TrES-4,3.55395,0.05084,0.0,1778.0,2276.295,0.099,18.04649,247.9074,6200.0,0.14,0.72552,1.08,1.66
WASP-12 b,WASP-12,1.091418901,0.0234,0.0447,2601.0,8220.584,0.266,22.02564708,467.2101,6265.0,0.12,0.59711,1.325,1.69
WASP-15 b,WASP-15,3.7521,0.05165,0.0,1676.0,1237.7366,0.263,15.80469,171.6282,6300.0,-0.17,0.49,1.18,1.48
WASP-17 b,WASP-17,3.73543,0.0515,0.0,1755.0,1292.19,0.082,20.96083,247.9074,6550.0,-0.25,0.61272,2.28,1.49
WASP-18 b,WASP-18,0.94145223,0.02024,0.0051,2429.0,5805.0,6.6,13.89913607,3241.8497514,6432.0,0.107,0.42813,1.294,1.319
WASP-19 b,WASP-19,0.78883852,0.01652,0.0126,2113.0,3320.0,0.506,15.86070769,366.77398168,5616.0,0.04,-0.04335,0.965,1.006
WASP-25 b,WASP-25,3.7648337,0.0473,0.0,1217.0,341.0,0.399185,13.80946422,179.25522155,5697.0,-0.2,-0.143,0.962,0.884
WASP-39 b,WASP-39,4.0552941,0.04828,0.0,1166.0,316.269,0.167,14.336311,89.31023,5485.0,0.01,-0.12792,0.913,0.939
WASP-43 b,WASP-43,0.813475,0.0142,0.0,1426.7,680.8953,2.939,10.424,565.714,4400.0,-0.05,-0.82509,0.58,0.6
WASP-6 b,WASP-6,3.3610026,0.04217,0.054,1167.0,288.0,0.440298,12.5428494,148.42586607,5438.0,-0.15,-0.29675,0.854,0.79
GJ 3470 b,GJ 3470,3.3366496,0.0355,0.017,593.5,29.6584,0.8,4.57,13.9,3600.0,0.2,-1.5376,0.539,0.547
WASP-47 b,WASP-47,4.159151,0.052,0.0006,1275.0,409.0,0.993,12.86,374.0,5565.0,0.43,0.03167,1.058,1.156
WASP-63 b,WASP-63,4.37808,0.0574,0.0,1469.91,1103.2708,0.173,15.80469,117.5971,5550.0,0.08,0.44936,1.28,1.86
WASP-52 b,WASP-52,1.7497798,0.0272,0.0,1315.0,605.7625,0.29,14.24,146.2,5000.0,0.03,-0.35366,0.87,0.79
WASP-77 A b,WASP-77 A,1.360029395,0.023233633,0.01353,1674.0,1440.0,1.33,13.56,529.31142902,5617.0,-0.1,-0.12901,0.903,0.91
WASP-80 b,WASP-80,3.06785234,0.0344,0.002,825.0,72.442,0.717,11.197791,170.99254,4143.0,-0.13,-1.03998,0.577,0.586
WASP-103 b,WASP-103,0.925542,0.01985,0.0,2508.0,6568.6932,0.55,17.127,473.547,6110.0,0.06,0.413,1.22,1.436
WASP-96 b,WASP-96,3.4252602,0.0453,0.0,1285.0,517.0,0.37,13.45,152.55,5540.0,0.14,0.00217,1.06,1.05
WASP-94 A b,WASP-94 A,3.95019,0.055,0.0,1604.0,1009.38,0.118,17.71022,158.915,6170.0,0.26,0.50992,1.67,1.48
WASP-94 B b,WASP-94 B,2.00839,0.0335,0.0,1848.91,2000.0146,0.385,14.1,196.411,6040.0,0.23,0.35112,1.24,1.35
WASP-69 b,WASP-69,3.86813881,0.0453,0.0,971.0,180.5564,0.291,11.21,82.58,4792.0,0.35,-0.48149,0.83,0.801
WASP-84 b,WASP-84,8.52349648,0.0778,0.0,732.0,34.6952,0.98,10.72,220.0,5280.0,0.0,-0.325,0.853,0.768
WASP-20 b,WASP-20,4.89964477,0.05999,0.0,1362.0,259.864,0.156491,15.46839337,98.841,5940.0,-0.008,0.239,1.2,1.242
HATS-6 b,HATS-6,3.3252725,0.03623,0.0,712.8,47.3315,0.399,11.186582,101.38777,3724.0,0.2,-1.09983,0.574,0.57
KELT-7 b,KELT-7,2.73477,0.04415,0.0,2048.0,1775.39,0.442,17.9344,441.7837,6768.0,0.0,0.758,1.76,1.81
K2-18 b,K2-18,32.939623,0.1429,0.2,284.0,1.005,4.11,2.37,8.92,3457.0,0.12,-1.59688,0.359,0.411
KELT-8 b,KELT-8,3.24406,0.0455,0.04,1675.0,983.3098,0.167,18.15858,209.7678,5754.0,0.27,0.26483,0.81,1.46
K2-22 b,K2-22,0.381073,0.009,0.19,2100.0,114.0,,2.3,444.962,3879.0,0.032,-1.0744,0.595292,0.58
WASP-47 d,WASP-47,9.030501,0.085,0.001,885.0,145.0,1.8,3.65,15.5,5565.0,0.43,0.03167,1.058,1.156
WASP-47 e,WASP-47,0.78961,0.01673,0.0,1992.0,3740.0,6.29,1.83,9.0,5565.0,0.43,0.03167,1.058,1.156
GJ 1132 b,GJ 1132,1.62892911,0.0157,0.0118,583.8,19.3,5.97,1.19151465,1.83704819,3229.0,-0.17,-2.32148,0.1945,0.2211
WASP-76 b,WASP-76,1.80988198,0.033,0.0,2228.0,4104.0,0.17,20.78145022,284.13859586,6329.0,0.366,0.65418,1.458,1.756
KELT-4 A b,KELT-4 A,2.9895932,0.04317,0.0,1823.0,1840.0,0.228,19.044091,286.68266,6206.0,-0.116,0.53529,1.201,1.603
TRAPPIST-1 b,TRAPPIST-1,1.510826,0.01154,0.00622,397.6,4.153,5.441939,1.116,1.374,2566.0,0.052,-3.25727,0.0898,0.1192
TRAPPIST-1 c,TRAPPIST-1,2.421937,0.0158,0.00654,339.7,2.214,5.463993,1.097,1.308,2566.0,0.052,-3.25727,0.0898,0.1192
TRAPPIST-1 d,TRAPPIST-1,4.049219,0.02227,0.00837,286.2,1.115,4.366784,0.788,0.388,2566.0,0.052,-3.25727,0.0898,0.1192
K2-34 b,K2-34,2.9956348,0.0442,0.0,1687.0,963.566,0.94,13.75,539.67534,6168.0,0.01,0.3997,1.16,1.42
WASP-121 b,WASP-121,1.27492504,0.02571,0.0085,2409.0,6216.41,0.275,19.52604438,371.85923619,6628.0,0.17,0.64372,1.33,1.461
HIP 41378 b,HIP 41378,15.57209,0.1303,0.05,959.0,140.0,2.07,2.64,6.9,6290.0,-0.05,0.39646,1.22,1.3
HIP 41378 c,HIP 41378,31.70591,0.2093,0.044,757.0,54.0,1.6,2.74,5.97,6290.0,-0.05,0.39646,1.22,1.3
HIP 41378 d,HIP 41378,278.3618,1.17,0.063,367.0,3.01,0.74,3.65,6.53,6290.0,-0.05,0.39646,1.22,1.3
HIP 41378 e,HIP 41378,393.0,0.68,0.065,335.0,2.1,0.3,5.19,7.62,6290.0,-0.05,0.39646,1.22,1.3
HIP 41378 f,HIP 41378,542.0797,1.394,0.052,294.0,1.24,0.16,9.47,25.0,6290.0,-0.05,0.39646,1.22,1.3
HD 3167 b,HD 3167,0.95965451,0.01814,0.0,1781.0,1650.0,6.49,1.601,4.844,5338.0,0.037,-0.25727,0.864,0.871
HD 3167 c,HD 3167,29.846511,0.1794,0.04,567.0,16.9,2.36,2.983,11.41,5338.0,0.037,-0.25727,0.864,0.871
HAT-P-65 b,HAT-P-65,2.60544751,0.04042,0.304,1818.0,1821.0,0.164,18.05766791,176.07693748,5872.0,0.208,0.47276,1.297,1.666
WASP-131 b,WASP-131,5.3220125,0.0608,0.0,1460.0,995.3724,0.196277,13.74221034,86.76715511,5990.0,-0.2,0.53005,1.06,1.561
WASP-139 b,WASP-139,5.924262,0.062,0.0,910.0,120.7076,0.31,8.9672,37.18611,5310.0,0.2,-0.34535,0.92,0.8
WASP-127 b,WASP-127,4.17806203,0.0484,0.0,1400.0,703.971,0.097,14.694999,52.346601,5620.0,-0.193,0.27574,0.95,1.333
TRAPPIST-1 e,TRAPPIST-1,6.101013,0.02925,0.0051,249.7,0.646,4.901605,0.92,0.692,2566.0,0.052,-3.25727,0.0898,0.1192
TRAPPIST-1 f,TRAPPIST-1,9.20754,0.03849,0.01007,217.7,0.373,5.022904,1.045,1.039,2566.0,0.052,-3.25727,0.0898,0.1192
TRAPPIST-1 g,TRAPPIST-1,12.352446,0.04683,0.00208,197.3,0.252,5.055986,1.129,1.321,2566.0,0.052,-3.25727,0.0898,0.1192
TRAPPIST-1 h,TRAPPIST-1,18.772866,0.06189,0.00567,171.7,0.144,4.16278,0.755,0.326,2566.0,0.052,-3.25727,0.0898,0.1192
HD 106315 b,HD 106315,9.55237,0.0907,0.093,1153.0,277.0,4.7,2.44,12.6,6327.0,-0.311,0.39454,1.091,1.296
HD 106315 c,HD 106315,21.05704,0.1536,0.22,886.0,97.0,1.01,4.35,15.2,6327.0,-0.311,0.39454,1.091,1.296
LHS 1140 b,LHS 1140,24.73723,0.0946,0.043,226.0,0.43,5.9,1.73,5.6,3096.0,-0.15,-2.42022,0.1844,0.2159
KELT-11 b,KELT-11,4.73620865,0.0623,0.0,1712.0,1433.0,0.093,15.13212395,65.15482343,5375.0,0.17,0.74429,1.44,2.69
KELT-9 b,KELT-9,1.4811235,0.03368,0.0,3921.0,44900.0,0.491,21.70058664,915.34581216,9270.0,0.07,1.58995,2.32,2.418
HD 3167 d,HD 3167,8.3967,0.077,0.35,865.0,88.9,2.26,2.61,7.3,5338.0,0.037,-0.25727,0.864,0.871
WASP-107 b,WASP-107,5.7214875,0.055,0.052,736.0,51.0,0.157,10.48039695,33.02237149,4425.0,0.02,-0.87943,0.683,0.657
GJ 9827 b,GJ 9827,1.208974,0.0189,0.0,1035.01,318.0,7.858,1.44,4.28,4236.0,-0.29,-1.00436,0.62,0.58
GJ 9827 c,GJ 9827,3.648103,0.0395,0.0,715.94,73.0,7.142,1.13,1.86,4236.0,-0.29,-1.00436,0.62,0.58
GJ 9827 d,GJ 9827,6.20183,0.053,0.0,675.0,34.9,2.51,1.98,3.02,4236.0,-0.29,-1.00436,0.62,0.58
KELT-20 b,KELT-20,3.4741085,0.0542,0.0,2262.0,4362.5,0.806,19.514869,1074.90106,8720.0,-0.29,1.1038,1.76,1.565
K2-18 c,K2-18,8.962,0.06,0.47,363.0,7.0278,2.22,2.65,7.51,3457.0,0.09,-1.59688,0.359,0.411
K2-141 b,K2-141,0.2803244,0.00747,0.0,2103.0,3260.0,7.93,1.51,4.97,4570.0,0.0,-0.75,0.708,0.681
HAT-P-11 c,HAT-P-11,3361.0,4.1,0.652,91.58,0.0161,2.04,13.2,851.78013076,4653.0,0.31,-0.56702,0.811,0.683
NGTS-2 b,NGTS-2,4.511164,0.063,0.0,1468.0,1085.35,0.226,17.878355,235.1942,6478.0,-0.06,0.63077,1.64,1.702
WASP-164 b,WASP-164,1.7771255,0.02818,0.0,1610.0,1043.2122,1.96,12.643752,676.9779,5806.0,-0.01,-0.06732,0.946,0.932
LHS 1140 c,LHS 1140,3.77794,0.027,0.05,422.0,5.3,5.1,1.272,1.91,3096.0,-0.15,-2.42022,0.1844,0.2159
K2-287 b,K2-287,14.893291,0.1206,0.478,804.0,53.5814,0.63,9.494023,100.11645,5695.0,0.2,-0.10829,1.056,1.07
LHS 3844 b,LHS 3844,0.462929709,0.00624,0.0,816.0,73.67,6.15,1.286,2.37,3080.0,0.22,-2.56543,0.151,0.189
HD 15337 b,HD 15337,4.7559804,0.05245,0.058,1001.0,404.5595,6.458,1.77,6.519,5131.0,0.03,-0.32606,0.829,0.855
HD 15337 c,HD 15337,17.180546,0.1235,0.096,656.1,45.0685,2.303,2.526,6.792,5131.0,0.03,-0.32606,0.829,0.855
L 98-59 b,L 98-59,2.253114,0.0223,0.031,620.0,24.5,4.3,0.837,0.46,3415.0,-0.46,-1.91364,0.2923,0.3155
L 98-59 c,L 98-59,3.6906764,0.0309,0.002,526.0,12.7,4.7,1.329,2.0,3415.0,-0.46,-1.91364,0.2923,0.3155
L 98-59 d,L 98-59,7.450729,0.0494,0.006,416.0,4.97,2.2,1.627,1.64,3415.0,-0.46,-1.91364,0.2923,0.3155
V1298 Tau b,V1298 Tau,24.140006,0.1685,0.0079,666.0,33.2,0.09,9.41,13.1,4970.0,0.1,-0.02045,1.1,1.32
WASP-166 b,WASP-166,5.44354,0.0641,0.0,1270.0,440.0,0.54,7.06167,32.10083,6050.0,0.19,0.2826,1.19,1.22
TOI-270 b,TOI-270,3.35992,0.03197,0.0167,600.0,131.7935,3.89,1.28,1.48,3506.0,-0.17,-1.7122,0.386,0.38
TOI-270 c,TOI-270,5.66051,0.04526,0.0044,489.0,47.0639,2.7,2.33,6.2,3506.0,-0.17,-1.7122,0.386,0.38
TOI-270 d,TOI-270,11.38194,0.0721,0.0066,383.0,9.2135,2.9,2.0,4.2,3506.0,-0.17,-1.7122,0.386,0.38
GJ 357 b,GJ 357,3.9306,0.036,,518.0,12.6,5.6,1.2,1.83,3505.0,-0.12,-1.79833,0.342,0.337
GJ 357 c,GJ 357,9.1247,0.061,,401.2,4.45,4.08,1.66,3.4,3505.0,-0.12,-1.79833,0.342,0.337
GJ 357 d,GJ 357,55.661,0.204,,219.6,0.38,2.62,2.34,6.1,3505.0,-0.12,-1.79833,0.342,0.337
LTT 1445 A b,LTT 1445 A,5.3587635,0.0381,0.18,431.0,5.7,6.2,1.34,2.73,3562.0,-0.34,-2.04591,0.257,0.271
WASP-178 b,WASP-178,3.3448285,0.0558,0.0,2470.0,5550.0,0.37,20.28829,527.5978,9360.0,0.21,1.21484,2.07,1.67
V1298 Tau c,V1298 Tau,8.249164,0.0824,0.0094,953.0,146.0,0.2,5.08,4.7,4970.0,0.1,-0.02045,1.1,1.32
V1298 Tau d,V1298 Tau,12.401394,0.1081,0.0087,831.0,85.0,0.12,6.53,6.0,4970.0,0.1,-0.02045,1.1,1.32
V1298 Tau e,V1298 Tau,48.677714,0.2689,0.0124,527.0,10.0,0.08,10.17,15.3,4970.0,0.1,-0.02045,1.1,1.32
LP 791-18 b,LP 791-18,0.9479981,0.00978,0.0,564.3,24.14,5.99,1.212,1.94,2960.0,-0.09,-2.63827,0.139,0.182
LP 791-18 c,LP 791-18,4.98991,0.02961,0.0001,324.4,2.637,2.56,2.488,7.16,2960.0,-0.09,-2.63827,0.139,0.182
TOI-125 b,TOI-125,4.65382,0.05186,0.194,1037.0,185.0,2.57,2.726,9.5,5320.0,-0.02,-0.28483,0.859,0.848
TOI-125 c,TOI-125,9.15059,0.0814,0.066,827.8,77.59,1.73,2.759,6.63,5320.0,-0.02,-0.28483,0.859,0.848
L 168-9 b,L 168-9,1.40152604,0.0208,0.0,998.0,149.3748,5.18,1.63,4.07,3842.0,-0.03,-1.14086,0.614,0.604
TOI-125 d,TOI-125,19.98,0.137,0.168,638.1,26.7,2.98,2.93,13.6,5320.0,-0.02,-0.28483,0.859,0.848
HATS-48 A b,HATS-48 A,3.1316666,0.03769,0.162,954.6,137.6,0.589,8.9672,77.23269,4546.0,0.186,-0.70885,0.7279,0.7152
HATS-72 b,HATS-72,7.3279474,0.066517,0.013,739.3,49.58,0.411,8.0973816,39.855882,4656.1,0.099,-0.65896,0.7311,0.7214
NGTS-10 b,NGTS-10,0.7668944,0.0143,0.0,1508.0,3716.1785,1.43,13.89913607,687.14846,4567.0,-0.02,-0.75673,0.696,0.7
TOI-1130 b,TOI-1130,4.074554,0.0453,0.052162,825.0,78.1,2.23,3.66,19.8,4360.0,0.11,-0.85387,0.745,0.697
TOI-1130 c,TOI-1130,8.3501898,0.0731,0.0398,650.0,30.0,0.827042,13.0,336.0,4360.0,0.11,-0.85387,0.745,0.697
TOI-677 b,TOI-677,11.2365985,0.1041,0.46,1252.0,37.6345,0.955,13.11450742,392.20025424,6295.0,0.0,0.31172,1.181,1.28
LTT 3780 b,LTT 3780,0.76837931,0.01195,0.0,903.0,111.0,5.8,1.325,2.46,3358.0,0.06,-1.78252,0.381,0.38
LTT 3780 c,LTT 3780,12.252284,0.0757,0.024,359.0,2.76,3.24,2.39,8.04,3358.0,0.06,-1.78252,0.381,0.38
TOI-1338 b,TOI-1338 A,95.4001,0.4607,0.0331,254.65,0.9938,0.56,7.661,11.3,5723.2,0.01,0.32898,1.0936,1.313
AU Mic b,AU Mic,8.463446,0.07,0.07,554.8,21.2,0.49,4.79,8.99,3540.0,0.01,-0.97757,0.635,0.862
WASP-148 b,WASP-148,8.803809,0.08215,0.208,940.0,72.699,0.831,8.47398941,91.21675281,5555.0,0.099,-0.13906,0.954,0.912
WASP-148 c,WASP-148,34.524,0.2044,0.1809,590.0,17.377,0.255,13.9,124.58873554,5555.0,0.099,-0.13906,0.954,0.912
NGTS-11 b,NGTS-11,35.45533,0.201,0.13,435.0,9.242,0.78,9.157753,109.33352,5050.0,0.22,-0.39518,0.862,0.832
TOI-849 b,TOI-849,0.765548,0.0155,0.0,1932.0,2314.06,5.6,3.64,41.8,5257.0,0.19,-0.2184,0.97,0.97
TOI-700 b,TOI-700,9.977219,0.0677,0.075,417.0,4.98,5.07,0.914,0.704,3459.0,-0.07,-1.64016,0.415,0.421
TOI-700 c,TOI-700,16.051137,0.0929,0.068,356.0,2.64,2.27,2.6,7.27,3459.0,-0.07,-1.64016,0.415,0.421
TOI-700 d,TOI-700,37.42396,0.1633,0.042,268.8,0.85,5.56,1.073,1.25,3459.0,-0.07,-1.64016,0.415,0.421
HIP 67522 b,HIP 67522,6.9594731,0.0748,0.064,1175.0,341.0878,0.394,9.9872018,71.4,5675.0,0.0,0.24304,1.22,1.38
TOI-1899 b,TOI-1899,29.090312,0.1525,0.044,378.0,3.4,0.85,11.09689089,212.94503269,3926.0,0.28,-1.05685,0.632,0.607
HD 86226 c,HD 86226,3.98442,0.049,0.075,1311.0,647.901,3.97,2.16,7.25,5863.0,0.018,0.07188,1.019,1.053
WD 1856+534 b,WD 1856+534,1.4079405,0.0204,0.0,163.0,0.181,21.4,10.4,4386.054,4710.0,,-4.12,0.518,0.0131
LTT 9779 b,LTT 9779,0.792052,0.01679,0.0,1978.0,1781.1556,1.536,4.72,29.32,5443.0,0.27,-0.16749,1.02,0.949
TOI-824 b,TOI-824,1.392978,0.02177,,1253.0,412.0,4.03,2.926,18.467,4600.0,-0.092,-0.70997,0.71,0.695
TOI-421 b,TOI-421,5.197576,0.0554,0.13,922.0,154.57,2.040038,2.64,6.7,5291.0,-0.044,-0.26777,0.833,0.866
TOI-421 c,TOI-421,16.067541,0.117,0.19,635.0,34.32,0.589957,5.09,14.1,5291.0,-0.044,-0.26777,0.833,0.866
GJ 3473 b,GJ 3473,1.1980035,0.01589,0.0,773.0,59.4,5.03,1.264,1.86,3347.0,0.11,-1.82391,0.36,0.364
GJ 3473 c,GJ 3473,15.509,0.0876,0.0,329.1,1.95,2.24,2.63,7.41,3347.0,0.11,-1.82391,0.36,0.364
WASP-107 c,WASP-107,1091.0,,0.315,,,0.278,13.0,111.23994245,4425.0,0.02,-0.87943,0.683,0.657
TOI-776 b,TOI-776,8.24662,0.0653,0.052,520.0,11.5,4.8,1.798,5.0,3725.0,-0.21,-1.3098,0.542,0.547
TOI-776 c,TOI-776,15.665323,0.1001,0.089,420.0,4.9,4.4,2.047,6.9,3725.0,-0.21,-1.3098,0.542,0.547
TOI-561 b,TOI-561,0.4465697,0.01064,0.0,2319.0,4709.0,4.1,1.397,2.02,5342.0,-0.41,-0.28233,0.806,0.843
TOI-561 c,TOI-561,10.778838,0.0889,0.023,802.0,67.5,1.3,2.865,5.93,5342.0,-0.41,-0.28233,0.806,0.843
TOI-561 d,TOI-561,25.71268,0.1587,0.111,600.0,21.2,4.1,2.615,13.33,5342.0,-0.41,-0.28233,0.806,0.843
TOI-561 e,TOI-561,77.144,0.33,0.074,416.0,4.89,4.3,2.517,12.4,5342.0,-0.41,-0.28233,0.806,0.843
TOI-451 b,TOI-451,1.8587033,0.0274,0.0,1474.0,786.0,4.1,1.84,4.7,5490.0,0.02,-0.22915,0.93,0.85
TOI-451 c,TOI-451,9.192463,0.0795,0.0,865.0,93.0,0.81,2.93,3.7,5490.0,0.02,-0.22915,0.93,0.85
TOI-451 d,TOI-451,16.364962,0.1168,0.0,714.0,43.2,0.92,3.93,10.2,5490.0,0.02,-0.22915,0.93,0.85
TOI-178 b,TOI-178,1.9145601,0.02607,,1040.0,200.1045,3.142761,1.2,0.96,4316.0,-0.23,-0.86646,0.647,0.662
TOI-178 c,TOI-178,3.238486,0.037,0.00032,873.0,97.6159,4.796846,1.754,4.64,4316.0,-0.23,-0.86646,0.647,0.662
TOI-178 d,TOI-178,6.557569,0.0592,0.0068,690.0,24.9125,1.461108,2.695,5.2,4316.0,-0.23,-0.86646,0.647,0.662
TOI-178 e,TOI-178,9.96318,0.0783,0.00038,600.0,21.8202,1.582408,2.301,3.48,4316.0,-0.23,-0.86646,0.647,0.662
TOI-178 f,TOI-178,15.23335,0.1039,0.00045,521.0,0.6071,2.216474,2.417,5.63,4316.0,-0.23,-0.86646,0.647,0.662
TOI-178 g,TOI-178,20.71663,0.1275,0.00043,470.0,19.4978,0.959369,2.939,4.4,4316.0,-0.23,-0.86646,0.647,0.662
GJ 486 b,GJ 486,1.46712127,0.01714,0.00086,696.3,39.2,6.66,1.289,2.77,3317.0,-0.15,-1.93892,0.312,0.3243
LHS 1478 b,LHS 1478,1.9495378,0.01848,,595.0,23.3722,6.67,1.242,2.33,3381.0,-0.13,-2.14569,0.236,0.246
TOI-1231 b,TOI-1231,24.245586,0.1288,0.087,329.6,1.93,1.74,3.65,15.4,3553.0,0.041,-1.48678,0.485,0.476
TOI-674 b,TOI-674,1.977143,0.025,0.0,635.0,38.4,0.91,5.25,23.6,3514.0,0.17,-1.61439,0.42,0.42
TOI-1685 b,TOI-1685,0.66913923,0.01164,0.0,1000.0,213.0,5.3,1.421,3.07,3470.0,0.01,-1.51856,0.466,0.462
TOI-1807 b,TOI-1807,0.54937097,0.0122,0.0,1694.1,1407.22,3.98,1.49681583,2.44,4914.0,0.044,-0.53313,0.8048,0.746
TOI-2076 b,TOI-2076,10.35504,0.08781,0.0114,736.0,49.4,2.08,2.59,6.7,5187.0,-0.09,-0.42285,0.849,0.758
TOI-2076 c,TOI-2076,21.01447,0.1407,0.036,581.0,32.7,0.87,3.54,7.2,5187.0,-0.09,-0.42285,0.849,0.758
TOI-2076 d,TOI-2076,35.12803,0.1982,0.027,490.0,16.5,1.12,3.27,7.3,5187.0,-0.09,-0.42285,0.849,0.758
AU Mic c,AU Mic,18.859023,0.119,0.18,424.7,7.3,3.9,2.79,14.46,3540.0,0.01,-0.97757,0.635,0.862
TOI-431 b,TOI-431,0.490047,0.0113,0.0,1862.0,2120.4475,8.0,1.28,3.07,4850.0,0.2,-0.56509,0.78,0.731
TOI-431 c,TOI-431,4.8494,0.052,0.0,867.0,100.6717,4.7,1.49,2.83,4850.0,0.2,-0.56509,0.78,0.731
TOI-431 d,TOI-431,12.46103,0.098,0.0,633.0,28.3588,1.36,3.29,9.9,4850.0,0.2,-0.56509,0.78,0.731
L 98-59 e,L 98-59,12.8278,0.0712,0.012,347.0,2.4,5.2,1.49,2.82,3415.0,-0.46,-1.91364,0.2923,0.3155
HD 63935 b,HD 63935,9.058807,0.083,0.0,825.22,115.6,2.32,2.91575244,10.5,5513.0,0.107,-0.11464,0.9406,0.9598
HD 63935 c,HD 63935,21.4027,0.148,0.0,619.59,36.7,2.11,3.06451296,11.1,5513.0,0.107,-0.11464,0.9406,0.9598
GJ 367 b,GJ 367,0.3219226,0.0071,0.0,1329.0,579.0,6.9,0.736,0.503,3535.0,-0.01,-1.54061,0.451,0.457
TOI-2109 b,TOI-2109,0.67247414,0.01791,,3646.0,14429.0,2.55,15.098497,1595.49860314,6540.0,0.068,0.67302,1.453,1.698
HATS-75 b,HATS-75,2.7886556,0.032742,0.064,772.3,59.26,0.878,9.90873894,156.05374784,3790.4,0.522,-1.19661,0.6017,0.5848
LTT 1445 A c,LTT 1445 A,3.1239035,0.02661,0.223,508.0,10.9,5.57,1.147,1.54,3340.0,-0.34,-2.04591,0.257,0.265
TOI-500 b,TOI-500,0.548177,0.01189,0.063,1617.0,1138.0,4.89,1.166,1.42,4440.0,0.12,-0.70002,0.74,0.678
TOI-1075 b,TOI-1075,0.6047328,0.01159,0.0,1323.0,509.2,9.32,1.791,9.95,3875.0,-0.08,-1.14436,0.604,0.581
TOI-1442 b,TOI-1442,0.4090677,0.0071,,1072.0,207.0242,5.87,1.17,1.71,3330.0,,-1.97722,0.29,0.31
TOI-2260 b,TOI-2260,0.3524728,0.0097,,2609.0,1844.98,4.21,1.62,3.26,5534.0,0.22,-0.19851,0.99,0.94
TOI-2445 b,TOI-2445,0.3711281,0.0064,,1060.0,204.4874,5.91,1.25,2.1,3333.0,,-2.08408,0.25,0.27
GJ 3929 b,GJ 3929,2.616235,0.0252,0.0,568.0,17.3,7.3,1.09,1.75,3384.0,-0.02,-1.96257,0.313,0.32
WASP-189 b,WASP-189,2.724033,0.05053,0.0,3353.0,8083.7169,0.621987,18.14733975,632.47852993,8000.0,0.29,1.31471,2.03,2.36
TOI-1670 b,TOI-1670,10.98462,0.103,0.59,1062.0,196.694,8.6,2.06,41.31769291,6170.0,0.09,0.40046,1.21,1.316
TOI-1670 c,TOI-1670,40.74976,0.249,0.09,684.0,14.5514,0.81,11.06326395,200.23189641,6170.0,0.09,0.40046,1.21,1.316
TOI-500 c,TOI-500,6.6356,,0.072,,,3.03,2.09,5.03,4440.0,0.12,-0.70002,0.74,0.678
TOI-500 d,TOI-500,26.233,,0.016,,,0.711,6.35,33.12,4440.0,0.12,-0.70002,0.74,0.678
TOI-500 e,TOI-500,61.3,,0.073,,,1.3,3.99,15.05,4440.0,0.12,-0.70002,0.74,0.678
HD 260655 b,HD 260655,2.76953,0.02933,0.039,709.0,42.2,6.2,1.24,2.14,3803.0,-0.43,-1.43997,0.439,0.439
HD 260655 c,HD 260655,5.70588,0.04749,0.038,557.0,16.1,4.7,1.533,3.09,3803.0,-0.43,-1.43997,0.439,0.439
TOI-3714 b,TOI-3714,2.154849,0.027,0.03,750.0,54.0,0.85,11.32107051,222.4798849,3660.0,0.1,-1.40671,0.53,0.51
GJ 3929 c,GJ 3929,15.04,0.081,0.0,317.0,1.68,2.72,2.26,5.71,3384.0,-0.02,-1.96257,0.313,0.32
GJ 3090 b,GJ 3090,2.85310198,0.0316,0.25,723.0,45.4,2.4,2.18,4.52,3707.0,0.12,-1.34199,0.519,0.516
TOI-181 b,TOI-181,4.532,0.0539,0.1543,895.1,102.43,0.7562,6.9559,46.1687,4994.0,0.272,-0.52578,0.822,0.745
TOI-199 b,TOI-199,104.854,0.4254,0.09,325.0,8.5419,0.397,9.07927437,54.03082919,5255.0,0.22,-0.33819,0.936,0.82
TOI-700 e,TOI-700,27.80978,0.134,0.059,272.9,1.27,5.19,0.953,0.818,3459.0,-0.07,-1.64016,0.415,0.421
TOI-771 b,TOI-771,2.3260155,0.0208,0.055,543.0,14.0,5.4,1.36,2.47,3370.0,-0.13,-2.20343,0.22,0.232
TOI-836.01,TOI-836,8.59545,0.075,0.078,665.0,26.707,3.06,2.587,9.6,4552.0,-0.284,-0.85276,0.678,0.665
TOI-836 b,TOI-836,3.81673,0.0422,0.053,871.0,78.838,5.02,1.704,4.53,4552.0,-0.284,-0.85276,0.678,0.665
LHS 475 b,LHS 475,2.029088,0.02037,0.0,586.0,20.8,5.31,0.991,0.941,3300.0,,-2.06449,0.262,0.2789
TOI-1136 d,TOI-1136,12.5199,0.1062,0.042,843.0,626.362,1.81,4.627,8.35,5770.0,0.07,-0.02687,1.022,0.968
TOI-1136 c,TOI-1136,6.2574,0.0669,0.11,1062.0,232.392,1.45,2.879,6.32,5770.0,0.07,-0.02687,1.022,0.968
TOI-1136 f,TOI-1136,26.321,0.174,0.001,658.0,26.4328,0.89,3.73591482,9.7,5770.0,0.07,-0.02687,1.022,0.968
TOI-1136 e,TOI-1136,18.801,0.14,0.0425,737.0,48.4771,1.81,2.639,6.07,5770.0,0.07,-0.02687,1.022,0.968
TOI-1173 b,TOI-1173,7.0643971,0.071,0.037,868.0,132.0,0.23,8.77663189,28.28672822,5350.0,0.191,-0.16877,0.911,0.934
TOI-1416 b,TOI-1416,1.0697568,0.019,0.0,1517.0,883.0,4.5,1.62,3.48,4884.0,0.08,-0.46008,0.798,0.793
TOI-1420 b,TOI-1420,6.9561063,0.071,0.17,957.0,139.0,0.082,11.89,25.1,5510.0,0.28,-0.15181,0.987,0.923
TOI-1468 c,TOI-1468,15.532477,0.08608,0.111,338.1,2.13,2.31,2.126,4.1,3376.0,-0.01,-1.7921,0.3527,0.3714
TOI-1468 b,TOI-1468,1.8805201,0.02107,0.0099,683.5,36.4,6.1,1.401,3.04,3376.0,-0.01,-1.7921,0.3527,0.3714
HIP 9618 b,HIP 9618,20.772858,0.145,0.0,640.88,40.3,0.81,3.82838127,8.3,5649.0,-0.018,-0.0716,0.942,0.9593
HIP 9618 c,HIP 9618,52.56363,0.269,0.0,470.31,11.7,1.0,3.42855926,7.0,5649.0,-0.018,-0.0716,0.942,0.9593
TOI-1801 b,TOI-1801,10.64387,0.075,0.0,493.7,10.7276,3.701,2.079,5.738,3863.0,-0.19,-1.23003,0.556,0.547
TOI-1823 b,TOI-1823,38.8,0.212,0.0,423.63,9.2972,0.86,7.5406241,67.4,4927.0,0.243,-0.46092,0.8414,0.8049
TOI-2031 A b,TOI-2031 A,5.71548654,0.066,0.076,1358.0,567.0,0.49,14.20177855,254.2627256,6490.0,-0.24,0.39094,1.174,1.241
TOI-2134 b,TOI-2134,9.229198,0.07803,0.067,660.0,32.0,2.52,2.735,9.37,4580.0,0.12,-0.7167,0.744,0.709
TOI-2134 c,TOI-2134,95.85284,0.3715,0.3125,302.0,1.4,0.81,7.35,58.3,4580.0,0.12,-0.7167,0.744,0.709
TOI-2374 b,TOI-2374,4.3136193,0.04818,0.13,926.0,122.9,0.803,7.48759911,61.65871096,5002.0,0.128,-0.54516,0.802,0.711
TOI-2431 b,TOI-2431,0.22419578,0.0063,0.0,2063.0,2649.15,9.4,1.534,6.2,4109.0,-0.02,-0.96257,0.661,0.651
TOI-3235 b,TOI-3235,2.59261842,0.02709,0.029,604.0,13.8883,0.78,11.39953337,211.35589065,3388.8,0.264,-1.78968,0.3939,0.3697
TOI-3757 b,TOI-3757,3.438753,0.03845,0.14,759.0,55.4,0.27,12.0,85.3,3913.0,0.0,-1.06048,0.64,0.62
TOI-3884 b,TOI-3884,4.5445828,0.0361,0.06,441.0,6.29,0.67,6.43,32.59,3180.0,0.04,-2.03152,0.298,0.302
TOI-3984 A b,TOI-3984 A,4.353326,0.041,0.23,563.0,16.7,0.49,7.9,44.0,3476.0,0.18,-1.57408,0.49,0.47
TOI-4010 c,TOI-4010,5.414654,0.058,0.03,907.0,112.0,0.5,5.93,20.31,4960.0,0.37,-0.3996,0.88,0.83
TOI-4010 d,TOI-4010,14.70886,0.113,0.07,650.0,30.0,0.9,6.18,38.15,4960.0,0.37,-0.3996,0.88,0.83
TOI-4010 b,TOI-4010,1.348335,0.0229,0.03,1441.0,714.0,2.2,3.02,11.0,4960.0,0.37,-0.3996,0.88,0.83
LP 890-9 b,LP 890-9,2.7299025,0.01875,,396.0,4.09,,1.32,13.2,2850.0,-0.028,-2.84134,0.118,0.1556
TOI-4336 A b,TOI-4336 A,16.336351,0.0849,0.0,309.4,1.53,1.87,2.137,3.33,3307.0,0.14,-1.95861,0.306,0.326
HD 20329 b,HD 20329,0.926118,0.018,0.0,2141.0,3474.0,8.06,1.72,7.42,5596.0,-0.07,0.04922,0.9,1.13
Kepler-167 e,Kepler-167,1071.23205,1.883,0.29,134.4,0.1,1.68,10.16,321.00669107,4884.0,0.02,-0.5391,0.777,0.749
TOI-5205 b,TOI-5205,1.630757,0.0199,0.02,737.0,49.0,1.21,11.6,343.0,3430.0,0.0,-1.7122,0.392,0.394
Kepler-167 c,Kepler-167,7.406106,0.0684,0.0,771.0,61.175,4.03,1.674,3.44,4884.0,0.02,-0.5391,0.777,0.749
TOI-5293 A b,TOI-5293 A,2.930289,0.034,0.38,675.0,34.6,0.56,11.9,170.4,3586.0,-0.03,-1.37414,0.54,0.52
KOI-94 d,KOI-94,22.342989,0.1684,0.022,806.0,97.12,0.363,11.27,106.0,6182.0,0.0228,0.479,1.277,1.52
LP 890-9 c,LP 890-9,8.457463,0.03984,,272.0,0.906,,1.367,25.3,2850.0,-0.028,-2.84134,0.118,0.1556
HD 3167 e,HD 3167,91.9,0.3797,0.128,389.0,3.8357,1.31,3.97,14.9,5338.0,0.037,-0.25727,0.864,0.871
TOI-1136 b,TOI-1136,4.1727,0.05106,0.027,1216.0,360.5506,2.8,1.9,3.5,5770.0,0.07,-0.02687,1.022,0.968
TOI-1136 g,TOI-1136,39.545,0.229,0.04,574.0,17.9249,1.9,2.53,5.6,5770.0,0.07,-0.02687,1.022,0.968
TOI-1338 c,TOI-1338 A,215.79,0.794,0.037,354.89,3.3833,0.379,10.3,75.4,5723.2,0.01,0.32898,1.0936,1.313
WASP-84 c,WASP-84,1.4468849,0.02359,,1329.0,1452.18,11.2,1.95,15.2,5280.0,0.0,-0.325,0.853,0.768
TOI-6109 c,TOI-6109,8.538878,0.0786,,786.0,63.3913,1.01,4.8326,20.8,5660.0,0.0895,-0.05453,1.03,1.021
TOI-6255 b,TOI-6255,0.23818244,,0.0,1256.46,588.9944,6.3,1.079,1.44,3421.0,-0.14,-1.77344,0.353,0.37
WASP-193 b,WASP-193,6.2463475,0.0668,0.081,1250.0,402.0,0.06,14.78464554,35.59678158,6080.0,-0.108,0.26007,1.018,1.213
LP 791-18 d,LP 791-18,2.75485,0.01992,0.0011,395.5,5.83,4.56,1.032,0.91,2960.0,-0.09,-2.63827,0.139,0.182
TOI-6324 b,TOI-6324,0.279221,,0.0,1216.0,284.211,5.41,1.059,1.17,3247.0,-0.32,-1.99802,0.269,0.293
HD 207496 b,HD 207496,6.441008,0.0629,0.231,743.0,72.9,3.17,2.25,6.1,4819.0,0.095,-0.50858,0.8,0.769
TOI-4010 e,TOI-4010,762.0,1.57,0.26,174.0,0.15,1.62,13.3,692.0,4960.0,0.37,-0.3996,0.88,0.83
GJ 367 c,GJ 367,11.5301,,0.09,,,3.53,1.86,4.13,3522.0,-0.01,-1.5391,0.455,0.458
GJ 367 d,GJ 367,34.369,,0.14,,,2.62,2.33,6.03,3522.0,-0.01,-1.5391,0.455,0.458
TOI-6109 b,TOI-6109,5.690476,0.0599,,700.0,39.9451,1.0,4.8704,21.1,5660.0,0.0895,-0.05453,1.03,1.021
TOI-199 c,TOI-199,273.69,0.807,0.096,255.43,0.7048,0.33,11.4,88.99195396,5255.0,0.22,-0.33819,0.936,0.82
AU Mic e,AU Mic,33.11,,,,,1.0,4.87,21.1,3665.0,0.12,-0.99,0.6,0.82
AU Mic d,AU Mic,12.73596,,0.00305,,,5.45,1.02,1.053,3678.0,0.23,-1.0381,0.51,0.744
GJ 806 b,GJ 806,0.9263237,0.01406,,940.0,130.0,4.4,1.331,1.9,3600.0,-0.28,-1.58528,0.413,0.4144
GJ 806 c,GJ 806,6.64064,0.0523,,490.0,9.5,2.69,2.28,5.8,3600.0,-0.28,-1.58528,0.413,0.4144
HD 110067 b,HD 110067,9.113678,0.0793,,800.0,69.0579,2.94,2.2,5.69,5266.0,-0.2,-0.36224,0.798,0.788
HD 110067 c,HD 110067,13.673694,0.1039,,699.0,40.228,,2.388,6.3,5266.0,-0.2,-0.36224,0.798,0.788
HD 110067 d,HD 110067,20.519617,0.1362,,602.0,23.4102,2.02,2.852,8.52,5266.0,-0.2,-0.36224,0.798,0.788
HD 110067 e,HD 110067,30.793091,0.1785,,533.0,13.6296,,1.94,3.9,5266.0,-0.2,-0.36224,0.798,0.788
HD 110067 f,HD 110067,41.05854,0.2163,,489.0,9.2821,1.57,2.601,5.04,5266.0,-0.2,-0.36224,0.798,0.788
HD 110067 g,HD 110067,54.76992,0.2621,,440.0,6.3216,,2.607,8.4,5266.0,-0.2,-0.36224,0.798,0.788
GJ 341 b,GJ 341,7.57686,,0.0,629.0,13.8,,0.88,4.0,3770.0,-0.16,-1.31072,0.48,0.5066
TOI-6894 b,TOI-6894,3.37077196,0.02604,0.029,417.9,5.54,0.334,9.5836785,53.39517238,3007.0,0.142,-2.42597,0.207,0.2276
IRAS 04125+2902 b,IRAS 04125+2902,8.834978,0.077,,854.0,41.4199,0.359,10.73820351,80.8,4080.0,,-0.33161,0.7,1.45
HIP 67522 c,HIP 67522,14.334892,0.1228,0.077,917.0,116.049,0.531,7.93595834,48.3,5675.0,0.0,0.24304,1.22,1.38
Kepler-51 e,Kepler-51,264.284,,0.02,,,2.86,2.18,5.4,5674.0,0.047,-0.1417,0.96,0.87
TOI-771 c,TOI-771,7.61,0.046,0.065,365.0,3.0,4.67,1.5,2.87,3370.0,-0.13,-2.20343,0.22,0.232
TOI-2076 e,TOI-2076,3.0223753,0.03863,0.0,1110.0,253.1032,11.5,1.301,4.7,5187.0,-0.09,-0.42285,0.849,0.758
L 98-59 f,L 98-59,23.064,0.1052,0.044,285.0,1.1,5.0,1.48,2.8,3415.0,-0.46,-1.91364,0.2923,0.3155
HIP 41378 g,HIP 41378,63.19,,0.055,605.0,22.3,2.39,2.5,6.81,6290.0,-0.05,0.39646,1.22,1.3
55 Cnc B b,55 Cnc B,6.7994,0.044,0.0,395.41,4.0271,3.98,1.69,3.5,3286.0,0.16,-2.10811,0.26,0.274
55 Cnc B c,55 Cnc B,33.747,0.13,0.0,230.04,0.4613,2.89,2.16,5.3,3286.0,0.16,-2.10811,0.26,0.274
GJ 3090 c,GJ 3090,15.9407,0.0997,0.0,407.2,4.58,1.77,3.14,10.0,3707.0,0.12,-1.34199,0.519,0.516
TOI-4336 A c,TOI-4336 A,7.587266,0.05092,0.0,399.5,4.24,4.35,1.251,1.55,3307.0,0.14,-1.95861,0.306,0.326
TOI-260 b,TOI-260,13.475853,0.0943,0.0,493.0,10.1838,4.66,1.71,4.23,4026.0,-0.47,-1.05899,0.616,0.607
HD 278555 b,HD 278555,28.842438,0.1985,0.085,853.0,79.4371,1.09,11.02963701,266.97586188,6047.0,0.269,0.49554,1.255,1.624
Kepler-12 b,Kepler-12,4.4379629,0.0553,0.0,1480.0,877.539,0.11,19.660586,137.30256,5947.0,0.07,0.44933,1.166,1.483
KOI-94 b,KOI-94,3.743208,0.05119,0.25,1486.0,1053.181,10.1,1.71,10.5,6182.0,0.0228,0.479,1.277,1.52
Kepler-167 d,Kepler-167,21.80379,0.1404,0.0,538.0,14.489,5.97,1.238,2.06,4884.0,0.02,-0.5391,0.777,0.749
Kepler-51 d,Kepler-51,130.194,0.509,0.008,381.0,2.466,0.046,9.7,7.6,6018.0,0.05,-0.1417,1.04,0.94
Kepler-51 c,Kepler-51,85.312,0.384,0.014,439.0,4.331,0.03,9.0,4.0,6018.0,0.05,-0.1417,1.04,0.94
Kepler-51 b,Kepler-51,45.154,0.2514,0.04,543.0,10.119,0.03,7.1,2.1,6018.0,0.05,-0.1417,1.04,0.94
Kepler-167 b,Kepler-167,4.3931539,0.04825,0.0,918.0,122.502,3.9,1.718,3.6,4884.0,0.02,-0.5391,0.777,0.749
KOI-94 c,KOI-94,10.423648,0.1013,0.43,1012.0,268.219,0.91,4.32,15.6,6182.0,0.0228,0.479,1.277,1.52
KOI-94 e,KOI-94,54.32031,0.3046,0.019,584.0,29.7,0.6,6.56,35.0,6182.0,0.0228,0.479,1.277,1.52
PH2 b,PH2,282.52542,0.833,0.215,295.1,1.2,0.58,9.33708092,87.08498352,5734.0,0.017,-0.05849,0.966,0.949
K2-33 b,K2-33,5.424865,0.0409,0.0,850.0,89.6695,,5.04,1175.971,3540.0,,-0.82391,0.56,1.05
HAT-P-11 b,HAT-P-11,4.888,0.05258,0.251,838.0,100.77,1.172,4.36,25.0,4653.0,0.31,-0.56702,0.811,0.683
K2-136 b,K2-136,7.97525,0.0707,0.14,610.0,33.5,24.0,1.014,4.3,4500.0,-0.02,-0.7765,0.742,0.677
HAT-P-52 b,HAT-P-52,2.7535953,0.03694,0.047,1218.0,227.759,0.98,11.309881,259.98494,5131.0,0.28,-0.30452,0.887,0.893
TOI-4747 b,TOI-4747,5.21924158592,,,1035.0,190.795,1.31,3.95803201,14.8,5595.08,,-0.03529,1.01,0.988751
Kepler-891 b,Kepler-891,53.44945593,0.2881,0.0,486.0,44.326,0.701,6.41,33.6,5887.0,0.09,0.58754,1.06,1.07
Kepler-1159 b,Kepler-1159,22.70816791,0.1603,0.0,677.0,80.984,2.56,2.37,6.21,6217.0,0.04,0.29847,1.19,1.28
HATS-18 b,HATS-18,0.83784,0.0174,0.166,2069.48,2990.0,1.1169,14.896761,629.144485,5600.0,0.28,-0.03152,1.037,1.02
GJ 676 A e,GJ 676 A,35.47358,0.181,0.152,351.55,2.7678,2.43,2.47,6.67439655,3734.0,0.23,-1.04251,0.626,0.69
Kepler-48 c,Kepler-48,9.67395,0.08633,0.0,736.0,67.593,4.01,2.71,14.61,5194.0,0.17,-0.28926,0.88,0.89
Kepler-889 b,Kepler-889,3.744439,0.04975,0.0,1328.0,954.588,5.6,1.09,1.32,5961.0,0.19,0.38344,1.14,1.25
HR 2562 b,HR 2562,,22.2,0.34,1255.0,0.0069,,12.44199,6992.224954,6597.0,0.02,0.53147,1.3,1.334
Kepler-1804 b,Kepler-1804,12.28849983,0.1017,0.0,913.0,164.61,4.3,1.59615726,3.18,5109.0,0.1,-0.51152,0.929,1.671
Kepler-1188 b,Kepler-1188,17.1369543,0.135,0.0,775.0,165.573,3.04,2.08,4.98,5913.0,0.0,0.39786,1.04,1.06
HD 21411 b,HD 21411,84.288,0.362,0.4,408.17,4.1365,0.42,9.52,65.9,5605.0,-0.265,-0.26595,0.89,0.825605
Kepler-1281 b,Kepler-1281,3.11602791,0.0415,0.0,1123.0,375.55,4.15,1.64,3.33,5353.0,-0.04,-0.292,0.87,0.83
Kepler-128 b,Kepler-128,15.0,0.12545,0.0,968.0,227.398,7.222837,1.421,3.79,6072.0,-0.03,0.57542,1.184,1.659
Kepler-1693 b,Kepler-1693,12.0999,0.1011,0.0,807.0,100.37,5.67,1.28938413,2.21,5432.34,0.026,-0.21808,0.95,0.878295
Kepler-104 b,Kepler-104,11.427548,0.094,0.0,852.0,119.907,4.064848,3.1,19.6,5711.0,-0.42,0.08926,0.818,1.349
Kepler-1849 b,Kepler-1849,57.29290009,0.2597,0.0,355.0,3.76,2.54,2.38685349,6.29,4806.0,-0.1,-0.66231,0.709,0.729
Kepler-1036 b,Kepler-1036,122.8808058,0.47726,0.0,326.0,2.821,1.88,3.01,9.32,5533.0,0.04,-0.20151,0.95,0.89
Kepler-419 c,Kepler-419,675.47,1.68,0.184,315.55,1.8888,6.37,12.6,2320.1,6430.0,0.176,0.7268,1.39,1.74
2MASS J22362452+4751425 b,2MASS J22362452+4751425,,230.0,,10.3,0.0,11.7,12.3,3972.875,4045.0,,-1.02143,0.6,0.641152
Kepler-1191 b,Kepler-1191,5.60014851,0.0587,0.0,952.0,167.184,4.61,1.51,2.89,5308.0,-0.08,-0.22611,0.85,0.81
Kepler-511 c,Kepler-511,26.62949944,0.17177,0.0,742.0,101.6,1.22,4.20964327,16.5,5866.0,-0.2,0.49754,0.958,1.417
XO-5 b,XO-5,4.1877558,0.0515,0.0,1230.0,397.4799,1.06,12.78,378.2,5430.0,0.05,-0.06,1.04,1.13
Kepler-1825 b,Kepler-1825,1.025869966,0.0187,0.0,1520.0,1264.7,4.99,1.42200732,2.61,5123.0,0.14,-0.53158,0.828,0.847
Kepler-1074 b,Kepler-1074,5.94566534,0.0536,0.0,568.0,27.569,5.91,1.25,2.1,4002.0,-0.06,-1.12071,0.6,0.57
pi Men c,HD 39091,6.2678399,0.06839,0.0,1169.8,309.0,2.8,2.0189,3.63,5998.0,0.09,0.15836,1.07,1.17
TIC 183374187 b,TIC 183374187,5.05907,,0.506,1379.0,,0.35,14.03364384,177.98390792,5768.0,-0.39,0.23952,0.853,1.344
GJ 1061 d,GJ 1061,13.066,0.054,0.04,242.03,0.6,5.88,1.16,1.67,2953.0,-0.08,-2.76955,0.12,0.156
Kepler-1987 d,Kepler-1987,5.644914154,0.0571,0.0,744.0,72.38,2.21,2.66,7.56,4769.0,0.12,-0.61631,0.799,0.714
Kepler-245 b,Kepler-245,7.49019,0.071,0.0,753.0,77.749,0.12,2.57,146.78,5100.0,0.12,-0.39579,0.856,0.795
Kepler-131 c,Kepler-131,25.5169,0.17391,0.0,615.0,35.736,77.7,0.84,8.25,5685.0,0.12,0.02191,1.02,1.03
Kepler-144 c,Kepler-144,10.104665,0.094,0.0,1046.0,207.247,5.34,1.35,2.39,6075.0,-0.1848,0.28203,1.154,1.235
HD 93385 c,HD 93385,13.18,0.112,0.2,937.43,128.3482,2.33,2.56,7.1,5977.0,0.02,0.20683,1.04,1.18484
Kepler-431 c,Kepler-431,8.703,0.0847,0.0,951.0,415.545,4.22,0.668,0.229,6004.0,0.07,0.49839,1.071,1.092
HD 106270 b,HD 106270,1888.0,3.34,0.185,237.07,0.511,10.4,12.4,3623.2438398,5509.0,0.06,0.75587,1.39,2.66
TOI-5720 b,TOI-5720,1.4344555,0.018288,,708.0,41.7,,1.09,4.3,3325.0,0.03,-1.79183,0.383,0.383
Kepler-203 d,Kepler-203,11.32972,0.1,0.0,855.0,121.816,62.4,1.44,33.9,5821.0,0.08,0.0937,1.06,1.114
Kepler-230 c,Kepler-230,91.773242,0.38,0.0,359.0,2.976,3.12,2.04,4.82,5588.0,-0.21,-0.36784,0.784,0.817
Kepler-1091 b,Kepler-1091,1.434741564,0.0252,0.0,1664.0,1740.858,4.82,1.46,2.73,5851.0,0.0,0.07961,1.01,1.03
Kepler-1129 b,Kepler-1129,24.3397804,0.16481,0.0,737.0,32.265,1.92,2.96,9.06,5831.0,-0.04,-0.0274,1.0,1.0
Kepler-472 b,Kepler-472,4.176255514,0.04823,0.0,876.0,139.236,1.73,3.22,10.5,4996.0,0.16,-0.51255,0.85,0.78
Kepler-1275 b,Kepler-1275,3.65691115,0.0488,0.0,1368.0,822.484,4.73,1.48,2.79,6296.0,0.04,0.31503,1.23,1.36
Kepler-1690 b,Kepler-1690,234.636,0.7097,0.0,267.0,1.2,2.05,2.81109223,8.3,5404.0,0.0,-0.24308,0.94,0.862346
HD 75898 c,HD 75898,6717.0,7.39,0.08,135.2,0.0528,7.41,12.6,2698.36317543,6122.0,0.29,0.46,1.295,1.55
K2-386 b,K2-386,7.473223,,,,,2.64,2.32,5.99,5749.0,0.074,-0.01919,0.911,0.97
TOI-7510 c,TOI-7510,22.5687423,0.1595,0.0091,702.0,92.4087,0.573,10.81,131.0,5720.0,0.25,0.01115,1.063,1.035
Kepler-1342 b,Kepler-1342,2.215710358,0.0313,0.0,1283.0,559.275,4.07,1.66,3.39,5527.0,0.03,-0.26092,0.93,0.9
WASP-174 b,WASP-174,4.2337005,0.05503,0.0,1528.0,901.9,0.135,16.10730527,104.88337431,6399.0,0.06,0.43616,1.24,1.347
Kepler-1713 b,Kepler-1713,18.01160049,0.14185,0.0,900.0,144.3,3.9,1.71673535,3.59,6477.0,0.1,0.48598,1.3,1.459
Kepler-1121 b,Kepler-1121,13.15141081,0.11818,0.0,1008.0,205.272,3.4,1.91,4.31,6231.0,0.12,0.47495,1.29,1.59
Kepler-197 c,Kepler-197,10.349695,0.09,0.08,930.0,189.965,15.7,1.23,5.3,6004.0,-0.441,0.22187,0.857,1.12
TOI-1294 b,TOI-1294,3.915292,0.051,0.0,1392.74,311.498,0.34,10.12369881,63.9,5718.0,0.283,0.36847,1.1578,1.5566
Kepler-1195 b,Kepler-1195,8.49642241,0.0726,0.0,702.0,79.03,3.04,2.08,4.98,4965.0,-0.25,-0.44607,0.74,0.71
GJ 328 b,GJ 328,3771.0,4.11,0.227,73.57,0.0049,1.86,13.3,797.74930157,3897.0,-0.06,-1.08,0.65,0.63
EPIC 212737443 c,EPIC 212737443,65.55,0.28,0.2,316.0,2.2653,2.17,2.69,7.7,4684.0,-0.137,-0.75057,0.69,0.673
Kepler-1783 b,Kepler-1783,8.277440071,0.07595,0.0,1088.0,65.5,5.5,1.31946731,2.3,5129.0,-0.16,-0.45102,0.887,1.781
HD 50499 c,HD 50499,8619.9,9.02,0.0,116.69,0.0292,2.22,13.2,931.2419,6099.0,0.38,0.37632,1.31,1.42
Kepler-874 b,Kepler-874,40.0686727,0.2234,0.0,560.0,31.624,1.32,3.94,14.7,6020.0,0.03,0.13758,1.09,1.13
Kepler-235 b,Kepler-235,3.340222,0.037,0.0,731.0,44.0,2.77,2.23,5.6,4255.0,-0.51,-1.10237,0.581,0.554
HD 98219 b,HD 98219,433.8,1.26,0.079,453.77,7.0547,1.43,13.4,624.21812,4925.0,-0.02,1.04922,1.41,4.6
Kepler-625 b,Kepler-625,7.75192492,0.08137,0.0,852.0,407.833,3.22,1.99,4.62,5789.0,0.1,0.40647,1.04,0.96
Kepler-1178 b,Kepler-1178,31.80634,0.1596,0.0,378.0,23.237,5.56,1.07,1.24,4990.0,-0.05,-0.27723,0.8,0.75
K2-407 b,K2-407,4.941907,,,,,5.7,1.283,2.19,5563.0,0.014,-0.12724,0.881,0.927
KOI-351 b,KOI-351,7.008151,0.074,0.0,1062.0,316.442,5.55,1.31,2.27,6080.0,-0.12,0.26853,1.2,1.2
WASP-151 b,WASP-151,4.5334775,0.055,0.0,1312.0,460.0,0.250651,13.30506009,100.43377661,5871.0,0.1,0.14485,1.081,1.181
K2-289 b,K2-289,13.156969,0.107,,753.0,27.3178,0.445,9.1,61.0,5529.0,0.162,-0.50479,0.953,1.025
GJ 1002 b,GJ 1002,10.3465,0.0457,,230.9,0.67,5.43,1.03,1.08,3024.0,-0.25,-2.85201,0.12,0.137
Kepler-1143 c,Kepler-1143,210.630591,0.6477,0.0,234.0,0.568,1.48,3.6,12.6,5053.0,-0.06,-0.62275,0.81,0.77
TOI-2587 A b,TOI-2587 A,5.45664,0.0635,0.0,1445.0,728.0,0.216,12.07207221,69.28659273,5760.0,0.13,0.47129,1.15,1.726
Kepler-1154 b,Kepler-1154,5.1856142,0.0631,0.0,1314.0,652.966,2.61,2.34,6.08,6327.0,0.04,0.45174,1.26,1.43
Kepler-60 b,Kepler-60,7.1334,0.07255,0.0,1102.0,318.0,4.62,1.71,4.19,5905.0,-0.09,0.36906,1.041,1.257
Kepler-85 c,Kepler-85,12.51,0.10363,0.027,706.0,61.929,1.527272,1.978,2.15,5505.2,0.12,-0.2123,0.928,0.875
TOI-2081 b,TOI-2081,10.50534,0.0752,,488.0,8.1,3.12,2.04,4.82,3800.0,-0.5,-1.33847,0.54,0.534
Kepler-1780 b,Kepler-1780,109.4449997,0.4276,0.0,340.0,3.14,1.49,3.60600667,12.7,5403.0,0.0,-0.2166,0.868,0.868
Kepler-1818 b,Kepler-1818,4.644909859,0.055,0.0,1209.0,504.23,3.91,1.71360684,3.58,6047.0,-0.08,0.261,1.021,1.129
TOI-871 b,TOI-871,14.362565,0.1054,,621.0,24.78,4.07,1.664,3.41,4929.0,-0.07,-0.56004,0.758,0.719
GJ 251 c,GJ 251,53.647,0.196,0.0,216.0,0.404,3.66,1.8,3.88,3342.0,0.07,-1.80967,0.35,0.36
Kepler-1518 c,Kepler-1518,9.6310258,0.0905,0.0,1094.0,338.33,1.97,2.9,8.75,6432.0,-0.34,0.69092,1.06,1.345
Kepler-1718 b,Kepler-1718,135.1880035,0.48418,0.0,345.0,3.7,2.31,2.5685207,7.12,5731.0,-0.32,-0.0399,0.846,0.906
TOI-4914 b,TOI-4914,10.60057,0.098,0.408,894.0,18.1082,0.59,12.87,227.0,5805.0,-0.13,0.00903,1.03,1.0
USco1556 b,USco1556 A,,3500.0,,2240.0,0.0,14.1,12.3,4767.45,3410.0,,-1.09,0.33,0.668108
Kepler-109 c,Kepler-109,21.22265,0.1546,0.098,859.0,91.0,2.4,2.65,8.2,5950.0,-0.02,0.34654,1.094,1.387
Kepler-101 c,Kepler-101,6.02976,0.0684,0.0,1413.0,596.069,10.5,1.25,3.78,5667.0,0.33,0.42034,1.17,1.56
Kepler-1200 b,Kepler-1200,1.118549717,0.0188,0.0,1174.0,544.534,5.54,1.06,1.2,4612.0,0.04,-0.68923,0.74,0.7
NY Vir b,NY Vir,3160.0,3.3,0.15,338.12,2.178,1.71,13.3,730.978,32780.0,,1.37508,0.459,0.151
TOI-4137 b,TOI-4137,3.8016122,0.05222,0.0,1570.0,1013.0,1.01,13.57407563,457.67290608,6202.0,0.182,0.43933,1.313,1.438
Kepler-1630 b,Kepler-1630,509.997402,1.1218,0.0,182.0,0.26,2.84,2.19,5.43,4736.0,-0.46,-0.6464,0.66,0.63
Kepler-475 b,Kepler-475,3.105508189,0.03989,0.0,980.0,215.462,2.41,2.49,6.76,5009.0,0.21,-0.46424,0.86,0.79
Kepler-1978 b,Kepler-1978,10.84969477,0.0914,0.0,676.0,49.3,2.2,2.67,7.61,5251.0,-0.04,-0.29793,0.869,0.778
Kepler-1836 b,Kepler-1836,5.254169941,0.0602,0.0,1093.0,338.15,2.33,2.55303229,7.05,6123.0,-0.14,0.01616,1.053,0.987
Kepler-887 c,Kepler-887,7.63846023,0.0801,0.0,1089.0,407.977,5.75,1.13,1.51,6194.0,0.08,0.44617,1.19,1.29
Kepler-350 c,Kepler-350,17.849,0.1385,0.0,888.0,138.415,0.35,3.1,6.1,6492.3,0.041,0.42842,1.0,1.25
Kepler-816 b,Kepler-816,10.506825646,0.0895,0.0,668.0,50.563,0.381,10.24,74.5,5286.0,0.16,-0.37445,0.9,0.85
HD 51608 b,HD 51608,14.0726,0.1059,0.09,759.92,50.8256,1.48,3.62,12.77,5358.0,-0.07,-0.24413,0.8,0.916136
HD 125390 b,HD 125390,1757.39151,3.496,0.597,320.26,1.0874,28.2,11.9,8646.20398403,4882.0,-0.11,1.12354,1.82,6.47
Kepler-1947 b,Kepler-1947,6.963630199,0.07375,0.0,1298.0,229.4,5.38,1.0101666,1.01,6040.0,-0.44,0.11057,0.984,1.686
Kepler-81 d,Kepler-81,20.837846,0.128,0.0,418.0,7.507,5.96,1.21,1.92,4500.0,-0.18,-0.88941,0.648,0.595
Kepler-1827 b,Kepler-1827,3.700619936,0.04647,0.0,1329.0,1113.4,3.52,1.85644292,4.1,5423.0,0.08,0.187,0.915,1.404
TOI-1768.01,TOI-1768,7.337703649,0.076381,,1566.0,240.87,1.57,3.453,11.8,5994.0,,0.145,1.1,1.1
HIP 10090 c,HIP 10090,321.82,0.9,0.188,338.35,1.9857,0.553,13.9,270.15414595,5661.0,0.47,0.20641,0.94,1.38268
Kepler-855 b,Kepler-855,7.886631104,0.0762,0.0,996.0,405.183,0.497,8.35,52.7,5835.0,0.06,0.33305,1.03,1.03
TOI-205 b,TOI-205,4.25300773815,,,1799.55,1740.9224,2.39,2.50121142,6.81,6302.74,0.13,0.45558,1.2,1.45382
Kepler-1886 b,Kepler-1886,24.2758007,0.16,0.0,580.0,26.68,2.29,2.58158428,7.18,5745.0,-0.2,-0.16101,0.928,0.837
Kepler-279 c,Kepler-279,35.736,0.2236,0.0,774.0,60.157,0.3,4.3,49.4,6689.45,-0.1141,0.5188,1.1,1.07
K2-401 b,K2-401,6.293099,,,,,2.73,2.262,5.74,4213.0,-0.098,-0.8353,0.87,0.675
TOI-3807 b,TOI-3807,2.8989727,0.0421,0.0,1646.0,1230.0,0.289,18.49481816,330.54154328,5772.0,0.278,0.33244,1.181,1.468
Kepler-931 b,Kepler-931,8.03755877,0.0719,0.0,744.0,72.44,5.44,1.33,2.33,5241.0,-0.01,-0.35,0.86,0.81
TOI-286 b,TOI-286,4.5117244,0.0503,0.0,979.0,889.5827,8.63,1.42,4.53,5152.0,-0.05,-0.41364,0.832,0.78
Kepler-106 e,Kepler-106,43.8445,0.24006,0.0,531.0,20.294,3.1,2.56,11.17,5858.0,-0.12,0.08255,1.0,1.04
GSC 06214-00210 b,GSC 06214-00210,,320.0,,2300.0,0.0,3.35,20.1762,5000.0,4200.0,-0.06,-0.42,0.9,0.90484
HD 89839 b,HD 89839,3391.2,4.713,0.185,159.03,0.1067,4.58,12.8,1748.0562385,6314.0,0.04,0.37479,1.21,1.28588
Kepler-520 b,Kepler-520,19.67416124,0.14628,0.0,711.0,59.77,4.07,1.66,3.39,6112.0,-0.03,0.51032,1.1,1.09
Kepler-19 b,Kepler-19,9.28699,0.0846,0.41,851.0,87.6,3.1,2.209,6.1,5541.0,-0.13,-0.16056,0.936,0.859
Kepler-1102 b,Kepler-1102,51.3285623,0.2731,0.0,546.0,22.981,2.21,2.66,7.56,5724.0,-0.08,0.13927,0.96,0.94
Kepler-371 c,Kepler-371,67.968015,0.313,0.0,443.0,17.063,3.72,1.78,3.82,5666.0,-0.1975,0.24392,0.876,0.992
K2-338 b,K2-338,3.850614,,,783.0,,5.43,1.03,1.08,4558.0,-0.23,-0.83644,0.66,0.63
KELT-16 b,KELT-16,0.9689951,0.02044,0.0,2453.0,6992.0328,1.2,15.860735,874.0325,6236.0,-0.002,0.4014,1.211,1.36
Kepler-1681 b,Kepler-1681,69.8956,0.32,0.0,442.0,5.33,2.33,2.55321772,7.05,5756.4,0.1064,-0.2933,0.893,0.759
TOI-544 c,TOI-544,50.089,,0.32,,,0.992,4.92,21.5,4169.0,-0.17,-0.90049,0.631,0.623
Kepler-251 d,Kepler-251,30.133001,0.182,0.0,536.0,17.477,2.09,2.77,8.1,5526.0,-0.06,-0.17197,0.891,0.89
HD 180902 b,HD 180902,510.9,1.4,0.107,412.37,4.7959,1.2,13.5,535.54355,4961.0,0.04,0.97313,1.41,4.16
TOI-5624 e,TOI-5624,21.489936,0.1439,0.0,613.8,21.9904,1.46,3.247,8.9,5327.0,-0.023,-0.31336,0.858,0.82
KOINTREAU-1 b,XEST 17-036,,690.0,,,,9.71,12.4,3368.9811142,3551.0,-0.15,,0.26,
K2-414 c,K2-414,6.669,0.0552,,762.62,56.13,3.35,1.9287,4.38,4343.0,-0.102,-0.70538,0.814,0.732
Kepler-1154 c,Kepler-1154,8.45808312,0.0875,0.0,1117.0,339.573,2.58,2.36,6.17,6327.0,0.04,0.45174,1.26,1.43
Kepler-863 b,Kepler-863,15.59461874,0.122,0.0,718.0,117.828,1.97,2.9,8.75,5678.0,-0.03,0.21514,0.96,0.95
Kepler-278 c,Kepler-278,51.111,0.287,0.616,492.0,54.3,5.5,3.268,34.9,4965.0,0.22,0.64933,1.227,2.861
GJ 180 d,GJ 180,106.3,0.309,0.14,187.94,0.1362,2.21,2.66,7.56,3371.0,,-1.88606,0.43,0.413049
K2-86 b,K2-86,8.77683,0.077,,830.49,78.0,3.28,1.96,4.5,5482.0,-0.35,-0.38611,0.79,0.76
HD 196050 b,HD 196050,1392.0,2.65,0.2,207.52,0.2591,3.82,12.9,1493.7935129,5879.0,0.229,0.26,1.27,1.42
Kepler-564 b,Kepler-564,3.750832285,0.0484,0.0,1129.0,389.404,1.07,4.63,19.4,5626.0,-0.01,-0.06437,0.95,0.92
Kepler-878 b,Kepler-878,25.9422033,0.165,0.0,501.0,27.009,3.35,1.93,4.38,5044.0,-0.03,-0.17433,0.81,0.77
HD 120084 b,HD 120084,2142.0,4.21,0.483,369.24,3.0851,5.46,12.7,2034.1018048,4879.0,0.1,1.73783,2.16,10.37
TOI-2384 b,TOI-2384,2.13570304,0.02793,0.0,889.7,104.3,2.26,11.48920522,624.85064816,3943.0,0.332,-1.11907,0.635,0.6113
Kepler-82 d,Kepler-82,2.382961,0.034,0.0,1253.0,484.351,220.0,1.77,885.098,5428.0,0.2107,-0.18507,0.946,0.945
Kepler-338 b,Kepler-338,13.726976,0.117,0.04,1005.0,256.606,11.6,2.44,30.6,5923.0,-0.029,0.5857,1.105,1.735
KOI-884 e,Kepler-247,31.101659,,0.0415,,,0.418,9.54,66.05405,5060.0,0.3,-0.42165,0.887,0.788
K2-87 b,K2-87,9.726618,0.094,,979.0,85.0,0.562,7.6,44.9,5747.0,0.328,-0.09769,1.164,1.401
Kepler-983 b,Kepler-983,60.0855082,0.3148,0.0,485.0,30.997,2.58,2.36,6.17,6052.0,0.12,0.15,1.13,1.08
Kepler-1948 b,Kepler-1948,15.57129955,0.1022,0.0,399.0,5.98,5.44,1.03283226,1.09,3872.0,0.12,-0.8617,0.585,0.557
Kepler-444 c,Kepler-444,4.5458841,0.04881,0.31,868.0,165.73,3.55,0.497,0.0793,5046.0,-0.55,-0.42455,0.758,0.752
Kepler-1173 b,Kepler-1173,0.7698536,0.0156,0.0,1650.0,1462.098,4.99,0.89,0.64,5252.0,0.0,-0.43521,0.86,0.82
HD 219077 b,HD 219077,5478.68861,5.935,0.768,146.68,0.0755,8.6,12.5,3057.50927534,5362.0,-0.13,0.425,0.92,1.91
Kepler-458 c,KIC 9663113,20.74028413,0.17012,0.0,798.0,279.787,1.22,4.2,16.4,6117.21,0.1436,0.7919,1.15,2.21562
Kepler-1608 b,Kepler-1608,16.4735686,0.1126,0.0,612.0,33.22,3.86,1.73,3.64,4992.0,-0.24,-0.537,0.75,0.72
TOI-2093 b,TOI-2093,12.836,0.097,0.0,535.0,19.5345,1.7,3.25,10.6,4426.0,-0.08,-0.73565,0.745,0.729
EPIC 212499991 b,EPIC 212499991,34.885,,,,,4.28,1.6,3.19,4982.79,,-0.4966,0.912,0.757541
Kepler-759 b,Kepler-759,41.805985,0.2329,0.0,533.0,19.02,2.71,2.27,5.77,5860.0,0.06,0.061,1.04,1.04
Kepler-563 b,Kepler-563,22.18432708,0.1418,0.0,546.0,18.738,1.82,3.09,9.75,5066.0,-0.08,-0.44389,0.8,0.77
Kepler-296 f,Kepler-296,63.33627,0.255,0.33,274.0,0.62,3.2,1.8,3.89,3740.0,-0.08,-1.50864,0.498,0.48
Kepler-534 b,Kepler-534,15.95994513,0.1272,0.0,721.0,63.95,2.76,2.24,5.65,5884.0,0.01,0.14739,1.05,0.98
TOI-512 b,TOI-512,7.18886,,0.02,1009.0,127.0,5.623888,1.54,3.57,5277.0,-0.11,-0.25696,0.74,0.89
HD 75784 b,HD 75784,341.2,1.032,0.097,425.98,5.3535,0.665,13.8,317.83,4867.0,0.25,0.756,1.26,3.4
Kepler-172 c,Kepler-172,6.388996,0.068,0.0,970.0,227.225,2.01,2.86,8.55,5526.0,0.39,-0.03187,1.081,1.085
Kepler-1340 b,Kepler-1340,0.665026916,0.01523,0.0,2174.0,4793.001,4.46,1.55,3.02,6331.0,0.07,0.08683,1.27,1.42
Kepler-1115 b,Kepler-1115,23.5540725,0.2134,0.0,1381.0,516.101,3.95,1.7,3.53,8480.0,-0.51,1.25385,1.6,1.73
KIC 5437945 b,KIC 5437945,440.7813,1.19671,0.0,308.0,2.9,0.704,6.4,33.6,6340.0,-0.38,0.64137,1.07,1.24
Kepler-1859 c,Kepler-1859,3.59645081,0.0473,0.0,1327.0,732.82,4.07,1.66,3.39,5887.0,0.16,0.15429,1.09,1.235
Kepler-1201 b,Kepler-1201,15.18725932,0.1183,0.0,789.0,89.431,2.68,2.29,5.86,6177.0,0.03,0.04424,1.15,1.24
Kepler-232 c,Kepler-232,11.379349,0.101,0.0,806.0,116.524,1.37,3.83,14.0,5847.0,0.03,0.05183,0.97,0.968
tau Cet g,tau Cet,20.0,0.133,0.06,639.65,27.9835,5.85,1.18,1.75,5310.0,-0.52,-0.30539,0.783,0.83
Kepler-151 b,Kepler-151,15.228958,0.116,0.0,639.0,40.728,1.84,3.06,9.59,5460.0,0.1245,-0.33413,0.87,0.83
TOI-201 b,TOI-201,52.9786,0.303,0.275,759.0,68.4513,0.61,11.4,164.0,6423.0,0.24,0.41664,1.32,1.31
Kepler-207 d,Kepler-207,5.868075,0.068,0.0,1254.0,732.604,1.67,3.31,11.0,5920.0,0.29,0.5343,1.313,1.588
GJ 887 e,GJ 887,4.4249,0.0417,,544.0,20.9,5.71,1.12,1.46,3688.0,-0.06,-1.43415,0.495,0.468
WASP-108 b,WASP-108,2.67555212374,,0.0,1589.0,1360.1641,0.477431,15.13212395,283.50293904,6783.0,0.1478,0.31716,1.167,1.34415
Kepler-1521 b,Kepler-1521,47.14840805,0.23476,0.0,391.0,5.122,2.39,2.5,6.8,5042.0,-0.05,-0.5691,0.81,0.76
Kepler-238 c,Kepler-238,6.155557,0.069,0.0,1146.0,592.298,3.2,2.39,152.522,5751.0,0.34,0.43048,1.229,1.43
GJ 676 A d,GJ 676 A,3.60076,0.039,0.192,757.36,59.6154,3.72,1.78,3.81394088,3734.0,0.23,-1.04251,0.626,0.69
Kepler-620 b,Kepler-620,12.91375431,0.1053,0.0,849.0,219.051,1.65,3.32,11.0,6155.0,0.03,0.34079,1.15,1.22
TOI-2989 b,TOI-2989,3.122832,0.0384,0.0,1001.0,124.0,2.7,12.55405838,953.485221,4672.0,-0.04,-0.73755,0.77,0.76
Kepler-349 c,Kepler-349,12.247629,0.105,0.0,763.0,94.491,3.28,1.96,4.5,5956.0,0.1509,-0.0073,1.083,0.927
Kepler-1231 b,Kepler-1231,10.41725184,0.0914,0.0,870.0,117.515,4.99,1.42,2.6,5778.0,0.06,0.02302,1.01,1.0
Kepler-274 b,Kepler-274,11.634788,0.101,0.0,961.0,147.812,4.5,1.54,2.99,6023.0,-0.2112,0.2013,0.883,1.007
Kepler-832 b,Kepler-832,7.1396941,0.075,0.0,965.0,256.828,3.08,2.06,4.9,5596.0,-0.08,0.07025,0.92,0.9
Kepler-1889 b,Kepler-1889,37.30369949,0.2082,0.0,493.0,14.0,1.93,2.94360686,8.98,5646.0,-0.28,0.21977,0.864,0.817
Kepler-988 b,Kepler-988,17.76080053,0.1085,0.0,368.0,6.56,3.06,2.07,4.94,4005.0,-0.32,-1.04739,0.55,0.53
TOI-880 c,TOI-880,6.3872703,0.0635,,805.0,73.9967,0.983,4.95,21.7,5050.0,0.23,-0.44771,0.87,0.83
HD 12235 b,HD 12235,4.36305,0.054,0.376,1667.37,1287.9273,1.71,3.23,10.48833743,5986.0,0.31,0.57468,1.1,1.80185
Kepler-444 f,Kepler-444,9.740486,0.0811,0.29,673.0,59.915,4.48,0.741,0.332,5046.0,-0.55,-0.42455,0.758,0.752
GJ 887 c,GJ 887,21.784,0.121,0.17,320.0,2.5,2.49,2.43,6.5,3688.0,-0.06,-1.43415,0.495,0.468
Kepler-524 b,Kepler-524,7.97419807,0.07955,0.0,974.0,434.237,3.4,1.91,4.31,6014.0,0.02,0.43947,1.09,1.1
Kepler-1075 b,Kepler-1075,1.52372816,0.0208,0.0,818.0,143.968,4.99,1.42,2.6,3959.0,-0.17,-1.11289,0.56,0.54
Kepler-368 b,Kepler-368,26.84768,0.186,0.0,800.0,107.58,1.7,3.26,10.7,5502.0,0.03,0.56235,1.165,2.019
Kepler-115 b,Kepler-115,2.403679,0.036,0.0,1489.0,1215.757,5.6,1.09,1.32,5979.0,-0.0499,0.22007,1.042,1.205
Kepler-1735 b,Kepler-1735,7.71792984,0.0621,0.0,502.0,15.01,5.94,1.19429134,1.84,3975.0,-0.34,-1.19302,0.535,0.509
TOI-1898 b,TOI-1898,45.52234,0.269,0.485,674.54,51.0074,0.85,9.39553231,129.0,6241.0,-0.095,0.55121,1.2484,1.6131
Kepler-1130 c,Kepler-1130,3.266639948,0.04238,0.0,1072.0,316.9,4.66,0.79239584,0.422,5450.0,0.1,-0.25964,0.944,0.842
HD 20782 b,HD 20782,597.0643,1.3649,0.95,253.34,0.6863,1.03,13.6,472.83,5782.13,-0.0537,0.10674,1.04,1.12681
Kepler-1376 b,Kepler-1376,5.30880656,0.0598,0.0,1042.0,278.902,5.51,1.05,1.16,5659.0,0.07,-0.07062,0.98,0.97
Kepler-1190 b,Kepler-1190,10.45843441,0.0845,0.0,609.0,24.211,5.44,1.33,2.33,4730.0,-0.02,-0.7272,0.76,0.72
Kepler-450 b,Kepler-450,28.454851,0.20092,0.02,769.0,94.325,0.75,6.14,19.4,6197.21,0.1278,0.55403,1.19,1.64162
Kepler-758 d,Kepler-758,20.4966197,0.1527,0.0,843.0,173.171,2.96,2.12,5.14,6228.0,-0.1,0.56281,1.16,1.42
HAT-P-47 b,HAT-P-47,4.73217441,,,1605.0,379.567,0.113,14.71739166,65.47265184,6703.0,-0.026,0.65776,1.387,1.515
HD 135625 b,HD 135625,4055.0,5.4,0.16,146.04,0.0758,1.71,13.3,731.0053361,6040.64,0.12,0.34446,1.28,1.35743
TOI-2211.01,TOI-2211,3.092686757,0.04011,,1056.92,296.13,4.42,1.561,3.06,5253.0,,-0.32094,0.9,0.834
Kepler-124 b,Kepler-124,3.410493,0.039,0.0,892.0,198.843,4.45,0.73,0.315,4984.0,-0.46,-0.46737,0.706,0.636
Kepler-1259 b,Kepler-1259,0.663085258,0.0141,0.0,1681.0,2460.582,4.94,1.43,2.63,5053.0,-0.07,-0.33296,0.8,0.77
TOI-1859 b,TOI-1859,63.48347,0.337,0.57,615.0,23.786,0.406,9.75181321,68.6,6341.0,0.12,0.47671,1.287,1.36
TOI-1836 b,TOI-1836,20.380799,0.1597,0.0,966.0,153.5185,0.41,8.00321222,38.45723725,6380.0,-0.101,0.5682,1.307,1.577
Kepler-616 b,Kepler-616,9.99761851,0.0927,0.0,860.0,129.18,2.48,2.43,6.48,5753.0,-0.02,-0.11149,0.98,0.97
HD 141399 e,HD 141399,5000.0,5.0,0.26,142.24,0.0636,0.411,14.1,209.7678,5600.0,0.35,0.2014,1.07,1.387236
Kepler-1008 b,Kepler-1008,12.43931193,0.09755,0.0,627.0,35.408,5.71,1.28,2.18,5066.0,-0.01,-0.50671,0.81,0.78
TOI-2133 b,TOI-2133,3.8266472,0.041,,798.0,81.1072,2.56,2.37,6.21,4250.0,-0.01,-0.85248,0.644,0.62
TOI-2406 b,TOI-2406,3.0766891,0.02267,0.17,449.0,6.69,,2.86,15.6,3100.0,-0.26,-2.46218,0.166,0.204
WASP-157 b,WASP-157,3.951623,0.0499,0.0,1193.0,482.1005,0.64,11.19,182.43442,5772.0,0.25,0.07934,1.06,1.1
Kepler-1183 b,Kepler-1183,28.5057189,0.1793,0.0,555.0,61.663,2.05,2.82,8.35,5765.0,0.04,0.25466,1.0,0.99
Kepler-331 d,Kepler-331,32.134328,0.159,0.0,346.0,6.065,4.15,1.64,3.33,4347.0,0.1179,-0.78358,0.653,0.492
TOI-5322 b,TOI-5322,5.4233207,0.0604,0.055,1350.0,554.0,0.22,16.6117094,184.02264765,5692.0,-0.048,0.3075,0.998,1.462
HD 457 b,HD 457,20324.58153,15.369,0.565,85.15,0.0088,27.5,11.9,8445.3364308,6114.04,0.34,0.31574,1.15,1.28194
HD 112640 b,HD 112640,613.2,1.7,0.24,959.65,98.0969,4.07,12.9,1589.15,4155.0,-0.09,2.45255,1.8,39.0
Kepler-1647 b,Kepler-1647,1107.5923,2.7205,0.0581,242.92,0.5956,1.59,11.8739,483.0,6210.0,-0.14,0.64425,1.2207,1.7903
Kepler-1197 b,Kepler-1197,2.03231845,0.02869,0.0,1011.0,267.142,5.91,1.25,2.1,4708.0,0.06,-0.66629,0.78,0.72
HD 153557 b,HD 153557,7.29903,0.068,0.065,772.12,59.2234,1.03,4.77,20.34101805,4837.0,,-0.56249,0.79,0.745171
Kepler-1939 b,Kepler-1939,2.790659904,0.0334,0.0,816.0,104.74,5.84,1.16480773,1.68,4353.0,-0.18,-0.80789,0.648,0.603
TIC 117642575 b,TIC 117642575,4.94459060181,,,,,2.04,2.82716337,8.38,5719.98,,0.09455,1.06,1.08102
Kepler-621 b,Kepler-621,2.628113746,0.031,0.0,737.0,69.56,2.66,2.3,5.9,4521.0,-0.02,-0.759,0.72,0.68
Kepler-1113 b,Kepler-1113,42.3004954,0.2415,0.0,558.0,22.849,2.06,2.81,8.3,5931.0,0.18,0.07994,1.12,1.17
Kepler-142 b,Kepler-142,2.024152,0.032,0.0,1597.0,1247.908,3.22,1.99,4.62,5790.0,0.05,0.10706,0.978,1.269
Kepler-662 b,Kepler-662,21.67697486,0.1408,0.0,530.0,23.824,2.86,2.18,5.39,4897.0,-0.03,-0.35557,0.79,0.74
Kepler-1336 c,Kepler-1336,5.77721211,0.06272,0.0,1260.0,662.713,3.92,1.71,3.57,5512.0,0.05,0.42052,0.94,1.3
TOI-216.02,TOI-216,17.16073,0.1293,0.16,628.0,25.9,0.34,8.0,18.75187601,5026.0,0.32,-0.44159,0.77,0.748
Kepler-236 c,Kepler-236,23.968127,0.132,0.0,329.0,3.802,3.2,2.0,4.66,3750.0,-0.05,-1.22915,0.596005,0.51
HD 196067 b,HD 196067,3413.7,4.71,0.56292,176.42,0.1596,10.4,12.4,3623.2438398,6072.0,0.213,0.549,1.16,1.71
Kepler-1210 b,Kepler-1210,8.07124073,0.0753,0.0,856.0,152.047,3.95,1.7,3.53,5568.0,0.04,-0.14879,0.94,0.92
Kepler-91 b,Kepler-91,6.24658,0.0731,0.0519,2040.0,3273.324,0.4,15.322703,257.4423,4550.0,0.11,1.225,1.31,6.3
K2-290 b,K2-290,9.21165,0.0923,0.0,1230.0,308.9946,4.1,3.06,10.9,6302.0,-0.06,0.42035,1.194,1.511
Kepler-1766 b,Kepler-1766,105.0149994,0.4161,0.0,406.0,7.8,2.7,2.27904508,5.81,5868.0,-0.22,0.17488,0.915,1.042
K2-170 c,K2-170,12.400047,,,,,3.66,1.8017647,3.9,5748.0,-0.11,0.0717,0.963657,0.981614
HD 72490 b,HD 72490,858.0,1.88,0.124,386.45,3.4894,1.26,13.5,561.92344,4934.0,-0.13,1.09107,1.21,4.96
HD 12661 c,HD 12661,1708.0,2.8145,0.031,174.06,0.1459,2.15,13.2,899.45439181,5748.0,0.36,0.063,1.02,1.11
Kepler-1061 b,Kepler-1061,2.757982666,0.0388,0.0,1332.0,788.501,3.24,1.98,4.58,6067.0,-0.03,0.08762,1.09,1.07
Kepler-1904 b,Kepler-1904,4.577020168,0.0436,0.0,567.0,24.38,5.13,1.3904994,2.51,3805.0,-0.1,-1.29761,0.526,0.497
Kepler-473 b,Kepler-473,14.55731705,0.12048,0.0,879.0,243.376,1.26,4.08,15.6,5816.0,0.12,0.5248,1.06,1.34
HD 14787 b,HD 14787,676.6,1.7,0.155,409.43,4.5099,0.761,13.7,356.28743,4946.0,0.0,1.11506,1.43,5.01
WASP-106 b,WASP-106,9.28969,0.0901,0.023,1140.0,327.8307,1.86,12.10569916,613.40882551,6002.0,-0.02,0.42198,1.175,1.47
TOI-6158 b,TOI-6158,3.0446899,0.03275,0.059,636.0,27.3,0.66,10.4,135.0,3467.0,0.11,-1.51117,0.503,0.476
Kepler-1840 b,Kepler-1840,131.1900024,0.46206,0.0,284.0,1.3,2.08,2.77771129,8.13,4898.0,0.14,-0.58706,0.774,0.803
kap And b,kap And,,55.0,,1791.0,0.0207,7.49,15.91675259,5498.4314411,11327.0,0.0,1.7966,2.768,2.109
Kepler-1751 b,Kepler-1751,7.017310143,0.0712,0.0,984.0,221.46,3.6,1.82417378,3.98,6052.0,-0.26,0.03608,0.974,0.967
Kepler-1067 b,Kepler-1067,0.762129261,0.0164,0.0,1872.0,2761.757,4.69,0.8,0.437,5592.0,0.03,-0.14725,0.95,0.93
TOI-2578 b,TOI-2578,3.4579667,0.0495,0.098,1778.0,1667.0,0.121,19.66055215,167.17774208,6333.0,0.01,0.51851,1.27,1.64
Kepler-624 b,Kepler-624,14.58649607,0.11638,0.0,852.0,130.757,2.65,2.31,5.95,6117.0,-0.06,0.29097,1.1,1.18
TOI-5349 b,TOI-5349,3.317921,0.0369,0.03,719.0,44.5,0.66,10.2,127.4,3751.0,0.5,-1.20066,0.61,0.58
TOI-1294 c,TOI-1294,159.9,0.61,0.0,440.45,6.2779,0.276,14.3,147.0,5718.0,0.283,0.36847,1.1578,1.5566
Kepler-1039 b,Kepler-1039,0.934884242,0.01714,0.0,2080.0,668.128,4.82,1.46,2.73,4870.0,0.01,-0.64925,0.79,0.74
HAT-P-60 b,HAT-P-60,4.7947813,0.06277,0.25,1772.0,1634.0,0.164,18.28184752,182.43350562,6212.0,0.037,0.80889,1.435,2.197
HD 88986 b,HD 88986,146.05,0.58,0.24,460.0,7.3543,6.1,2.49,17.2,5861.0,0.06,0.3934,1.25,1.543
Kepler-704 b,Kepler-704,3.76182115,0.047,0.0,1121.0,514.124,2.26,2.61,7.32,5616.0,0.09,0.03582,0.97,0.96
K2-385 b,K2-385,2.380867,,,,,4.49,1.539,2.98,4844.0,-0.224,-0.51852,0.927,0.761
Kepler-1432 b,Kepler-1432,23.9109011,0.1696,0.0,709.0,119.237,2.79,2.22,5.56,6031.0,0.02,0.4492,1.09,1.13
Kepler-135 c,Kepler-135,11.448708,0.103,0.0,975.0,209.967,5.81,1.16,1.65,6090.0,-0.105,0.44809,1.047,1.275
Kepler-950 b,Kepler-950,98.7180406,0.3982,0.0,360.0,3.97,0.452,8.98,59.6,5857.0,0.02,0.35461,1.02,1.02
HD 73526 b,HD 73526,188.3,0.65,0.19,414.37,5.1529,2.39,13.1,978.9164,5601.0,0.22,0.33788,1.14,1.53
HD 207897 b,HD 207897,16.20166,0.117,0.0,581.75,26.5,6.29,2.34302132,14.8,5106.0,-0.03,-0.42136,0.8208,0.7827
Kepler-1459 b,Kepler-1459,62.8691611,0.2829,0.0,349.0,3.511,5.29,1.36,2.42,4828.0,0.01,-0.52327,0.78,0.74
Kepler-1358 b,Kepler-1358,7.06317341,0.0656,0.0,827.0,98.834,5.71,1.12,1.46,5181.0,-0.08,-0.41347,0.82,0.79
HD 360 b,HD 360,273.1,0.98,0.139,765.69,57.4344,0.477,14.0,238.37130525,4770.0,-0.06,1.74162,1.69,10.86
TOI-4030 b,TOI-4030,2.50900199461,,,1384.0,609.961,0.792,5.8462559,28.8,5640.37,,-0.06784,0.98,0.991737
Kepler-741 b,Kepler-741,7.03902374,0.0744,0.0,1051.0,461.993,1.91,2.97,9.11,6129.0,0.07,0.33161,1.16,1.24
Kepler-1299 b,Kepler-1299,19.9400874,0.1357,0.0,588.0,45.146,1.9,2.98,9.17,5609.0,-0.01,-0.10621,0.94,0.91
Kepler-1806 b,Kepler-1806,9.033320427,0.0813,0.0,729.0,66.89,2.59,2.35560189,6.15,5311.0,-0.04,-0.43504,0.884,0.788
TOI-375 c,TOI-375,115.5,0.524,,596.0,21.07,1.53,13.4,669.34662514,5259.9,0.084,0.75997,1.441,2.9
Kepler-1048 b,Kepler-1048,6.92101021,0.059,0.0,619.0,96.976,4.24,1.61,3.22,4651.0,0.01,-0.40925,0.75,0.7
Kepler-749 b,Kepler-749,17.31716585,0.1054,0.0,454.0,24.631,1.81,3.1,9.8,5009.0,-0.11,-0.49432,0.79,0.75
HD 102329 b,HD 102329,778.09998,1.81,0.21,532.95,5.9827,7.12,12.6,2593.4928,4745.0,0.05,1.29226,3.21,9.82
TOI-1194 b,TOI-1194,2.3106446,0.034,0.0,1264.29,203.685,0.99,8.71664516,120.0,5394.0,0.348,-0.1512,0.9835,0.9608
Barnard d,Barnard's star,2.3402,0.0188,0.04,483.0,10.0441,4.32,0.694,0.263,3195.0,-0.56,-2.44977,0.162,0.185
Kepler-1951 b,Kepler-1951,20.65780067,0.1435,0.0,728.0,66.27,2.64,2.32107188,6.0,5468.0,0.14,0.50112,0.923,1.306
HIP 114933 b,HIP 114933,1481.6,2.84,0.21,316.81,1.711,1.41,13.4,616.58710958,4823.0,0.06,1.13988,1.39,5.27
Kepler-1305 b,Kepler-1305,13.5630972,0.1109,0.0,733.0,103.51,3.47,1.88,4.19,5701.0,0.01,0.08368,0.97,0.96
Kepler-598 b,Kepler-598,3.70175428,0.04487,0.0,1050.0,265.407,4.66,1.5,2.86,5307.0,0.02,-0.25753,0.87,0.86
HD 185283 b,HD 185283,4060.0,4.6,0.07,93.97,0.013,0.903,13.6,413.1769291,4848.0,-0.06,-0.56072,0.8,0.743303
Kepler-1920 b,Kepler-1920,30.2541008,0.2043,0.0,660.0,44.87,1.92,2.95415848,9.03,6277.0,0.21,0.10034,1.239,1.161
HD 65216 b,HD 65216,577.6,1.301,0.27,222.56,0.4185,0.899,13.6,411.58985,5612.0,-0.1685,-0.1498,0.874,0.88
Kepler-954 b,Kepler-954,16.78176602,0.1202,0.0,545.0,21.531,2.64,2.32,5.99,4990.0,0.02,-0.5722,0.82,0.76
EPIC 206042996 c,EPIC 206042996,0.354884,,,,,5.95,1.2,1.87,4114.0,0.006,-0.97996,0.565,0.5
HATS-38 b,HATS-38,4.375021,0.05036,0.0,1294.0,464.7,0.403,6.882326,23.51942,5732.0,-0.102,0.07151,0.89,1.105
Kepler-1388 c,Kepler-1388,5.53608151,0.0519,0.0,566.0,51.044,2.73,2.26,5.73,4098.0,0.02,-1.1068,0.63,0.61
TIC 178172313 b,TIC 178172313,4.3731816136,,,,,2.06,2.80405322,8.27,5405.59,,-0.29608,0.91,0.84345
Gliese 12 b,Gliese 12,12.761418,0.067,0.24,314.6,1.62,6.4,0.93,0.95,3328.0,-0.24,-2.13787,0.255,0.265
Kepler-266 c,Kepler-266,107.723601,0.457,0.0,421.0,5.592,1.34,3.89,14.4,5885.0,0.16,0.01163,0.947,1.028
NGTS-30 b,NGTS-30,98.29838,0.408,0.294,500.0,172.857,1.49,10.40193409,305.11527072,5455.0,-0.03,-0.18738,0.94,0.913
Kepler-1388 e,Kepler-1388,37.6327084,0.1861,0.0,299.0,3.97,2.44,2.46,6.62,4098.0,0.02,-1.1068,0.63,0.61
Kepler-1311 b,Kepler-1311,11.1726994,0.10082,0.0,1019.0,296.92,5.97,1.24,2.07,5748.0,0.09,0.47186,1.05,1.4
Kepler-1991 c,Kepler-1991,22.79020351,0.1528,0.0,634.0,38.27,2.31,2.57,7.13,5478.0,0.16,-0.1085,0.914,1.053
Kepler-126 d,Kepler-126,100.283134,0.448,0.02,475.0,14.714,18.398878,2.5,54.59018723,6239.0,-0.16,0.452,1.108,1.358
TOI-4029 b,TOI-4029,5.88498234631,,,1142.0,282.509,0.658,6.73756618,36.6,5662.53,0.1007,0.12452,1.018,1.17834
Kepler-2001 b,Kepler-2001,1.090011003,0.0197,0.0,1402.0,911.28,5.47,1.04,1.12,5081.0,0.12,-0.54627,0.864,0.77
Kepler-1247 b,Kepler-1247,13.71220213,0.1091,0.0,676.0,41.472,2.62,2.33,6.04,5303.0,-0.05,-0.34527,0.86,0.82
Kepler-68 e,Kepler-68,3455.0,4.6,0.33,147.35,0.0805,0.338,11.2,86.4493267,5847.0,0.11,0.23106,1.057,1.2564
Kepler-1406 b,Kepler-1406,11.62905828,0.0987,0.0,854.0,125.89,5.66,1.1,1.37,5892.0,0.04,0.135,1.05,1.12
Kepler-1682 b,Kepler-1682,14.8334,0.1134,0.0,694.0,54.74,1.98,2.88940836,8.7,5619.12,-0.048,-0.1957,0.99,0.842301
Kepler-174 d,Kepler-174,247.35373,0.677,0.0,212.0,0.53,2.84,2.19,5.43,4880.0,-0.56,-0.5704,0.602,0.622
Kepler-326 b,Kepler-326,2.248329,0.032,0.0,1127.0,783.449,69.8,1.52,44.6,5105.0,0.2385,-0.15657,0.91,0.801
GJ 3998 d,GJ 3998,41.78,0.189,0.0,292.23,1.2,2.6,2.34,6.07,3726.0,-0.13,-1.358,0.52,0.5
HD 205158 b,HD 205158,25.33798,0.177,0.145,963.25,143.454,0.255,13.9,124.58873554,6133.55,,0.65266,1.16,1.87741
HD 219134 h,HD 219134,2247.0,3.11,0.06,117.88,0.0321,0.29,12.7,108.0622,4913.0,0.08,-0.50864,0.794,0.77
K2-183 c,K2-183,10.787992,0.0932,,787.0,84.9927,2.66,2.3,5.9,5482.0,0.09,-0.13179,0.942219,0.87
NGTS-21 b,NGTS-21,1.5433897,0.0236,0.0,1357.0,514.2853,1.25,14.90794433,750.07504052,4660.0,-0.26,-0.53854,0.72,0.86
Kepler-1519 b,Kepler-1519,240.7989397,0.7655,0.0,342.0,3.944,0.618,7.06,39.6,5644.0,-0.07,0.32617,0.94,0.91
TCP J05074264+2447555 b,TCP J05074264+2447555,,0.94,,344.63,2.3507,1.05,4.72,20.0,5805.0,,0.31745,0.586,1.42487
TOI-2459 b,TOI-2459,19.104718,,,445.01,8.5187,1.93,2.9531,9.03,4195.0,,-0.89565,0.66,0.6751
Kepler-784 b,Kepler-784,31.5922646,0.22111,0.0,688.0,194.385,4.35,1.58,3.12,5674.0,0.07,0.85693,1.0,1.32
TOI-2641 b,TOI-2641,4.880974,0.0607,0.18,1387.0,602.0,0.092,18.10250383,122.6817651,6100.0,-0.15,0.34044,1.16,1.336
Kepler-255 c,Kepler-255,9.946047,0.092,0.0,807.0,83.264,1.9,2.99,9.22,5573.0,0.3386,-0.18311,0.867,0.933
HD 51608 c,HD 51608,95.9446,0.3809,0.14,400.69,3.9287,1.36,3.87,14.31,5358.0,-0.07,-0.24413,0.8,0.916136
TIC 434398831 c,TIC 434398831,6.210291,0.06572,0.013,1050.0,166.3776,0.831,5.63,27.0,5638.0,-0.081,-0.14351,0.992,0.909
TOI-3082 b,TOI-3082,1.926907,,,1032.78,131.648,1.45,3.6621,13.0,4263.0,0.17,-0.86121,0.664,0.6847
Kepler-1037 b,Kepler-1037,1.063788673,0.0198,0.0,1650.0,1015.434,5.71,1.28,2.18,5105.0,-0.03,-0.44752,0.82,0.78
TOI-2141 d,TOI-2141,60.45,0.2906,,491.4,9.8,1.31,3.97,14.9,5635.0,-0.14,-0.05,0.896,0.95
HD 88133 b,HD 88133,3.414884,0.0479,0.031,1762.08,1368.0872,0.678,13.8,324.1866,5392.0,0.34,0.49678,1.26,2.2
TOI-1448 b,TOI-1448,8.112245,0.0567,0.36,426.0,5.45,,2.749,19.5,3412.0,0.37,-1.75498,0.372,0.38
TIC 294329732 b,TIC 294329732,9.7565876181,,,,,3.05,2.07692266,4.97,5201.93,0.228,-0.24856,0.89,0.920172
WISPIT 2 c,WISPIT 2,,14.0,,2050.0,0.0034,3.03,17.93436912,3178.28407,4530.0,,-0.17,1.08,1.3
K2-272 b,K2-272,14.4536756,0.1007,,747.0,49.181,1.78,3.13,9.96,5397.0,-0.09,-0.30214,0.86,0.83
TOI-3474 b,TOI-3474,3.8795105,0.0502,0.13,1451.0,740.0,0.337,14.67255574,193.87532827,6020.0,0.146,0.26951,1.121,1.256
Kepler-825 c,Kepler-825,8.1818246,0.0759,0.0,981.0,261.628,3.56,1.84,4.04,5976.0,-0.08,0.11956,1.03,1.08
Kepler-382 b,Kepler-382,5.262155,0.055,0.0,1166.0,381.465,5.5,1.32,2.3,5600.0,0.082,0.14553,1.002,0.945
Kepler-266 b,Kepler-266,6.61833,0.071,0.0,1066.0,230.403,2.42,2.48,6.71,5885.0,0.16,0.01163,0.947,1.028
Kepler-1962 b,Kepler-1962,7.991459846,0.0783,0.0,901.0,155.95,5.98,1.21463929,1.95,5700.0,0.16,-0.12198,1.003,1.006
TOI-1266 d,TOI-1266,32.509,0.1513,0.087,288.0,1.3,3.84,1.74,3.68,3563.0,-0.109,-1.58021,0.437,0.4232
Kepler-691 b,Kepler-691,8.114379,0.0649,0.0,460.0,12.995,3.02,2.09,5.02,3715.0,0.04,-1.30464,0.53,0.5
HD 142415 b,HD 142415,386.29999,1.06,0.5,283.72,1.0219,1.19,13.5,530.7761,5940.0,0.13,0.06,1.07,1.04
WASP-167 b,WASP-167,2.0219596,0.0365,,2329.0,3208.41,,17.71022,2542.64,7000.0,0.1,0.89734,1.59,1.79
K2-412 b,K2-412,5.9382,0.0586,,1100.64,243.518,2.98,2.116,5.13,5590.0,0.014,-0.07054,0.893,0.977
Kepler-1441 b,Kepler-1441,39.4419839,0.2346,0.0,682.0,33.046,5.55,1.31,2.27,5802.0,0.01,0.32471,1.0,1.0
CoRoT-28 b,CoRoT-28,5.20851,0.0603,0.047,1349.25,672.7522,0.69,10.704595,153.82972,5150.0,0.15,0.38849,1.01,1.78
Kepler-37 c,Kepler-37,21.301848,0.139,0.099,615.0,23.9,15.0,0.755,1.3,5357.0,-0.36,-0.32187,0.79,0.789
Kepler-138 c,Kepler-138,13.7815,0.0913,0.017,410.0,6.8,3.6,1.51,2.3,3841.0,-0.18,-1.25181,0.535,0.535
Kepler-46 d,Kepler-46,6.766589,0.067,0.0,845.0,92.346,4.15,1.64,3.33,5309.0,0.17,-0.255,0.883,0.79
Kepler-1755 b,Kepler-1755,24.81209946,0.1668,0.0,631.0,37.43,0.78,5.91688317,29.4,6086.0,-0.26,0.27353,1.003,0.921
Teegarden's Star c,Teegarden's Star,11.416,0.0455,0.04,209.0,0.35,5.44,1.02,1.05,3034.0,-0.11,-3.14146,0.097,0.12
HD 219828 b,HD 219828,3.83483,0.049,0.091,1602.83,1095.4885,1.08,4.59,19.06970442,5891.0,0.19,0.42,1.04,1.56
Kepler-835 b,Kepler-835,11.41909375,0.107,0.0,921.0,170.33,2.07,2.79,8.2,5954.0,0.08,0.32995,1.08,1.11
Kepler-1666 c,Kepler-1666,40.7157,0.2383,0.0,578.0,26.34,1.7,3.23564749,10.5,6293.0,-0.2,0.26839,1.23,1.14586
Kepler-1143 b,Kepler-1143,2.888904849,0.0371,0.0,976.0,173.056,4.05,1.67,3.43,5053.0,-0.06,-0.62275,0.81,0.77
KOI-4777.01,KOI-4777,0.412,0.008,0.0,1180.0,320.0,,0.51,99.2,3515.0,0.1,-1.64043,0.41,0.4
Kepler-79 d,Kepler-79,52.0897,0.2937,0.051,592.0,33.874,0.08,7.15,5.3,6389.0,0.06,0.342,1.244,1.316
Kepler-190 b,Kepler-190,2.019999,0.03,0.0,1166.0,417.238,4.41,1.56,3.05,5106.0,0.06,-0.44055,0.834,0.795
NGTS-17 b,NGTS-17,3.24253,0.0391,0.0,1457.0,1160.0,0.5,13.89913607,242.82090295,5650.0,0.15,0.2412,1.025,1.337
Kepler-354 c,Kepler-354,16.934402,0.115,0.0,508.0,14.404,5.55,1.31,2.27,4648.0,-0.03,-0.71394,0.652,0.674
TIC 198190129 b,TIC 198190129,7.94804910667,,,,,1.95,2.92284949,8.87,4377.53,,-0.99152,0.638,0.640675
Kepler-1933 b,Kepler-1933,4.943290234,0.05605,0.0,1058.0,250.5,5.89,1.17984089,1.76,5661.0,0.1,-0.11595,0.964,1.008
TOI-5811 B b,TOI-5811 B,6.25663,0.0731,,1530.0,1320.0,0.134,21.96960217,257.44100967,4840.0,-0.06,0.8374,1.08,3.73
Kepler-1041 b,Kepler-1041,24.7576421,0.1688,0.0,644.0,117.956,1.94,2.94,8.96,5957.0,0.01,0.48914,1.06,1.08
KIC 10525077 b,KIC 10525077,854.083,,,,,0.855,5.5,25.9,6091.0,-0.04,0.12899,1.01,1.01
K2-70 b,K2-70,13.97896,0.1112,,783.99,62.0,1.98,2.89,8.7,5622.0,0.06,-0.42935,0.94,0.93
TOI-5704 b,TOI-5704,3.771116,,,949.07,125.0643,1.72,3.2274,10.5,4590.0,0.428,-0.63927,0.73,0.7575
HATS-4 b,HATS-4,2.516729,0.0362,0.013,1315.0,558.828,1.55,11.433,420.471,5403.0,0.43,-0.187,1.001,0.925
Kepler-121 b,Kepler-121,3.177422,0.039,0.0,997.0,220.489,2.61,2.34,6.08,5311.0,-0.08,-0.47396,0.859,0.701
HD 163607 b,HD 163607,75.2203,0.362,0.7441,587.13,20.0716,0.51,13.9,249.051588,5522.0,0.21,0.42,1.12,1.76
TOI-1453 b,TOI-1453,4.3135225,,0.0,944.2,132.6,8.215288,1.173,2.32,4975.0,-0.31,-0.57539,0.715,0.72
Kepler-395 c,Kepler-395,34.989262,0.177,0.0,341.0,2.11,5.5,1.32,2.3,4262.0,-0.02,-1.194,0.622827,0.556
TOI-7393 b,TOI-7393,3.33708,0.03664,0.1198,747.0,51.8,0.74,11.3,194.78,3927.0,-0.35,-1.10791,0.6,0.582
HIP 81991 b,HIP 81991,5860.0,6.4,,163.28,0.1185,8.49,12.5,3019.3698665,5100.0,-0.27,0.686,1.09,2.82111
Kepler-1965 b,Kepler-1965,41.86869812,0.22971,0.0,492.0,13.8,5.31,1.35415138,2.4,5852.0,-0.3,-0.07602,0.928,0.837
DMPP-8 b,DMPP-8,62.915,0.3098,0.275,579.7,17.7838,0.354,10.8,81.09,6009.0,,0.23219,0.99,1.24
Kepler-501 b,Kepler-501,5.640677572,0.0627,0.0,1125.0,324.856,1.18,4.3,17.1,5904.0,-0.03,0.21635,1.03,1.04
TOI-892 b,TOI-892,10.62656,0.092,0.125,1397.0,571.007,0.962,11.99363,301.9385,6261.0,0.24,0.43136,1.28,1.39
Kepler-1898 b,Kepler-1898,4.765620232,0.05063,0.0,1167.0,204.6,5.13,0.93353523,0.76,5702.0,-0.28,-0.23539,0.837,1.125
Kepler-1274 b,Kepler-1274,6.98152703,0.08161,0.0,1384.0,975.81,4.99,1.42,2.6,6179.0,0.11,0.79752,1.45,2.17
G 9-40 b,G 9-40,5.7459982,0.0418,0.0,440.6,6.27,3.2,1.9,4.0,3395.0,-0.07,-1.96019,0.2952,0.3026
K2-46 b,K2-46,19.1541,0.13821,,889.0,119.0,3.1,2.05,4.86,6256.0,-0.32,0.41312,0.96,1.29
K2-199 c,K2-199,7.3744897,0.0662,0.03,694.0,38.6,2.9,2.85,12.4,4491.0,-0.01,-0.73283,0.711,0.682
TOI-2005 b,TOI-2005,17.305904,0.16,0.597,1221.39,525.9409,,11.99360935,2034.1018048,7130.0,0.0,0.96237,1.59,2.02
Kepler-1065 b,Kepler-1065,3.609308907,0.0455,0.0,1092.0,419.91,1.42,3.73,13.4,5635.0,-0.01,-0.11584,0.94,0.93
TOI-7394 B b,TOI-7394 B,1.252995,0.01913,0.0271,986.0,156.7,2.44,11.5,668.74,3717.0,0.5,-1.16749,0.624,0.609
HD 112300 b,HD 112300,466.63,1.33,0.36,1240.35,284.1257,15.2,12.2,5031.22368281,3657.0,-0.06,2.70121,1.4,65.8
TOI-5614 b,TOI-5614,4.17221328949,,,817.0,74.1594,1.72,3.21759316,10.4,4553.0,,-0.77371,0.674,0.734919
Kepler-793 b,Kepler-793,4.24153639,0.0491,0.0,1177.0,617.407,5.24,1.37,2.45,5745.0,0.0,0.11018,0.98,0.97
Kepler-307 c,Kepler-307,13.0729,0.10896,0.0,739.0,44.0,1.74,2.2,3.64,5367.0,0.19,-0.12151,0.907,0.814
Kepler-613 b,Kepler-613,15.77979614,0.1232,0.0,713.0,66.269,2.68,2.29,5.86,5723.0,-0.01,-0.05698,0.98,0.96
K2-138 g,K2-138,41.96797,0.23109,0.059,445.0,9.29,0.9,3.013,4.32,5356.3,0.14,-0.28654,0.935,0.863
HD 128311 b,HD 128311,453.019,1.084,0.303,200.47,0.262,1.26,13.5,562.24127,4965.0,0.08,-0.5116,0.828,0.76
Kepler-20 b,Kepler-20,3.6961049,0.04565,0.083,1187.0,331.0,9.4,1.773,9.7,5495.0,0.07,-0.16451,0.929,0.9164
Kepler-1634 b,Kepler-1634,374.876239,1.0525,0.0,282.0,0.544,1.74,3.19,10.3,5474.0,0.02,-0.26507,0.92,0.89
MOA-2020-BLG-108L b,MOA-2020-BLG-108L,,3.69,,,,9.77,12.4,3391.22910269,,,,0.58,
HD 715 b,HD 715,56.4,0.336,0.21,798.0,67.3,0.69,11.99360935,201.82103844,6070.0,0.09,0.88081,1.6,2.5
Kepler-445 d,Kepler-445,8.15275,0.0439,0.0,305.0,4.314,5.91,1.25,2.1,3157.0,0.27,-2.09994,0.18,0.21
Kepler-1701 b,Kepler-1701,169.134,0.5738,0.0,273.0,1.3,2.79,2.22186207,5.57,5146.0,0.03,-0.35064,0.87,0.840217
Kepler-1835 b,Kepler-1835,11.96409988,0.0997,0.0,808.0,100.96,1.52,3.53387773,12.2,5903.0,-0.26,0.07829,0.922,0.961
Kepler-1024 b,Kepler-1024,66.4162133,0.3033,0.0,376.0,5.446,1.33,3.91,14.5,5143.0,-0.1,-0.34993,0.81,0.78
Kepler-1545 b,Kepler-1545,163.692349,0.5442,0.0,274.0,1.408,2.16,2.7,7.75,5201.0,-0.06,-0.27681,0.84,0.8
Kepler-1774 b,Kepler-1774,59.77080154,0.29496,0.0,522.0,16.4,1.74,3.18179549,10.2,6214.0,-0.02,0.19049,1.101,1.122
KOBE-1 b,KOBE-1,8.5399,0.07006,0.0,594.4,20.56,1.96,2.91,8.8,4135.0,-0.01,-0.99576,0.629,0.619
Kepler-1852 b,Kepler-1852,7.970940113,0.0762,0.0,760.0,79.1,3.46,1.88610592,4.22,5237.0,0.24,-0.43168,0.927,0.826
Kepler-1196 b,Kepler-1196,66.1849031,0.3179,0.0,436.0,8.302,2.77,2.23,5.6,5756.0,0.0,-0.04702,0.98,0.97
TOI-1221 b,TOI-1221,91.68278,0.387,0.21,440.0,6.06,,2.91,1112.3994245,5592.0,0.06,-0.01689,0.93,1.031
Kepler-324 c,Kepler-324,51.805612,0.26,0.0,410.0,7.233,1.73,3.15,6.2,5194.0,0.18,-0.30825,0.901,0.84
Kepler-1122 b,Kepler-1122,42.1917357,0.2315,0.0,526.0,23.263,3.12,2.04,4.82,5544.0,-0.03,0.05875,0.92,0.89
Kepler-1826 b,Kepler-1826,1.615360022,0.0213,0.0,806.0,99.32,4.76,1.47519116,2.78,3821.0,-0.28,-1.12218,0.49,0.486
HD 134606 c,HD 134606,58.883,0.3007,0.055,527.65,12.84,1.62,3.37,11.31,5576.0,0.343,0.06483,1.046,1.158
TIC 150070085 b,TIC 150070085,10.47423,,,945.06,,1.48,3.62,12.8,5999.0,0.087,0.13672,1.16,1.086
HIP 75092 b,HIP 75092,926.4,2.02,0.42,353.19,2.5659,1.27,13.5,568.91284853,4891.0,-0.01,1.01995,1.28,4.53
Kepler-828 b,Kepler-828,0.567857136,0.01228,0.0,1848.0,1835.159,4.61,1.51,2.89,5039.0,-0.02,-0.54299,0.81,0.77
HD 5278 b,HD 5278,14.339156,0.1202,0.08,943.0,132.0,2.9,2.45,7.8,6203.0,-0.12,0.28035,1.126,1.194
Kepler-1157 b,Kepler-1157,4.45743164,0.0448,0.0,732.0,95.443,5.6,1.09,1.32,4679.0,0.05,-0.67539,0.76,0.71
Kepler-1610 b,Kepler-1610,8.70181574,0.0777,0.0,750.0,56.212,4.24,1.61,3.22,5383.0,0.1,-0.48291,0.91,0.87
Kepler-1245 c,Kepler-1245,2.936584681,0.0372,0.0,1190.0,328.984,4.91,1.44,2.67,5306.0,-0.01,-0.41093,0.86,0.83
Kepler-431 b,Kepler-431,6.803,0.0719,0.0,1032.0,577.545,4.56,0.764,0.37,6004.0,0.07,0.49839,1.071,1.092
DMPP-4 b,DMPP-4,3.4982,0.04853,0.063,1645.69,1222.8464,1.52,3.53,12.2,6400.0,-0.007,0.45939,1.25,1.38
Kepler-184 d,Kepler-184,29.022358,0.179,0.0,559.0,18.557,2.41,2.49,6.76,5788.0,-0.1958,-0.22509,0.872,0.873
Kepler-1140 b,Kepler-1140,24.0862707,0.1478,0.0,500.0,13.051,2.09,2.77,8.1,4850.0,-0.08,-0.56584,0.76,0.73
TOI-1799 b,TOI-1799,7.094570865,0.072502,0.0,922.72,164.26,7.51,1.642,4.0,5690.0,-0.064,-0.06198,1.01,0.957
Kepler-1696 b,Kepler-1696,65.9409,0.3244,0.0,454.0,10.04,2.05,2.80982017,8.29,5712.0,-0.04,0.13884,1.02,1.19811
Kepler-928 b,Kepler-928,3.932461302,0.0444,0.0,894.0,111.11,4.31,1.59,3.15,4700.0,-0.11,-0.71877,0.73,0.7
Kepler-153 c,Kepler-153,46.90232,0.237,0.0,458.0,6.422,2.35,2.53,6.94,5404.0,-0.27,-0.4463,0.756,0.892
HD 73256 c,HD 73256,2690.0,3.8,0.16,133.92,0.0511,15.4,12.2,5085.254512,5570.0,0.29,-0.13198,1.0,0.944723
HD 175541 b,HD 175541,298.43,0.975,0.11,501.11,9.0363,0.373,14.1,190.06234,5013.0,-0.07,0.934,1.39,4.19
HD 219134 g,HD 219134,94.2,0.3753,0.0,339.34,2.2009,1.68,3.28,10.80622,4913.0,0.08,-0.50864,0.794,0.77
Kepler-708 b,Kepler-708,3.167891938,0.0426,0.0,1221.0,684.765,1.95,2.93,8.91,5692.0,0.01,0.03695,0.97,0.96
WASP-54 b,WASP-54,3.69364,0.04988,0.07,1759.0,1639.1072,0.167,17.71022,187.5197,6100.0,-0.27,0.57477,1.08,1.76
K2-250 b,K2-250,4.01392,0.04606,0.21,1003.0,169.218,2.15,2.71257333,7.81,5003.0,-0.02,-0.44491,0.809,0.797
Kepler-1325 b,Kepler-1325,33.8786838,0.2004,0.0,564.0,18.153,2.01,2.86,8.55,5550.0,0.01,-0.13603,0.93,0.91
Kepler-703 b,Kepler-703,4.583521756,0.0535,0.0,1038.0,373.108,0.509,8.2,51.1,6185.0,0.05,0.06672,1.18,1.27
TOI-1533 c,TOI-1533,8.0637926,0.076,0.0,628.0,25.9007,0.48,7.5,36.6,5146.0,0.24,-0.34679,0.88,0.849
Kepler-957 b,Kepler-957,5.907413537,0.0559,0.0,769.0,124.911,0.855,5.5,25.9,4963.0,-0.01,-0.46836,0.81,0.75
TOI-3856 b,TOI-3856,2.04360352,0.0325,0.083,1544.0,949.0,0.371,13.59649359,171.62733978,5622.0,0.454,0.00087,1.096,1.055
Kepler-1740 b,Kepler-1740,8.172400475,0.0779,0.0,858.0,127.95,1.65,3.32321414,11.0,5705.0,-0.06,-0.07942,0.943,0.905
Kepler-176 d,Kepler-176,25.751974,0.163,0.0,501.0,15.536,0.6,2.51,1.72,5232.0,0.13,-0.40427,0.86,0.891
K2-150 b,K2-150,10.59357,0.0727,,413.19,4.9,3.2,2.0,4.66,3499.0,0.09,-1.58503,0.457,0.436
Kepler-307 b,Kepler-307,10.4208,0.09359,0.0,797.0,59.7,2.62,2.43,7.44,5367.0,0.19,-0.12151,0.907,0.814
Kepler-755 c,Kepler-755,2.853133644,0.037,0.0,1016.0,302.574,5.85,1.26,2.13,5043.0,-0.01,-0.45664,0.82,0.77
Kepler-607 c,Kepler-607,39.67679977,0.21507,0.0,473.0,8.8,2.1,2.76001201,8.05,5244.0,0.02,-0.38192,0.808,0.888
TOI-540 b,TOI-540,1.2391491,0.01223,0.0,611.0,23.4,5.03,0.903,0.674,3216.0,,-2.46092,0.159,0.1895
K2-320 b,K2-320,1.995,0.0142,,698.0,37.1662,2.25,2.62,7.37,3157.0,,-2.12527,0.117,0.3
Kepler-1523 b,Kepler-1523,0.93875077,0.01867,0.0,1676.0,2218.145,4.35,1.58,3.12,5708.0,0.0,-0.09894,0.97,0.96
GJ 463 b,GJ 463,3459.0,3.53,0.146,63.55,0.0024,2.64,13.1,1080.6165838,3563.0,-0.16,-1.52293,0.486,0.483
Kepler-62 c,Kepler-62,12.4417,0.0929,0.0,578.0,28.489,,0.54,4.0,4925.0,-0.37,-0.678,0.69,0.64
HD 222582 b,HD 222582,572.38,1.34,0.73,256.39,0.7253,7.31,12.6,2660.2371,5790.0,0.01,0.11471,1.12,1.13
Kepler-210 c,Kepler-210,7.972513,0.07,0.0,497.0,25.44,1.48,3.62,12.8,4559.0,0.2772,-0.79874,0.77,0.65
Kepler-1551 b,Kepler-1551,24.4973698,0.1772,0.0,722.0,60.421,2.21,2.66,7.56,6136.0,0.01,0.24402,1.14,1.22
TIC 188624430 b,TIC 188624430,6.21860433132,,,,,1.46,3.64811843,12.9,5369.46,,-0.33522,0.929,0.786574
Kepler-1174 b,Kepler-1174,6.89225223,0.0732,0.0,1156.0,641.814,4.31,1.59,3.15,5936.0,-0.04,0.55531,1.04,1.04
Kepler-269 c,Kepler-269,8.127899,0.081,0.0,875.0,342.6,3.98,1.69,3.5,5847.0,0.4,0.36836,0.92,0.959
Kepler-607 b,Kepler-607,0.638163204,0.0137,0.0,1874.0,2302.613,4.92,0.87,0.59,5196.0,-0.02,-0.38192,0.84,0.8
Kepler-1981 b,Kepler-1981,453.54212,1.3292,0.0,390.0,5.45,0.437,9.23,62.5,5874.0,0.12,0.24356,1.519,3.006
TOI-6041 c,TOI-6041,88.0,0.3721,,403.5,4.42,0.37,10.5,77.9,5445.0,0.104,-0.21254,0.885,0.879
HD 109833 c,HD 109833,13.900148,,0.3,756.7,77.4842,2.28,2.59,7.22,5881.0,-0.07,0.07188,1.08,1.0
Kepler-1082 b,Kepler-1082,1.543206604,0.02571,0.0,1827.0,2949.557,5.71,1.12,1.46,5923.0,-0.06,0.3142,1.03,1.14
Kepler-431 d,Kepler-431,11.922,0.1045,0.0,856.0,272.838,5.67,1.11,1.41,6004.0,0.07,0.49839,1.071,1.092
WASP-170 b,WASP-170,2.34478022,0.0337,,1422.0,680.0,1.6,12.285064,508.528,5600.0,0.22,-0.11351,0.93,0.938
K2-74 b,K2-74,19.5666,0.1402,,772.58,59.1,2.65,2.31,5.95,6060.0,-0.21,0.05957,0.96,0.98
TOI-1246 d,TOI-1246,18.654874,0.132,0.0,587.77,28.0,0.73,3.43139739,5.4,5213.0,0.168,-0.30103,0.8889,0.8649
Kepler-372 d,Kepler-372,30.092568,0.201,0.0,660.0,53.471,3.98,1.69,3.5,6509.0,-0.13,0.32073,1.202,1.137
HD 25723 b,HD 25723,457.01,1.49,0.04,698.4,39.6333,1.86,13.3,794.5710175,4766.0,-0.03,1.94443,2.12,13.76
TOI-7155 b,TOI-7155,3.89489711981,,,914.0,116.253,2.51,2.40821473,6.38,4673.03,,-0.69716,0.755,0.670748
Kepler-84 b,Kepler-84,8.726,0.0827,0.0,985.0,222.19,19.8,2.23,40.0,6039.0,-0.07,0.39,1.0,1.43
TOI-3353.01,TOI-3353,4.6657965,0.060118218,,1264.36,313.0426,2.2,2.6667555,7.59,6365.0,,-0.0264,1.332089,1.0207
Kepler-1555 b,Kepler-1555,8.10501635,0.0805,0.0,959.0,483.262,4.24,1.61,3.22,5866.0,0.03,0.38933,1.04,1.06
Kepler-1725 b,Kepler-1725,16.71990013,0.13263,0.0,767.0,84.1,2.05,2.8125177,8.31,6020.0,0.0,0.19852,1.049,1.085
TOI-2104 b,TOI-2104,5.904370457,,,846.0,85.3357,4.54,1.52898127,2.95,4856.13,,-0.56286,0.8,0.723757
Kepler-120 b,Kepler-120,6.312501,0.055,0.0,575.0,42.692,4.7,2.15,8.5,4096.0,-0.12,-0.67701,0.654,0.534
Kepler-627 b,Kepler-627,40.6994443,0.22661,0.0,685.0,39.303,1.42,3.73,13.4,6424.0,0.05,0.38539,1.3,1.49
Kepler-1326 b,Kepler-1326,42.3514267,0.2743,0.0,938.0,47.84,1.23,4.18,16.3,6725.0,0.02,0.52296,1.45,1.74
TOI-1184 b,TOI-1184,5.748433803,0.056027,0.0,715.47,57.54,2.63,2.39,6.8,4534.0,0.017,-0.70115,0.71,0.69
G 192-15 b,G 192-15,2.27476,0.01723,0.0,453.6,7.06,5.33,1.02,1.03,2999.0,,-2.67285,0.132,0.170718
HATS-61 b,HATS-61,7.817953,0.07908,0.092,1226.1,374.2,2.47,13.394755,1080.622,5542.0,0.247,0.36922,1.076,1.664
Kepler-684 b,Kepler-684,6.770302008,0.064,0.0,812.0,102.87,1.62,3.36,11.2,5493.0,-0.11,0.20867,0.89,0.86
WASP-159 b,WASP-159,3.840401,0.0538,0.0,1850.0,1599.92,0.28,15.46842,174.8065,6120.0,0.22,0.678,1.41,2.11
K2-26 b,K2-26,14.5665,0.0962,,430.0,5.8,2.2,2.67,7.61,3785.0,-0.13,-1.3098,0.56,0.52
TIC 9344899 b,TIC 9344899,8.5821566,0.0815,0.029,923.0,149.861,44.1,9.16,6170.0,5800.0,0.07,0.03342,0.98,1.06
WASP-194 b,WASP-194,3.183387,0.047,0.0,1693.0,1365.0,0.55,15.47960235,373.13054982,6405.0,0.0,0.48157,1.29,1.409
Kepler-1956 b,Kepler-1956,5.943719864,0.0563,0.0,674.0,48.82,5.61,1.08940238,1.32,4391.0,0.04,-1.04512,0.671,0.682
K2-335 b,K2-335,12.283211,,,949.0,,2.81,2.21,5.52,6222.0,0.1,0.39509,1.23,1.33
Kepler-352 c,Kepler-352,16.332995,0.118,0.0,591.0,26.373,5.97,1.24,2.07,5212.0,-0.11,-0.43235,0.798,0.781
Kepler-1175 b,Kepler-1175,37.94563,0.2181,0.0,515.0,12.938,1.9,2.99,9.22,5453.0,-0.04,-0.3398,0.9,0.86
TOI-2453 b,TOI-2453,4.44143463188,,,550.78,21.749,1.71,3.24380341,10.6,3720.23,,-1.41349,0.500519,0.502498
TOI-3523 A b,TOI-3523 A,2.30458952,0.03559,0.047,1984.0,2590.0,0.587,15.9727975,435.42491759,6450.0,-0.366,0.51455,1.131,1.448
Kepler-1586 b,Kepler-1586,15.6049212,0.12208,0.0,1013.0,105.771,4.57,1.52,2.92,6681.0,0.06,0.18311,1.45,1.75
TOI-1062 c,TOI-1062,7.972,0.08,0.14,859.0,95.0,1.8,3.1,9.78,5328.0,0.14,-0.27446,0.94,0.84
Kepler-30 b,Kepler-30,29.33434,0.18,0.042,524.0,16.379,1.02,3.9,11.3,5498.0,0.18,-0.23658,0.99,0.95
Kepler-1285 b,Kepler-1285,14.7967458,0.12758,0.0,874.0,181.591,5.24,0.97,0.871,6170.0,0.16,0.48088,1.2,1.28
TOI-1230.01,TOI-1230,25.05734661842,,,1046.51,199.1147,2.54,2.38627705,6.29,5696.0,,0.21468,1.14,1.15281
Kepler-416 b,Kepler-416,6.319,0.0674,0.0,986.0,224.089,21.0,2.48,58.2,5718.0,0.1259,0.02791,1.0,1.075
Kepler-416 c,Kepler-416,12.209,0.10454,0.0,791.0,93.072,2.59,2.352,6.13,5718.0,0.1259,0.02791,1.0,1.075
KOI-142 c,KOI-142,22.26492,0.154121003,0.05724,635.87,28.7874,0.429,14.0,214.1,5466.0,0.27,-0.16507,0.99,0.897
HD 114082 b,HD 114082,225.5504,0.791,0.0,949.67,192.2293,1.7,11.72459381,508.5254512,6610.0,0.0,0.57749,1.28,1.482
Kepler-103 c,Kepler-103,179.60978,0.6679,0.103,434.0,5.97,1.98,5.4539,58.47,6047.0,0.15,0.42431,1.212,1.492
Kepler-433 b,Kepler-433,5.33408384,0.0679,0.119,1776.0,1682.66,1.13,16.25,896.24,6360.0,-0.01,0.88,1.46,2.26
CoRoT-8 b,CoRoT-8,6.21229,0.063,0.0,870.0,19.817,1.6,6.39,69.92,5080.0,0.3,-0.4,0.88,0.77
Kepler-361 c,Kepler-361,55.188023,0.3,0.0,568.0,33.948,2.37,2.52,6.9,6169.0,0.04,0.45876,1.191,1.343
TOI-5728 b,TOI-5728,11.49761,,,382.0,3.512,5.55,1.31,2.27,3419.0,-0.12,-1.74669,0.36,0.37
Kepler-568 b,Kepler-568,11.02347475,0.0794,0.0,429.0,8.37,2.73,2.26,5.73,3768.0,0.11,-1.33039,0.55,0.53
Kepler-1923 b,Kepler-1923,52.60969925,0.2846,0.0,553.0,8.63,3.29,1.95958179,4.5,5881.0,0.16,0.257,1.109,1.294
Kepler-1208 b,Kepler-1208,11.08507637,0.0901,0.0,665.0,37.664,2.64,2.32,5.99,5001.0,-0.03,-0.55349,0.8,0.76
Kepler-406 c,Kepler-406,4.62332,0.05531,0.0,1050.0,349.769,24.39,0.85,2.71,5538.0,0.18,0.0482,1.07,1.07
Kepler-1910 b,Kepler-1910,5.688769817,0.0536,0.0,645.0,40.88,5.89,1.184,1.78,4234.0,-0.02,-0.927,0.636,0.639
Kepler-1655 b,Kepler-1655,11.8728787,0.1029,0.19,938.0,129.1,2.72,2.213,5.4,6148.0,-0.24,0.14315,1.03,1.03
HD 191939 g,HD 191939,284.0,0.812,0.03,278.0,0.99,1.42,3.74,13.5,5348.0,-0.15,-0.18709,0.81,0.94
HD 87816 c,HD 87816,7596.0,10.14,0.19,226.65,0.4396,11.2,12.4,3877.5065654,4989.0,0.14,1.65514,2.41,9.0
Kepler-185 c,Kepler-185,20.729042,0.139,0.0,530.0,16.029,3.16,2.02,4.74,5208.0,-0.14,-0.50448,0.763,0.806
TOI-707 b,TOI-707,52.79918,0.275,,491.7,10.9718,2.5,2.416,6.42,5424.0,0.16,-0.10846,0.99,0.978
Kepler-738 b,Kepler-738,24.58721573,0.1552,0.0,530.0,27.644,2.39,2.5,6.8,5327.0,-0.09,-0.21263,0.86,0.82
Kepler-725 c,Kepler-725,207.541,0.6744,0.436,268.0,1.4,1.82,3.08,9.7,5395.0,0.14,-0.31304,0.95,0.88
Kepler-658 b,Kepler-658,1.287076762,0.0188,0.0,871.0,223.745,4.17,1.63,3.29,4103.0,-0.04,-0.89922,0.63,0.6
HD 235088 b,HD 235088,7.4341325,0.0706,0.0,805.0,70.0,2.922216,1.982,4.15,5075.0,-0.02,-0.4437,0.849,0.772
Kepler-93 b,Kepler-93,4.72673978,0.05343,0.0,1133.0,275.0,7.93,1.478,4.66,5669.0,-0.18,-0.10565,0.911,0.919
Kepler-596 b,Kepler-596,21.30022655,0.15161,0.0,725.0,82.302,1.57,3.46,11.8,6267.0,0.03,0.31445,1.21,1.32
K2-174 b,K2-174,19.562307,0.126,,455.0,10.9555,2.27,2.6,7.27,4455.0,0.113,-0.77269,0.7,0.676
TOI-2154 b,TOI-2154,3.8240801,0.0513,0.117,1580.0,1005.895,0.37,16.28664896,292.40213444,6280.0,0.011,0.43457,1.233,1.396
Kepler-1357 b,Kepler-1357,3.0091324,0.041,0.0,1177.0,449.975,5.71,1.28,2.18,5597.0,-0.06,-0.14555,0.93,0.9
Kepler-1807 b,Kepler-1807,10.86060047,0.0988,0.0,1108.0,356.24,2.16,2.70393215,7.77,6455.0,-0.36,0.60255,1.087,1.496
GJ 3378 b,GJ 3378,21.45,0.09673,0.0,272.0,0.91,5.5,1.32,2.3,3340.0,-0.09,-2.07058,0.262,0.275
Kepler-256 b,Kepler-256,1.620493,0.027,0.0,1681.0,1225.934,4.31,1.59,3.15,5551.0,0.26,-0.0591,1.037,1.301
NGTS-31 b,NGTS-31,4.162734,0.064,0.0,1410.0,643.0,0.3,18.04645893,355.96781584,5710.0,0.0,0.443,0.96,1.7
TOI-2525 c,TOI-2525,49.2519,0.249,0.157,399.96,6.0478,1.11,10.13291855,208.8132634,5096.0,0.14,-0.44009,0.849,0.785
Kepler-574 b,Kepler-574,7.65880414,0.0723,0.0,858.0,120.47,2.54,2.39,6.3,5612.0,-0.01,-0.21429,0.95,0.91
Kepler-1062 b,Kepler-1062,9.30412078,0.0748,0.0,583.0,33.76,3.78,1.76,3.75,4597.0,0.11,-0.6822,0.75,0.7
HD 28185 c,HD 28185,9090.0,8.5,0.15,94.85,0.0134,5.0,12.8,1906.970442,5602.0,0.19,-0.01323,0.974,1.048
TOI-1836 c,TOI-1836,1.7727471,0.03089,0.0,2007.6,3983.4169,3.0,2.59987579,8.0,6237.0,-0.136,0.56984,1.2518,1.6454
Kepler-414 b,Kepler-414,4.7,0.0543,0.0,1024.0,241.171,3.85,1.71,3.5,5536.0,0.18,-0.16917,0.89,0.946
Kepler-411 d,Kepler-411,58.02035,0.279,0.128,410.0,3.9,2.3,3.319,15.2,4974.0,0.21,-0.57899,0.87,0.82
Kepler-247 c,Kepler-247,9.439452,0.084,0.0,686.0,53.899,1.26,4.09,15.7,5100.0,0.3,-0.42165,0.887,0.768
Kepler-725 b,Kepler-725,39.64372,0.2238,0.231,514.0,12.1,2.3,10.8,521.76244,5395.0,0.14,-0.31304,0.95,0.88
K2-317 b,K2-317,6.22,0.0542,,432.0,4.5848,1.95,2.93,8.91,3387.0,,-1.87068,0.403,0.379
Kepler-1375 b,Kepler-1375,3.3004192,0.0471,0.0,1543.0,2948.362,3.84,1.74,3.68,6704.0,0.09,0.82249,1.47,1.78
TOI-6478 b,TOI-6478,34.005019,0.1136,,204.4,0.0003,1.08,4.6,19.2,3230.0,-0.53,-2.24244,0.23,0.234
Kepler-1338 b,Kepler-1338,0.935118057,0.01937,0.0,2124.0,4712.111,5.09,0.92,0.721,5909.0,0.0,0.24719,1.04,1.05
WASP-59 b,WASP-59,7.919585,0.0697,0.1,670.0,38.0328,2.4,8.687,274.276,4650.0,-0.15,-0.79407,0.719,0.613
K2-63 c,K2-63,25.4556,0.189,,958.85,139.0,1.34,3.9,14.5,6771.0,,0.21948,1.4,1.63
KOI-4978 b,KOI-4978,0.941967,,,,,4.34,0.7,0.271,5050.28,0.18,-0.1769,0.859,0.966
Kepler-1539 b,Kepler-1539,133.3036741,0.4765,0.0,301.0,1.572,2.16,2.7,7.75,5176.0,-0.01,-0.42607,0.84,0.8
Kepler-614 b,Kepler-614,14.03491514,0.1027,0.0,641.0,37.2,2.54,2.39,6.3,5268.0,-0.07,-0.41844,0.85,0.81
Kepler-257 c,Kepler-257,6.581484,0.066,0.0,881.0,88.6,0.875,5.41,25.2,5180.0,0.4,-0.37756,0.916,1.037
TOI-5398 b,TOI-5398,10.590547,0.098,0.13,947.0,118.413,0.29,10.3,58.7,6000.0,0.09,0.11725,1.146,1.051
TOI-1820 b,TOI-1820,4.860674,0.061,0.043,1375.0,292.245,2.0,12.778238,731.0053361,5734.0,0.14,0.29432,1.04,1.51
Kepler-1220 b,Kepler-1220,7.42693741,0.0734,0.0,899.0,177.842,4.57,1.52,2.92,5842.0,-0.04,0.02481,1.0,0.99
TOI-938 b,TOI-938,8.80733882211,,,1073.0,220.735,1.02,4.82401567,20.8,5829.42,,0.04878,1.1,0.985134
Kepler-192 d,Kepler-192,6.47027579,0.0686,0.0,926.0,186.076,5.39,1.02,1.04,5487.0,0.13,-0.09429,0.94,0.94
Kepler-825 b,Kepler-825,3.77360059,0.0453,0.0,1270.0,734.464,4.54,1.53,2.96,5976.0,-0.08,0.11956,1.03,1.08
Kepler-1414 b,Kepler-1414,3.51576315,0.0426,0.0,1033.0,209.464,6.02,1.23,2.04,4951.0,-0.02,-0.46384,0.8,0.75
HD 86950 b,HD 86950,1270.0,2.72,0.17,416.76,4.9065,2.86,13.0,1144.188,4805.0,0.04,1.55991,1.66,8.8
Kepler-1150 b,Kepler-1150,2.787868386,0.0382,0.0,1432.0,153.741,5.39,1.02,1.04,4754.0,0.01,-0.66578,0.76,0.72
Kepler-1765 b,Kepler-1765,10.41889954,0.0917,0.0,855.0,126.48,2.4,2.49508857,6.78,5692.0,0.04,-0.136,0.946,1.064
Kepler-831 b,Kepler-831,5.62153941,0.05984,0.0,992.0,266.249,5.77,1.27,2.15,5732.0,0.02,0.01191,0.99,0.97
K2-257 b,K2-257,1.60588,0.0216,,789.0,89.1463,4.79,0.83,0.498,3725.0,-0.03,-1.38099,0.52,0.5
Kepler-27 d,Kepler-27,6.546289921,0.06578,0.0,810.0,88.2,2.16,2.7061946,7.78,5251.0,0.21,-0.32941,0.926,0.817
HIP 29442 d,TOI-469,6.429575,0.0673,,920.0,203.0,11.0,1.538,5.14,5289.0,0.24,-0.14921,0.901,0.98
Kepler-196 b,Kepler-196,20.739886,0.138,0.0,536.0,20.735,3.42,1.9,4.27,5128.0,0.03,-0.39257,0.839,0.782
Kepler-806 b,Kepler-806,8.09219642,0.07684,0.0,1089.0,413.603,5.75,1.14,1.55,5770.0,0.0,0.40655,0.99,1.16
Kepler-1854 b,Kepler-1854,39.83110046,0.20894,0.0,420.0,7.33,2.29,2.58746104,7.21,5026.0,0.0,-0.479,0.8,0.759
TOI-5624 b,TOI-5624,3.3903473,0.04201,0.0,1136.0,251.103,4.0,2.314,9.4,5327.0,-0.023,-0.31336,0.858,0.82
Kepler-739 b,Kepler-739,12.53248465,0.1054,0.0,775.0,115.963,1.65,3.32,11.0,5601.0,-0.08,0.01798,0.93,0.9
HD 204313 b,HD 204313,2041.11539,3.185,0.1,163.43,0.124,3.75,12.9,1466.7780983,5767.0,0.18,0.09981,1.03,1.1
Kepler-129 d,Kepler-129,2646.0,4.0,0.15,178.86,0.1818,7.25,12.6,2637.9757781,5770.0,0.29,0.46365,1.178,1.653
Kepler-389 c,Kepler-389,14.51143,0.11,0.0,636.0,22.735,4.82,1.46,2.73,5376.0,-0.1,-0.51588,0.765,0.792
K2-158 c,K2-158,5.90279,0.0622,,948.0,177.6001,5.71,1.28,2.18,5503.0,0.07,-0.16298,0.92,0.95
Kepler-864 c,Kepler-864,2.42150341,0.0382,0.0,1532.0,1305.04,4.21,1.62,3.26,6213.0,0.36,0.2078,1.27,1.195
TOI-5800 b,TOI-5800,2.6278838,0.0344,0.3,1108.0,274.163,3.46,2.46,9.5,4850.0,-0.04,-0.51004,0.778,0.773
TOI-2803 A b,TOI-2803 A,1.96229325,0.03185,0.0,1893.0,2150.0,0.287,18.11371281,309.88269682,6280.0,-0.105,0.33646,1.118,1.245
Kepler-1462 b,Kepler-1462,65.6488341,0.3094,0.0,390.0,4.704,1.38,3.82,14.0,5756.0,0.06,-0.31369,1.0,1.0
HD 191939 b,HD 191939,8.8803256,0.0804,0.031,880.0,100.0,1.4,3.41,10.0,5348.0,-0.15,-0.18709,0.81,0.94
HD 212771 b,HD 212771,380.7,1.19,0.076,507.69,10.8749,1.77,13.3,759.6137,5003.0,-0.21,1.18752,1.56,5.27
Kepler-1695 b,Kepler-1695,4.7329,0.0529,0.0,957.0,198.57,5.72,1.11948901,1.46,5473.19,-0.0347,-0.10357,0.96,0.987155
TOI-1782.02,TOI-1782,1.829024227,0.025739,,974.95,214.17,3.57,1.839,4.04,4336.0,,-0.84649,0.68,0.669
WASP-119 b,WASP-119,2.49979,0.0363,0.058,1600.0,907.8624,0.7,15.6926,390.9309,5650.0,0.14,0.07465,1.02,1.2
Kepler-893 b,Kepler-893,6.33855761,0.0699,0.0,1034.0,266.271,1.86,3.03,9.43,5820.0,-0.03,0.05966,1.0,0.99
Kepler-1487 c,Kepler-1487,35.8007112,0.2588,0.0,991.0,227.68,0.529,7.97,48.7,5745.0,0.4,0.55664,1.801,3.955
KOI-7913 b,KOI-7913 A,24.278553,0.1456,0.0,432.0,8.27,2.61,2.34,6.08,4324.0,-0.06,-0.76792,0.76,0.788
TOI-1472 c,TOI-1472,15.5381747,0.116,0.172,662.0,32.7735,3.14,3.334,21.13,5100.0,0.27,-0.35556,0.87,0.84
Kepler-1239 b,Kepler-1239,5.19104016,0.0625,0.0,1183.0,462.91,1.97,2.9,8.75,6564.0,0.22,0.44712,1.4,1.57
Kepler-1902 b,Kepler-1902,3.822220087,0.0385,0.0,601.0,30.84,5.88,1.17563613,1.74,3729.0,0.06,-1.11736,0.52,0.514
Kepler-297 b,Kepler-297,38.871826,0.217,0.0,509.0,16.464,11.3,2.87,48.5,5619.0,-0.11,-0.09608,0.927,0.915
Kepler-351 d,Kepler-351,142.544247,0.5177,0.0,318.0,1.989,2.14,2.72,7.85,5225.0,-0.16,-0.38644,0.81,0.78
K2-136 d,K2-136,25.575,0.1538,0.071,420.0,7.07,4.3,1.565,3.0,4500.0,-0.02,-0.7765,0.742,0.677
Kepler-789 b,Kepler-789,8.63847725,0.0951,0.0,1419.0,312.34,2.96,2.12,5.14,5870.0,-0.06,0.49628,1.01,1.02
K2-279 b,K2-279,7.122605,0.067,,879.0,139.1055,5.96,1.21,1.92,5558.0,-0.37,-0.20451,0.79,0.86
nu Oph c,nu Oph,3180.6,5.829,0.179,341.48,2.3098,24.9,12.0,7838.32346,4887.0,0.1,1.89476,2.61,12.24
KOI-1599.02,KOI-1599,13.6088,0.112293,0.0114,755.0,76.81,7.21,1.9,9.0,5833.0,0.06,0.16196,1.02,0.972
HD 109833 b,HD 109833,9.188526,,0.18,786.0,63.4589,1.98,2.888,8.69,5881.0,-0.07,0.07188,1.08,1.0
HIP 71135 b,HIP 71135,87.19,0.335,0.21,285.11,1.1013,1.1,4.55,18.8,4146.0,,-0.908,0.66,0.681296
K2-147 b,K2-147,0.961939,0.01575,0.38,1077.0,200.1,4.76,1.47286006,2.77,3690.0,-0.02,-1.25181,0.563,0.578
Kepler-11 d,Kepler-11,22.6845,0.155,0.004,653.0,51.115,1.28,3.12,7.3,5663.0,0.05,0.1202,0.961,1.065
K2-131 b,K2-131,0.3693038,0.00936,0.0,2223.0,4070.0,8.8,1.69,7.9,5120.0,-0.04,-0.47906,0.803,0.7595
Kepler-218 d,Kepler-218,124.5244647,0.49884,0.0,356.0,4.118,2.21,2.66,7.56,5542.0,0.31,0.00935,1.01,1.02
TOI-6054.01,TOI-6054,7.501428,0.0763,0.164,1360.0,570.0,3.7,2.64,12.5,6047.0,-0.07,0.52244,1.107,1.662
Kepler-1937 b,Kepler-1937,9.688599586,0.0915,0.0,1014.0,163.1,1.87,3.0229133,9.39,6457.0,-0.06,0.20922,1.19,1.196
HAT-P-56 b,HAT-P-56,2.79083,0.0423,0.29,1840.0,3515.0,0.75,16.92559,734.1873,6566.0,0.0,0.55274,1.42,1.47
HD 8574 b,HD 8574,227.0,0.76,0.3,394.03,4.1197,1.47,13.4,645.1949,6064.0,0.01,0.37649,1.34,1.38
HATS-71 b,HATS-71,3.7955202,0.03745,0.0,586.8,18.0832,0.42,11.478016,117.5971,3405.0,0.17,-1.55988,0.4861,0.4783
K2-341 b,K2-341,36.552551,,,598.0,,1.73,3.21,10.4,5817.0,-0.05,0.12566,0.98,1.16
GJ 1061 b,GJ 1061,3.2073,0.021,0.05,388.11,3.8,5.42,1.04,1.11,2953.0,-0.08,-2.76955,0.12,0.156
Kepler-102 b,Kepler-102,5.286965,0.05521,0.1,857.0,90.0,62.0,0.46,1.1,4909.0,0.11,-0.58436,0.803,0.724
K2-194 b,K2-194,39.721386,,,,,1.47,3.64229858,12.9,5979.0,0.1,0.36302,1.110086,1.281115
Kepler-915 b,Kepler-915,4.59489604,0.05655,0.0,1319.0,844.751,4.66,1.5,2.86,6173.0,0.08,0.50553,1.21,1.38
TIC 241249530 b,TIC 241249530,165.7719,0.641,0.9412,438.94,6.2305,3.7,13.29385111,1582.78546686,6166.0,0.09,0.40824,1.271,1.397
TOI-5795 b,TOI-5795,6.1406325,0.064,0.25,1136.78,240.6761,0.73,5.62,23.66,5715.0,-0.27,0.05308,0.901,1.082
K2-196 b,K2-196,48.324222,,,,,1.48,3.59970536,12.6,6045.0,0.01,0.64355,1.162095,1.538801
Kepler-1315 b,Kepler-1315,0.84338011,0.01617,0.0,1541.0,897.9,5.19,1.38,2.48,4861.0,0.07,-0.62783,0.8,0.75
TOI-5599 b,TOI-5599,5.43691503941,,,1496.0,833.218,0.605,7.1888212,40.9,6137.02,,0.70069,1.21,1.91334
Kepler-1912 b,Kepler-1912,6.059219837,0.06489,0.0,976.0,201.8,5.3,1.35670508,2.41,5734.0,0.04,-0.04936,0.977,0.962
TOI-1260 c,TOI-1260,7.493134,0.0657,0.0,651.0,29.81,3.45,2.76,13.2,4227.0,-0.1,-0.88941,0.679,0.672
Kepler-306 e,Kepler-306,44.840975,0.227,0.0,390.0,6.185,2.71,2.27,5.77,4954.0,-0.13,-0.4693,0.75,0.719
K2-396 b,K2-396,0.673862,,,,,4.35,1.579,3.12,5236.0,0.237,-0.23007,0.954,0.92
HD 10442 b,HD 10442,1032.3,2.01,0.132,234.49,0.5054,1.03,13.6,472.61321,4912.0,0.11,0.31,1.01,1.97
Kepler-198 c,Kepler-198,49.567416,0.259,0.0,465.0,11.354,2.43,2.47,6.66,5574.0,0.1142,-0.1089,0.995,0.94
Kepler-129 b,Kepler-129,15.79,0.13,0.01,910.0,158.306,8.1,2.4,20.0,5770.0,0.29,0.46365,1.178,1.653
Kepler-1549 b,Kepler-1549,214.886545,0.6687,0.0,286.0,1.184,2.31,2.57,7.13,5324.0,0.02,-0.27333,0.88,0.84
HD 8326 b,HD 8326,158.991,0.533,0.2,287.23,1.1342,0.416,9.58,66.6,4914.0,0.0399,-0.49184,0.8,0.783181
Kepler-1800 b,Kepler-1800,4.562029839,0.05098,0.0,1533.0,242.0,5.33,0.99679734,0.961,5343.0,0.08,-0.18759,1.33,2.506
TOI-1742 b,TOI-1742,21.269084,0.154,0.3,694.09,58.618,4.0,2.36507598,9.7,5815.0,0.193,0.12123,1.0861,1.131
BD+45 564 b,BD+45 564,307.88,0.83,0.12,238.82,0.579,0.944,13.6,432.24663352,5004.0,-0.09,-0.39918,0.81,0.813064
HD 11343 c,HIP 8541,228.53731,0.923,0.169,613.29,23.9661,0.523,13.9,255.53403923,4672.0,-0.19,1.31,2.009,6.84
TOI-2295 b,TOI-2295,30.033302,0.1992,0.334,747.0,42.0912,0.34,16.47720163,278.09985612,5730.0,0.316,0.31387,1.168,1.459
Kepler-656 c,Kepler-656,5.25449393,0.0602,0.0,975.0,213.25,5.04,1.41,2.57,5550.0,0.46,-0.29864,1.05,0.954
Kepler-1941 b,Kepler-1941,31.33510017,0.2054,0.0,666.0,46.53,2.22,2.64976949,7.51,6404.0,-0.06,0.43611,1.175,1.142
Kepler-1311 d,Kepler-1311,197.5110016,0.68434,0.0,391.0,6.0,0.412,9.65837605,67.5,5616.0,0.04,0.47186,1.032,1.674
Kepler-1316 b,Kepler-1316,87.9732136,0.39765,0.0,446.0,10.714,1.52,3.54,12.3,5884.0,0.03,0.25347,1.04,1.12
TOI-6954 b,TOI-6954,4.02074127419,,,930.0,124.569,1.46,3.63524486,12.8,5170.87,0.03,-0.28972,0.834,0.947112
WASP-7 b,WASP-7,4.9546416,0.0617,0.034,1487.0,2423.4747,0.55,14.90797,305.1168,6400.0,0.0,0.53682,1.276,1.432
DS Tuc A b,DS Tuc A,8.138268,,0.0,850.0,317.6063,,5.7,413.179,5428.0,0.0,-0.13966,1.01,0.964
TOI-128.01,TOI-128,4.9404681,0.05381019,,1344.51,182.406,2.8,2.21898,5.56,6086.0,,0.18874,0.851969,1.13
TOI-209 b,TOI-209,4.37943587445,,,845.78,120.936,2.53,2.3947209,6.32,4806.66,,-0.53714,0.81,0.742779
TOI-261.01,TOI-261,3.3639254,0.034792189,,1722.49,874.7956,1.85,3.0449863,9.51,5890.3,-0.35,0.24978,0.496728,1.28018
TOI-261.02,TOI-261,13.03935862135,,,1007.53,243.5261,1.64,3.34822227,11.2,5890.3,-0.35,0.24978,1.069,1.31383
TOI-262 b,TOI-262,11.14529,0.163,,584.0,56.9133,3.06,2.07,4.94,5310.0,0.26,-0.28987,0.913,0.853
TOI-2040 b,TOI-2040,3.8608576,0.0473,0.109,1070.0,216.0,1.24,10.32347122,248.22398587,5132.0,0.3,-0.22185,0.92,0.87
TOI-2227 b,TOI-2227,4.22175815648,,,1539.88,933.4062,1.81,3.09885187,9.79,5889.54,-0.0503,0.1619,1.03,1.20847
TOI-2977 b,TOI-2977,2.3505614,0.03386,0.0,1544.0,947.8,1.28,13.15934334,533.95172376,5691.0,0.013,0.03703,0.936,1.073
Kepler-256 d,Kepler-256,5.839172,0.064,0.0,1097.0,221.1,2.42,2.48,6.71,5551.0,0.26,-0.0591,1.037,1.301
K2-90 c,K2-90,2.900706,0.035,0.19,908.07,80.8,5.6,1.3,2.24,4421.98,-0.225,-0.95318,0.704613,0.634754
HD 11506 d,HD 11506,26500.0,18.2,0.29,77.07,0.0066,12.0,12.3,4068.2036096,6123.0,0.3,0.33685,1.22,1.24
Kepler-1118 b,Kepler-1118,38.6715075,0.2079,0.0,502.0,20.011,2.12,2.74,7.95,5688.0,0.0,-0.06047,0.96,0.97
K2-247 c,K2-247,6.49424,0.0615,,688.0,34.7304,2.84,2.19,5.43,4667.0,-0.08,-0.88154,0.74,0.69
K2-322 b,K2-322,8.205,0.0594,,635.0,25.9048,3.38,1.92,4.35,4141.0,,-1.03905,0.63,0.602
HD 141004 b,HD 141004,15.5083,0.1238,0.16,950.73,144.73,1.4,3.77,13.63483866,5885.38,0.0247,0.346,1.051904,1.389372
Kepler-168 c,Kepler-168,13.193242,0.116,0.0,862.0,169.002,2.17,2.69,7.7,6282.0,0.09,0.36071,1.113,1.107
Kepler-419 b,Kepler-419,69.7546,0.37,0.833,613.0,37.416,3.5,10.8,794.5,6430.0,0.176,0.7268,1.39,1.74
TOI-4153 b,TOI-4153,4.6174141,0.06311,0.039,1669.0,1212.0072,0.477,16.11851425,365.50266805,6860.0,0.317,0.71349,1.572,1.605
TOI-1422 c,TOI-1422,34.5633,0.205,0.2,628.0,26.5556,4.3,2.61,14.0,5840.0,-0.028,0.04766,0.9903,1.019
TOI-4155 b,TOI-4155,3.320729,,,1255.0,586.762,1.73,3.21,10.4,5724.0,0.11,0.0658,1.16,0.95
GJ 9689 b,GJ 9689,18.27,0.1139,0.29,453.04,4.8635,1.83,3.07,9.65,3836.0,0.05,-1.2,0.59,0.57
Kepler-169 d,Kepler-169,8.348125,0.075,0.0,702.0,55.53,5.91,1.25,2.1,4997.0,0.17,-0.49611,0.825,0.763
Kepler-191 d,Kepler-191,5.945041017,0.06104,0.0,857.0,99.6,2.7,2.28,5.82,5215.0,-0.05,-0.4145,0.84,0.8
K2-8 b,K2-8,10.35239,0.0856,,631.0,37.7,1.5,3.58,12.5,4870.0,-0.02,-0.55319,0.78,0.74
HATS-33 b,HATS-33,2.5495551,0.03727,0.08,1429.0,757.1284,0.79,13.78707,378.85336,5659.0,0.29,-0.01773,1.062,1.022
Kepler-1464 b,Kepler-1464,31.7785901,0.20066,0.0,564.0,89.473,4.07,1.66,3.39,5828.0,0.03,0.42978,1.02,1.01
Kepler-805 b,Kepler-805,30.8638931,0.19852,0.0,743.0,86.473,1.98,2.89,8.7,6112.0,-0.06,0.5408,1.19,1.65
17 Sco b,17 Sco,578.38,1.45,0.06,847.51,85.4316,3.51,12.9,1373.01871824,4157.0,-0.01,2.25435,1.22,25.92
Kepler-264 c,Kepler-264,140.101261,0.566,0.0,511.0,15.347,2.04,2.83,8.4,6158.0,0.0469,0.68915,1.426,1.55
HR 858 b,HR 858,3.585287,0.04888,0.0,1552.0,989.7,2.44,2.004,3.55,6354.0,0.025,0.36361,1.204,1.258
Kepler-941 b,Kepler-941,17.42395198,0.1311,0.0,722.0,47.032,1.82,3.08,9.69,5539.0,-0.15,-0.20576,0.89,0.86
Kepler-1832 b,Kepler-1832,3.138789892,0.037,0.0,1022.0,257.32,6.01,1.22719556,2.02,5242.0,-0.54,-0.33658,0.684,0.722
TOI-833 b,TOI-833,1.0418777,0.0171,,1118.0,270.0682,5.77,1.27,2.15,3920.0,,-1.11104,0.61,0.6
HD 38283 b,HD 38283,363.20001,1.02,0.41,348.58,2.4745,0.255,14.0,127.132,5981.0,-0.18,0.41069,1.37,1.49
Kepler-341 b,Kepler-341,5.195528,0.06,0.0,1085.0,422.097,5.89,1.18,1.76,6012.0,0.07,0.12721,0.976,1.024
TIC 153919886 b,TIC 153919886,2.10510492329,,,,,2.16,2.70601108,7.78,4137.16,,-1.16922,0.581261,0.591697
Kepler-1669 b,Kepler-1669,9.51216,0.0745,0.0,530.0,18.66,2.08,2.78043818,8.15,4303.0,-0.23,-0.80265,0.67,0.714145
Kepler-295 c,Kepler-295,21.526258,0.142,0.0,621.0,141.4,5.87,1.17,1.71,5603.0,-0.03,0.62949,0.89,0.898
NN Ser c,NN Ser,6987.0,5.35,0.089,,,6.4,12.6,2329.6,57000.0,,,0.535,
Kepler-1802 b,Kepler-1802,15.45020008,0.0662,0.0,581.0,26.91,4.04,1.671,3.43,4245.0,0.0,-0.925,0.649,0.637
TOI-6008 b,TOI-6008,0.8574347,0.010777,,707.0,41.5,,1.03,4.0,3075.0,0.3,-2.32873,0.23,0.242
Kepler-1437 b,Kepler-1437,10.9295461,0.0951,0.0,770.0,83.14,5.24,1.37,2.45,5557.0,-0.02,0.31615,0.93,0.9
Kepler-330 b,Kepler-330,8.25978,0.075,0.0,714.0,66.578,5.34,1.35,2.39,5117.0,0.16,-0.44191,0.848,0.722
Kepler-100 c,Kepler-100,12.8159,0.11061,0.02,939.0,208.657,1.721102,2.2,7.05,5825.0,0.02,0.39445,1.08,1.49
K2-377 b,K2-377,12.832235,,,,,3.97,1.693,3.51,4200.0,-0.008,-0.81809,0.821,0.691
Kepler-554 b,Kepler-554,1.902208556,0.03022,0.0,1346.0,877.945,1.18,4.29,17.0,5447.0,0.14,-0.11758,0.93,0.92
Kepler-208 e,Kepler-208,16.259458,0.132,0.0,880.0,106.345,4.73,1.48,2.79,6092.0,-0.0423,0.30912,1.082,1.314
Kepler-1287 b,Kepler-1287,11.47685909,0.0976,0.0,796.0,78.156,4.5,1.54,2.99,5715.0,-0.05,-0.09078,0.96,0.94
Kepler-646 b,Kepler-646,15.87364565,0.11251,0.0,632.0,38.229,3.22,1.99,4.62,5634.0,-0.07,-0.25878,0.93,0.91
Kepler-1880 b,Kepler-1880,6.309219837,0.054,0.0,606.0,31.73,2.97,2.11686218,5.13,4380.0,-0.92,-0.76168,0.524,0.53
Kepler-587 b,Kepler-587,10.94027841,0.0952,0.0,764.0,70.965,2.77,2.23,5.6,5549.0,-0.05,-0.23792,0.92,0.89
EPIC 201238110 b,EPIC 201238110,28.1656,,,,,3.5,1.87,4.16,3587.0,,-1.50834,0.41,0.374
K2-240 c,K2-240,20.523,0.1159,,389.0,3.9456,3.67,1.8,3.89,3810.0,-0.1,-1.27572,0.58,0.54
Kepler-1495 b,Kepler-1495,85.273256,0.3677,0.0,443.0,9.1,1.94,2.94,8.96,5831.0,0.06,0.0523,1.03,1.04
Kepler-508 b,Kepler-508,25.30889748,0.17274,0.0,710.0,60.372,4.15,1.64,3.33,6025.0,0.18,0.28949,1.16,1.25
HD 191939 f,HD 191939,2898.0,3.71,0.0,125.0,0.0472,2.19,13.2,915.34581216,5348.0,-0.15,-0.18709,0.81,0.94
HN Peg b,HN Peg,,773.0,,10.77,0.0,23.5,11.7768,6991.57,6186.0,-0.036,0.06024,1.08,1.006954
K2-413 b,K2-413,0.8094,0.0117,,1535.2,921.755,4.55,0.7599,0.363,4116.0,-0.205,-0.83322,0.808,0.7
KOI-351 h,KOI-351,331.60296,0.97062,0.0276,294.0,1.849,0.911829,11.252,203.0,6031.13,0.083,0.26853,1.242,1.185
HD 60779 c,HD 60779,104.79,,0.041,,,0.801,5.79,28.3,6081.0,-0.12,0.19479,1.05,1.129
K2-19 c,K2-19,11.906,0.0982,0.1,679.0,51.0,0.877,4.1,11.0,5322.0,0.06,-0.29196,0.88,0.82
TOI-3160 A b,TOI-3160 A,3.971281,0.0505,0.18,1539.0,933.0,0.79,13.7646283,378.21580433,6190.0,-0.114,0.3784,1.088,1.346
Kepler-1333 b,Kepler-1333,109.6471842,0.4382,0.0,428.0,3.298,2.06,2.81,8.3,5628.0,-0.04,-0.18777,0.94,0.92
Kepler-1715 b,Kepler-1715,35.59730148,0.22429,0.0,646.0,53.0,1.24,4.14042267,16.0,6212.0,-0.04,0.41691,1.082,1.209
Kepler-1885 b,Kepler-1885,2.522559881,0.036,0.0,1205.0,499.07,4.6,1.51110555,2.89,5591.0,0.07,-0.17642,0.977,0.86
TOI-1803 c,TOI-1803,12.885779,0.097,0.0,588.0,22.0,0.419035,4.29,8.0,4687.0,0.014,-0.65365,0.756,0.715
Kepler-1116 b,Kepler-1116,41.6977827,0.233,0.0,488.0,15.793,2.34,2.54,6.99,5641.0,0.01,-0.14676,0.95,0.93
Kepler-232 b,Kepler-232,4.431222,0.054,0.0,1104.0,410.583,1.82,3.08,9.69,5847.0,0.03,0.05183,0.97,0.968
HD 141399 d,HD 141399,1069.8,2.09,0.074,220.0,0.364,0.801,13.7,375.0394,5600.0,0.35,0.2014,1.07,1.387236
Kepler-398 d,Kepler-398,6.83437001,0.0618,0.0,636.0,40.831,4.96,0.88,0.615,4557.0,-0.06,-0.81101,0.72,0.67
HD 158259 b,HD 158259,2.178,,,1462.0,759.183,6.12,1.28228,2.22,5801.89,,0.21233,1.08,1.21
Kepler-577 b,Kepler-577,25.69578251,0.1348,0.0,314.0,5.688,2.33,2.55,7.04,4984.0,-0.14,-0.555,0.78,0.73
Kepler-953 b,Kepler-953,88.40655258,0.392,0.0,410.0,5.84,1.22,4.21,16.5,5416.0,0.26,-0.119,0.95,0.99
HD 124330 b,HD 124330,270.66,0.86,0.34,348.79,2.9422,0.477,14.0,238.37130525,5873.0,0.22,0.33766,1.15,1.30446
Kepler-1966 b,Kepler-1966,8.617429733,0.0763,0.0,733.0,68.28,5.66,1.10479327,1.39,5009.0,0.16,-0.56655,0.797,0.84
Kepler-212 c,Kepler-212,31.805174,0.207,0.0,664.0,54.662,2.12,2.74,7.95,5852.0,0.22,0.38347,1.166,1.455
HD 238914 b,HD 238914,4100.0,5.7,0.56,343.67,2.179,5.0,12.8,1906.98,4769.0,-0.25,1.85,1.47,12.73
Kepler-44 b,Kepler-44,3.2467293,0.0446,0.066,1544.0,1109.223,0.93,12.22,317.82,5800.0,0.15,0.34743,1.12,1.35
Kepler-158 b,Kepler-158,16.709184,0.111,0.0,500.0,13.634,2.96,2.12,5.14,4623.0,-0.3,-0.75667,0.655,0.624
Kepler-1080 b,Kepler-1080,77.2548396,0.3781,0.0,548.0,55.45,1.68,3.28,10.8,5956.0,0.09,0.86064,1.1,1.16
Kepler-1228 b,Kepler-1228,0.577369579,0.01186,0.0,1757.0,1598.664,4.5,1.54,2.99,5063.0,-0.18,-0.5546,0.78,0.74
TOI-5786 b,TOI-5786,12.779107,0.114,,1040.0,374.462,0.64,8.54,73.0,6235.0,0.08,0.39733,1.23,1.36
Kepler-1850 b,Kepler-1850,1.385800004,0.0206,0.0,1008.0,245.15,4.44,0.72909663,0.313,4239.0,-0.22,-0.81005,0.611,0.6
75 Cet c,75 Cet,2051.62,3.929,0.023,376.92,3.3569,0.593,13.9,289.85950718,4809.0,0.1,1.7145,1.92,10.38
TOI-2345 b,TOI-2345,1.0528573,0.01705,,1478.0,791.0,5.64,1.504,3.49,4687.0,-0.1,-0.63639,0.727,0.729
DMPP-1 e,DMPP-1,5.516,0.0651,0.07,1314.0,492.4756,3.53,1.86,4.13,6196.0,,0.31955,1.21,1.26
Kepler-260 c,Kepler-260,76.050178,0.332,0.0,372.0,6.775,3.84,1.74,3.68,5250.0,0.29,-0.09198,1.013,0.862
Kepler-1460 b,Kepler-1460,29.9633247,0.1614,0.0,391.0,5.469,3.28,1.96,4.5,4422.0,-0.02,-0.84407,0.7,0.67
HD 133131 B b,HD 133131 B,5769.0,6.15,0.61,112.28,0.0259,1.86,13.3,794.575,5805.0,-0.281,-0.0092,0.93,0.989538
HD 158259 d,HD 158259,5.1980814,,,,,2.87,2.18,5.41,5801.89,,0.21233,1.08,1.21
WASP-138 b,WASP-138,3.634433,0.0494,,1590.0,1133.73,1.2,12.21781,387.7526,6272.0,-0.09,0.43503,1.22,1.36
TOI-5181 A b,TOI-5181 A,3.8922295,0.0522,0.15,1585.0,1053.0,0.76,13.34989601,330.54154328,6060.0,0.208,0.45788,1.25,1.53
Kepler-599 b,Kepler-599,15.65562652,0.1128,0.0,623.0,24.467,2.03,2.84,8.45,5127.0,-0.02,-0.52232,0.83,0.79
Kepler-158 d,Kepler-158,0.645088,,,,,3.26,0.43,0.0472,4895.97,-0.3,-0.75667,0.656,0.668
Kepler-575 b,Kepler-575,9.37891944,0.0788,0.0,803.0,141.987,2.54,2.39,6.3,5710.0,0.0,-0.08379,0.97,0.95
EPIC 246851721 b,EPIC 246851721,6.180235,0.07229,,1401.0,642.0,3.1,11.780659,953.49,6202.0,0.141,0.52634,1.317,1.586
HD 1461 b,HD 1461,5.77152,0.0634,0.172,1185.14,309.8969,2.5,2.42,6.44,5765.0,0.19,0.0954,1.02,1.152288
Gl 725 A b,Gl 725 A,11.2201,0.068,0.0,376.1,3.3572,4.71,1.48,2.78,3433.0,-0.19,-1.809,0.33,0.351
Kepler-1218 b,Kepler-1218,22.9221266,0.15698,0.0,684.0,84.83,4.91,1.44,2.67,5986.0,-0.02,0.36296,1.06,1.1
Kepler-1891 b,Kepler-1891,4.02229023,0.0473,0.0,1017.0,253.28,4.57,1.52139156,2.93,5516.0,-0.14,-0.23134,0.873,0.827
Kepler-782 b,Kepler-782,158.6853308,0.54494,0.0,350.0,3.987,1.73,3.21,10.4,5867.0,-0.14,0.10995,0.98,1.01
Kepler-330 c,Kepler-330,15.955387,0.116,0.0,573.0,27.676,3.31,1.95,4.46,5117.0,0.16,-0.44191,0.848,0.722
Kepler-987 b,Kepler-987,105.3033148,0.4238,0.0,351.0,3.853,1.7,3.26,10.7,5637.0,0.01,-0.14468,0.97,0.91
Kepler-385 d,Kepler-385,56.4159,0.2872,0.0,535.0,15.0,2.25,2.6186448,7.36,5829.0,0.01,0.14374,1.05,1.157
Kepler-115 c,Kepler-115,8.990889,0.087,0.0,960.0,209.101,2.27,2.6,7.27,5979.0,-0.0499,0.22007,1.042,1.205
TOI-2120 b,TOI-2120,5.7998164,0.0377,0.32,384.0,3.61,,2.122,6.8,3131.0,0.39,-2.28651,0.211,0.245
K2-395 b,K2-395,4.803352,,,,,2.28,2.597,7.26,5007.0,-0.033,-0.41264,0.952,0.783
KOI-1833 d,Kepler-968,7.685,0.0634,0.0,613.0,27.35,4.5,2.58,11.02,4413.0,0.13,-0.7626,0.681,0.667
Kepler-734 b,Kepler-734,6.104852856,0.0583,0.0,784.0,89.25,1.51,3.56,12.4,5326.0,-0.17,0.37395,0.85,0.78
HD 104067 c,HD 104067,13.8992,0.1058,0.29,648.36,27.4455,1.44,3.69,13.2,4952.0,0.11,-0.51256,0.82,0.78
Kepler-514 b,Kepler-514,5.65179605,0.06559,0.0,1248.0,506.412,3.9,1.72,3.61,6106.0,0.36,0.35265,1.28,1.44
Kepler-1456 b,Kepler-1456,18.1373829,0.1132,0.0,433.0,8.234,5.75,1.14,1.55,4231.0,-0.09,-0.957,0.64,0.62
TOI-1411 b,TOI-1411,1.4520527,0.02122,0.0,976.4,266.85,6.36,1.19880592,2.0,4115.0,0.012,-1.01323,0.6045,0.614
Kepler-1614 b,Kepler-1614,3.9466141,0.0471,0.0,981.0,276.373,4.7,1.49,2.83,5121.0,-0.17,-0.27096,0.79,0.76
CoRoT-20 b,CoRoT-20,9.24285,0.09,0.59,1024.0,180.8704,8.87,9.41556,1366.669,5880.0,0.14,0.17,1.14,1.02
K2-187 d,K2-187,7.149584,0.072,,865.0,122.8195,2.52,2.4,6.35,5438.0,0.0,-0.19607,0.966999,0.83
HD 44219 b,HD 44219,472.0,1.26,0.41,283.89,1.1462,0.361,14.1,184.34047606,5752.0,0.03,0.26,1.2,1.32
Kepler-142 c,Kepler-142,4.761702,0.057,0.0,1201.0,399.444,2.01,2.86,8.55,5790.0,0.05,0.10706,0.978,1.269
HD 72659 b,HD 72659,3549.0,4.607,0.2393,155.34,0.1115,2.27,13.2,949.67128012,5929.0,-0.02,0.37397,1.033,1.36
Kepler-652 b,Kepler-652,4.182002531,0.04958,0.0,974.0,211.884,2.41,2.49,6.76,5490.0,0.17,-0.27008,0.97,0.88
TOI-332 b,TOI-332,0.777038,0.0159,0.0,1871.0,4180.32,9.6,3.2,57.2,5251.0,0.256,-0.22143,0.88,0.87
K2-62 b,K2-62,6.67199,0.0636,,666.0,46.7,3.16,2.02,4.74,4455.0,-0.1,-0.72658,0.67,0.696
K2-380 b,K2-380,9.401312,,,,,2.13,2.729,7.89,5911.0,-0.049,0.20189,0.993,1.32
K2-224 b,K2-224,4.47904,0.0516,,1002.0,215.6156,4.41,1.56,3.05,5620.0,-0.19,-0.24102,0.91,0.84
Kepler-1066 b,Kepler-1066,1.931559839,0.0298,0.0,1290.0,710.019,2.58,2.36,6.17,5762.0,-0.03,-0.18995,0.98,0.98
Kepler-1315 c,Kepler-1315,6.566060066,0.0635,0.0,777.0,57.6,3.56,1.84398883,4.06,4818.0,0.56,-0.62783,0.809,0.856
TOI-375 d,TOI-375,297.9,0.984,,434.0,5.96,0.973,13.6,445.59542661,5259.9,0.084,0.75997,1.441,2.9
KIC 9663113 b,KIC 9663113,572.3847,1.55346,0.0,264.0,3.356,1.08,4.6,19.2,6065.0,-0.28,0.7919,0.98,1.03
NGTS-12 b,NGTS-12,7.532806,0.0757,0.0,1257.0,416.0,0.223,11.747032,66.10864,5690.0,-0.03,0.33843,1.021,1.589
Kepler-1240 b,Kepler-1240,4.8663815,0.05791,0.0,1121.0,539.129,5.78,1.15,1.6,5682.0,0.04,0.22254,0.98,0.96
KIC 7917485 b,KIC 7917485,840.0,,0.15,,,10.8,12.4,3750.394,7067.0,-0.02,0.99564,1.63,2.009938
HD 26161 b,HD 26161,10942.29013,10.087,0.922,110.98,0.0243,29.5,11.9,9045.39646322,6057.62,-0.0095,0.39304,1.12,1.455981
Kepler-1323 b,Kepler-1323,0.929906678,0.01911,0.0,2291.0,5067.603,4.57,1.52,2.92,6169.0,0.02,0.29462,1.18,1.4
TOI-2379 b,TOI-2379,5.4693827,0.05263,0.342,624.0,25.3,6.21,11.72459381,1830.69162432,3707.0,0.501,-1.12907,0.645,0.622
Kepler-657 b,Kepler-657,24.54350418,0.17337,0.0,616.0,62.2,1.54,3.52,12.2,5808.0,0.03,0.27898,1.01,1.01
K2-198 c,K2-198,3.3596055,,,1229.9,,4.98,1.423,2.61,5212.9,0.094,-0.40084,0.799,0.757
HD 170469 b,HD 170469,1145.0,2.24,0.11,209.6,0.3188,0.411,14.1,209.7678,5842.0,0.29,0.204,1.1,1.24
Kepler-139 d,Kepler-139,7.305699922,0.0755533961,0.0,972.0,172.3,5.270467,1.695,2.0,5622.0,0.35,0.01598,1.078,1.045
Kepler-1639 b,Kepler-1639,9.878482,0.0932,0.0,1003.0,187.848,2.3,2.58,7.18,6150.0,-0.03,0.14514,1.12,1.18
TOI-2580 b,TOI-2580,3.39775,0.048,0.08,2410.0,1730.0,0.22,17.37392009,200.23189641,6120.0,0.26,0.61595,1.33,1.81
Kepler-1000 b,Kepler-1000,120.0181272,0.5326,0.0,473.0,18.0,1.03,4.76,20.3,6453.0,0.35,0.7147,1.4,1.51
TOI-2088 b,TOI-2088,124.72997,0.472,0.0,300.33,1.7338,2.0,3.6831179,37.0,5081.0,0.339,-0.36151,0.9027,0.8481
HIP 98599 b,HIP 98599,2656.0,3.96,0.169,171.08,0.1724,5.84,12.7,2177.12458795,5978.0,-0.12,0.43205,1.19,1.39484
K2-154 b,K2-154,3.67626,0.0405,,715.0,57.5,3.22,1.99,4.62,4097.0,0.21,-1.01773,0.65,0.63
Kepler-240 b,Kepler-240,4.144495,0.048,0.0,864.0,142.736,5.24,1.37,2.45,4985.0,0.41,-0.52355,0.868,0.739
HIP 38594 c,HIP 38594,3477.768,3.805,0.16,79.96,0.006,0.531,7.94,48.4,4086.3,,-1.06243,0.61,0.626646
Kepler-145 c,Kepler-145,42.882,0.26244,0.11,709.0,67.193,2.58,4.32,79.4,6022.0,-0.0014,0.69164,1.32,1.85
Kepler-144 b,Kepler-144,5.885273,0.066,0.0,1253.0,426.719,5.44,1.33,2.33,6075.0,-0.1848,0.28203,1.154,1.235
TOI-1846 b,TOI-1846,3.9306737,0.03646,,568.1,17.35,3.7,1.792,3.87,3568.0,0.169,-1.63714,0.418,0.397
Kepler-1957 b,Kepler-1957,2.186619997,0.0299,0.0,1099.0,345.07,5.16,0.94374867,0.79,4904.0,0.0,-0.60069,0.745,0.772
Kepler-219 b,Kepler-219,4.585512,0.057,0.0,1307.0,456.732,1.93,2.95,9.01,5786.0,0.36,0.2139,1.164,1.491
TIC 365102760 b,TIC 365102760,4.21285367,0.0622,0.406,1676.12,1316.4951,0.437,6.21,19.2,4900.0,0.09,0.707,1.17,3.13
Kepler-1153 b,Kepler-1153,1.755835327,0.0277,0.0,1343.0,761.808,3.86,1.73,3.64,5470.0,0.03,-0.28448,0.91,0.88
Kepler-327 b,Kepler-327,2.549575,0.029,0.0,682.0,73.056,5.67,1.11,1.41,3799.0,-0.2,-1.25964,0.591913,0.492
K2-72 b,K2-72,5.577212,0.04,0.11,466.13,8.5,5.58,1.08,1.28,3360.47,,-1.83673,0.271365,0.330989
TOI-5126 c,TOI-5126,17.8999,0.1439,0.0,971.0,96.0,1.36,3.86,14.2,6150.0,0.18,0.29885,1.24,1.241
Kepler-405 b,Kepler-405,10.613839,0.095,0.0,785.0,55.623,3.04,2.08,4.98,5818.0,-0.06,-0.33143,0.873,0.893
Kepler-451 d,2MASS J19383260+4603591,43.0,,0.0,,,1.25,13.5,559.37799632,29564.0,-0.092,1.45,0.48,0.203
Kepler-1421 b,Kepler-1421,6.9131112,0.07576,0.0,1209.0,649.151,5.12,0.93,0.749,6335.0,0.05,0.59941,1.25,1.42
K2-332 b,K2-332,17.70632,,,266.0,,2.83,2.2,5.48,3315.0,0.09,-2.06542,0.27,0.28
Kepler-1288 b,Kepler-1288,2.76122421,0.04135,0.0,2017.0,1342.5,5.71,1.12,1.46,6132.0,0.14,0.30207,1.2,1.29
GJ 1151 c,GJ 1151,389.7,0.5714,,88.3,0.0102,1.7,3.25,10.62,3280.0,-0.12,-2.47952,0.1639,0.1781
Kepler-80 c,Kepler-80,9.52355,0.0792,0.0079,495.0,36.482,1.22,2.74,6.74,4540.0,0.04,-0.76955,0.73,0.678
Kepler-925 b,Kepler-925,33.8678531,0.1805,0.0,394.0,5.833,2.61,2.34,6.08,4673.0,0.12,-0.68406,0.77,0.72
Kepler-194 d,Kepler-194,52.814973,0.275,0.0,562.0,12.863,2.52,2.4,6.35,6089.0,-0.03,0.0427,0.94,1.025
Kepler-945 b,Kepler-945,31.0033814,0.2037,0.0,616.0,31.702,2.24,2.63,7.41,5718.0,-0.01,0.02447,0.97,0.97
HD 156846 b,HD 156846,359.51001,1.12,0.85,382.49,3.97,9.77,12.4,3391.2461,6090.0,0.15,0.69723,1.38,1.9
TOI-2025 b,TOI-2025,8.8720982,0.0892,0.394,1166.0,343.7178,3.74,11.89272852,1144.1822652,5977.0,0.15,0.38739,1.199,1.459
Kepler-1878 b,Kepler-1878,4.445879936,0.0521,0.0,1063.0,302.6,1.96,2.92019781,8.86,5918.0,-0.26,0.18689,0.956,0.865
Kepler-1447 b,Kepler-1447,56.6747285,0.2836,0.0,522.0,10.349,1.97,2.9,8.75,5722.0,-0.03,-0.04217,0.97,0.95
Kepler-1805 b,Kepler-1805,8.847940445,0.0699,0.0,479.0,12.48,4.47,1.54502915,3.0,3867.0,0.1,-1.17695,0.581,0.552
HD 158259 f,HD 158259,12.028,,,,,2.6,2.35,6.14,5801.89,,0.21233,1.08,1.21
Kepler-370 b,Kepler-370,4.57953,0.054,0.0,1040.0,361.514,4.31,1.59,3.15,5852.0,0.1323,0.00609,0.982,0.9
Kepler-956 b,Kepler-956,5.248672631,0.06017,0.0,1056.0,307.058,1.89,3.0,9.27,6040.0,0.02,0.05208,1.1,1.15
HD 63433 b,HD 63433,7.1079475,0.072,0.24,967.11,145.5707,12.998,2.14,21.755,5553.0,-0.07,-0.1261,0.956,0.934
Kepler-1142 b,Kepler-1142,18.3027248,0.1343,0.0,902.0,147.817,4.77,1.47,2.76,5685.0,0.02,0.43724,0.97,0.96
Kepler-853 b,Kepler-853,7.16892463,0.079,0.0,1187.0,499.301,3.98,1.69,3.5,6350.0,0.07,0.51032,1.3,1.55
Kepler-451 c,2MASS J19383260+4603591,1460.0,,0.29,,,1.14,13.5,511.70373527,29564.0,-0.092,1.45,0.48,0.203
WISPIT 1 b,WISPIT 1,,338.0,,12.94,0.0,9.53,12.4,3305.4154328,4670.0,,-0.32014,0.72,1.1161
TOI-2529 b,TOI-2529,64.5949,0.327,0.021,636.0,70.9731,2.66,11.54525012,743.71847238,5802.0,0.1,0.46389,1.11,1.7
KOI-1599.01,KOI-1599,20.4415,0.14728,0.014,660.0,44.8,3.69,1.9,4.6,5833.0,0.06,0.16196,1.02,0.972
Kepler-1759 b,Kepler-1759,3.720230103,0.0429,0.0,954.0,195.7,5.03,0.9037791,0.676,5017.0,-0.02,-0.56331,0.76,0.797
Kepler-1215 b,Kepler-1215,4.76703963,0.0528,0.0,1046.0,253.964,5.99,1.22,1.98,5616.0,0.01,-0.18176,0.95,0.93
Kepler-1733 b,Kepler-1733,9.229579926,0.0933,0.0,1021.0,257.11,1.46,3.63582354,12.8,6320.0,0.24,0.42985,1.273,1.252
Kepler-357 c,Kepler-357,16.85837,0.12,0.0,576.0,19.404,2.2,2.67,7.61,5036.0,0.06,-0.55635,0.794,0.834
Kepler-194 c,Kepler-194,17.308032,0.131,0.0,815.0,56.955,2.28,2.59,7.22,6089.0,-0.03,0.0427,0.94,1.025
Kepler-1056 b,Kepler-1056,27.495606,0.1629,0.0,590.0,56.91,1.88,3.01,9.32,6127.0,0.02,0.22658,1.12,1.2
Kepler-1424 b,Kepler-1424,29.6091744,0.19068,0.0,629.0,58.6,5.81,1.16,1.65,5838.0,0.01,0.27098,1.02,1.07
Kepler-1642 c,Kepler-1642,6.6513802,0.0678,0.0,1095.0,89.632,2.21,2.66,7.56,5355.0,-0.01,-0.40452,0.88,0.84
HD 164595 b,HD 164595,40.0,0.23,0.088,589.0,19.6697,1.23,4.16,16.14,5790.0,-0.04,0.01725,0.99,1.023606
K2-24 c,K2-24,42.34732,0.262,0.0282,591.0,20.0,0.181,7.93,16.4,5726.0,0.41,0.15836,1.091,1.185
Kepler-235 d,Kepler-235,20.060548,0.122,0.0,401.0,4.03,3.1,2.05,4.86,4255.0,-0.51,-1.10237,0.581,0.554
HD 97037 b,HD 97037,6449.08337,6.925,0.357,120.99,0.0357,20.8,12.1,6707.76852973,5874.1,-0.0773,0.23365,1.06,1.26356
Kepler-776 b,Kepler-776,4.89718784,0.0523,0.0,904.0,135.082,5.71,1.28,2.18,5071.0,0.05,-0.43656,0.83,0.78
K2-352 b,K2-352,3.665912,,,1160.0,,5.24,1.37,2.45,5791.0,-0.05,-0.06326,0.98,0.95
TOI-3288 b,TOI-3288,1.4338647,0.02285,0.021,973.0,213.8,1.6,12.24020692,536.17652261,4072.0,0.65,-0.95195,0.643,0.672
Kepler-1420 b,Kepler-1420,6.69960006,0.0671,0.0,806.0,131.526,5.71,1.28,2.18,5187.0,-0.1,-0.23199,0.82,0.79
K2-333 b,K2-333,14.759287,,,826.0,102.1266,0.736,6.18,31.6,5880.0,0.07,0.16523,1.06,1.22
Kepler-79 e,Kepler-79,81.0665,0.39445,0.025,511.0,18.78,0.48,3.53,3.8,6389.0,0.06,0.342,1.244,1.316
Kepler-20 d,Kepler-20,77.611455,0.3474,0.082,430.0,5.71,4.1,2.606,13.4,5495.0,0.07,-0.16451,0.929,0.9164
DMPP-1 c,DMPP-1,10.03,0.0973,0.22,1239.0,220.4556,1.66,3.31,10.94,6196.0,,0.31955,1.21,1.26
Kepler-947 b,Kepler-947,26.9644317,0.1773,0.0,573.0,51.95,2.7,2.28,5.82,5508.0,-0.07,0.14245,0.9,0.87
Kepler-689 b,Kepler-689,22.36656079,0.1449,0.0,536.0,35.337,1.98,2.89,8.7,5518.0,-0.01,-0.15327,0.91,0.88
NGC 2682 YBP 1194 b,NGC 2682 YBP 1194,6.959,,0.3,,,0.3,12.3,101.7056,5780.0,0.023,-0.01121,1.01,0.99
HD 211970 b,HD 211970,25.201,0.143,0.15,398.77,4.2125,1.46,3.66,13.0,4127.0,,-1.06479,0.61,0.574175
Kepler-336 c,Kepler-336,9.600001,0.092,0.0,967.0,206.91,3.0,2.1,5.06,5867.0,0.337,0.26,1.09,1.304
Kepler-423 b,Kepler-423,2.6843285,0.03585,0.019,1605.0,649.148,0.459,13.361,189.101,5560.0,-0.1,-0.018,0.85,0.95
2M0437 b,2MASS J04372171+2651014,,118.0,,1450.0,0.0,3.18,13.0,1271.313628,3100.0,0.01,-1.16368,0.17,0.84
Kepler-561 b,Kepler-561,58.3620495,0.29256,0.0,446.0,7.565,0.631,6.96,38.7,5646.0,0.02,-0.17974,0.96,0.94
24 Boo b,24 Boo,30.33,0.194,0.032,1840.86,2001.2754,0.574,13.9,280.64248338,4816.0,-0.78,1.87691,1.05,12.19
HD 74156 c,HD 74156,2448.48726,3.678,0.377,187.52,0.186,7.75,12.5,2753.98314665,6068.0,0.131,0.40075,1.1,1.510576
Kepler-1365 c,Kepler-1365,4.77468005,0.05701,0.0,1137.0,864.037,4.69,0.8,0.437,5770.0,0.03,0.42479,1.0,1.05
HD 20003 c,HD 20003,33.9239,0.1964,0.1,573.89,18.6659,1.35,3.89,14.44,5494.0,0.04,-0.14267,0.875,0.921637
Kepler-716 b,Kepler-716,10.37168453,0.08628,0.0,720.0,42.493,1.97,2.9,8.75,5099.0,0.0,-0.50424,0.83,0.78
TOI-4562 b,TOI-4562,225.1064,0.768,0.76,318.0,3.2011,2.06,12.53,732.0,6096.0,0.08,0.25285,1.192,1.152
HD 134606 b,HD 134606,12.089,0.1046,0.092,894.63,106.1131,1.91,2.97,9.09,5576.0,0.343,0.06483,1.046,1.158
K2-66 b,K2-66,5.06963,0.05983,0.0,1372.0,840.0,7.8,2.49,21.3,5887.0,-0.047,0.50621,1.11,1.67
TIC 437041147 b,TIC 437041147,3.82301421497,,,,,2.8,2.21526814,5.54,5224.36,0.2428,-0.15853,0.931,0.961092
Kepler-583 b,Kepler-583,6.5100253,0.0689,0.0,1017.0,178.699,2.7,2.28,5.82,5523.0,0.07,-0.10059,0.94,0.91
Kepler-1649 c,Kepler-1649,19.53527,0.0649,0.0,234.0,0.75,5.54,1.06,1.2,3240.0,-0.15,-2.28735,0.1977,0.2317
WASP-57 b,WASP-57,2.83891856,0.03769,0.0,1338.0,702.385,0.693,11.76945,204.68252,5600.0,-0.25,-0.00509,0.886,0.927
Kepler-381 d,Kepler-381,8.256299973,0.08364,0.0,1387.0,436.7,5.57,1.0667865,1.23,6197.0,-0.32,0.5139,1.198,2.188
TOI-1199 b,TOI-1199,3.671463,0.04988,0.03,1486.0,324.114,0.358,10.5140239,75.96098927,5710.0,0.44,0.30428,1.23,1.45
TOI-4961 b,TOI-4961,7.479182,0.0726,0.182,919.0,115.0,1.67,12.34108775,572.0911326,5380.0,0.206,-0.20135,0.912,0.912
Kepler-118 c,Kepler-118,20.17202,0.141,0.0,564.0,21.409,0.554,7.68,45.7,5274.0,0.18,-0.37737,0.811,1.094
Kepler-278 b,Kepler-278,30.1556,0.202,0.696,586.0,110.0,5.0,3.955,56.0,4965.0,0.22,0.64933,1.227,2.861
K2-268 e,K2-268,6.131243,,,801.0,,5.44,1.33,2.33,5106.0,0.03,-0.42942,0.84,0.78
Kepler-1254 d,Kepler-1254,5.72717226,0.0575,0.0,794.0,71.31,5.55,1.31,2.27,4985.0,-0.1,-0.57202,0.78,0.75
HD 167768 b,HD 167768,20.6532,0.1512,0.149,1873.59,2042.741,0.553,13.9,270.15414595,4851.0,-0.67,1.66932,1.08,9.7
TOI-1036 b,TOI-1036,3.77952125496,,,1294.0,466.528,0.719,6.28499593,32.5,5664.68,,0.14017,1.03,1.17554
EPIC 212424622 b,EPIC 212424622,18.0983,,,,,2.88,2.17,5.35,5782.33,,0.17917,1.106,1.2247
Kepler-1915 b,Kepler-1915,13.83539963,0.114,0.0,809.0,101.05,1.71,3.21798413,10.4,6020.0,-0.06,0.06133,1.03,1.057
Kepler-1734 b,Kepler-1734,6.796850204,0.0714,0.0,985.0,222.91,1.82,3.08851092,9.74,6061.0,-0.1,0.14406,1.05,0.97
Kepler-960 b,Kepler-960,3.12686223,0.03807,0.0,1391.0,129.223,2.68,2.29,5.86,4755.0,0.02,-0.6289,0.77,0.72
HD 208897 b,HD 208897,358.27,1.063,0.02,507.24,10.8876,0.811,13.7,379.48711796,4860.0,0.21,1.09,1.25,4.98
Kepler-1386 b,Kepler-1386,6.73972381,0.068,0.0,1011.0,196.533,5.97,1.24,2.07,5733.0,0.11,0.00882,1.02,1.03
Kepler-1921 c,Kepler-1921,3.15722086,0.0454,0.0,1791.0,2436.47,5.04,1.41,2.57,6120.0,0.02,0.80624,1.251,2.0
Kepler-1225 b,Kepler-1225,7.01075434,0.0771,0.0,1453.0,324.282,3.62,1.82,3.97,6140.0,0.01,0.33289,1.13,1.19
Kepler-1708 b,Kepler-1708,737.1131,1.64,0.4,245.02,0.561,,9.96,1462.0106722,6157.0,0.0,0.182,1.088,1.117
HD 96700 b,HD 96700,8.1245,0.0777,0.138,1089.02,228.5794,1.94,2.93,8.9,5845.0,-0.18,0.13988,0.89,1.16
Kepler-208 b,Kepler-208,4.22864,0.054,0.0,1379.0,639.576,4.17,1.63,3.29,6092.0,-0.0423,0.30912,1.082,1.314
Kepler-1146 b,Kepler-1146,2.352265797,0.0325,0.0,1019.0,227.962,6.02,1.23,2.04,4692.0,-0.06,-0.64244,0.74,0.7
WASP-100 b,WASP-100,2.84938,0.04574,0.0,2099.0,5502.8822,0.53,14.90797,400.4658,6900.0,-0.03,0.76571,0.77,1.57
Kepler-1643 b,Kepler-1643,5.342657,0.0531,0.0,799.0,137.753,2.64,2.32,5.99,4916.0,-0.01,-0.47156,0.845,0.855
Kepler-215 d,Kepler-215,30.864423,0.185,0.0,527.0,21.404,9.5,2.39,23.6,5739.0,-0.4425,-0.1172,0.788,1.027
EPIC 212737443 b,EPIC 212737443,13.603,0.098,0.2,536.0,18.4919,2.29,2.586,7.2,4684.0,-0.137,-0.75057,0.69,0.673
TOI-2169 A b,TOI-2169 A,8.2148282,0.0896,0.045,1364.0,577.0,0.92,12.50922246,329.58805806,6270.0,0.123,0.66558,1.42,1.82
K2-259 b,K2-259,15.48043,0.1271,,795.0,90.9529,2.64,2.32,5.99,6059.0,0.16,0.16711,1.14,1.13
TOI-5292 A b,TOI-5292 A,2.02191,0.0279,0.034,809.0,102.0,1.12,12.64373023,412.85910069,3919.0,0.33,-1.10127,0.596,0.611
Kepler-401 c,Kepler-401,47.318218,0.269,0.0,598.0,51.996,2.91,2.15,5.27,6117.0,0.0,0.56611,1.173,1.333
Kepler-888 b,Kepler-888,70.6979061,0.31481,0.0,417.0,7.854,3.78,1.76,3.75,5875.0,-0.21,-0.04319,0.97,0.9
Kepler-740 b,Kepler-740,3.584101216,0.0462,0.0,1131.0,432.866,1.09,4.57,18.9,5438.0,0.03,-0.12268,0.91,0.87
Kepler-1673 b,Kepler-1673,33.7888,0.21363,0.0,611.0,30.5,1.94,2.9355194,8.93,6014.95,0.228,0.17906,1.11,1.13166
Kepler-1322 c,Kepler-1322,6.459980011,0.0652,0.0,883.0,144.06,2.9,2.15492527,5.29,5704.0,-0.3,-0.10053,0.897,0.804
Kepler-1211 b,Kepler-1211,11.01816836,0.09763,0.0,840.0,130.9,2.33,2.55,7.04,5705.0,-0.08,0.13445,0.96,0.94
HIP 78530 b,HIP 78530,,740.0,,2700.0,0.0,23.2,12.0,7300.0,10500.0,-0.5,1.3684,2.5,2.10876
Kepler-48 f,Kepler-48,5219.681854,5.719187877,0.015283,95.68,0.0157,0.624,13.8,298.5809968,5190.0,0.26,-0.28926,0.916,0.836
Kepler-1750 b,Kepler-1750,205.9120026,0.6785,0.0,298.0,1.85,0.764,6.00434637,30.1,5644.0,0.14,0.06117,0.981,0.969
TOI-4308 b,TOI-4308,9.151201,,,763.05,55.3616,2.5,2.4189,6.43,5243.0,,-0.36795,0.9,0.7934
HD 18015 b,HD 18015,2278.0,3.87,0.148,242.98,0.6286,2.56,13.1,1048.8337431,5603.0,-0.14,0.9738,1.49,3.13
TOI-1798.02,TOI-1798,0.437811822,0.010789,0.0,1935.83,3345.44,11.17,1.464,5.6,5165.0,0.073,-0.41567,0.87,0.78
Kepler-24 b,Kepler-24,8.14,0.08045,0.023,1050.0,252.246,4.686574,2.348,11.14,6028.0,-0.0708,0.064,1.06,1.099
Kepler-1875 b,Kepler-1875,34.45859909,0.2039,0.0,559.0,23.05,1.72,3.22686692,10.5,6161.0,-0.5,0.4066,0.95,0.862
Kepler-1642 b,Kepler-1642,12.2057513,0.1016,0.0,895.0,39.915,1.73,3.2,10.3,5355.0,-0.01,-0.40452,0.88,0.84
HD 33142 c,HD 33142,810.2,1.955,0.081,353.91,2.619,0.579,13.9,282.86728223,5025.4,0.06,1.00043,1.52,4.17
Kepler-864 b,Kepler-864,5.83376092,0.0687,0.0,1143.0,464.765,2.52,2.4,6.35,5754.0,0.04,0.2078,1.0,1.0
HD 181720 b,HD 181720,956.0,1.85,0.26,249.06,0.5671,0.255,14.0,127.132,5736.0,-0.62,0.288,1.03,1.5
TOI-6677 b,TOI-6677,5.45060661625,,,334.0,2.09,0.794,5.83507112,28.7,6572.28,,0.6672,1.45,1.57167
Kepler-1394 b,Kepler-1394,3.93766373,0.05474,0.0,1947.0,2023.005,5.14,1.39,2.51,6481.0,0.06,0.81107,1.64,2.55
Kepler-1672 b,Kepler-1672,150.878,0.55374,0.0,423.0,4.4,1.91,2.97022762,9.11,6131.95,-0.25,0.17867,1.16,1.08841
HD 331093 b,HD 331093,621.62,1.44,0.59,234.84,0.4895,1.04,13.6,476.7426105,5544.0,0.17,0.00646,1.03,1.1112
Kepler-58 d,Kepler-58,40.101371,0.236,0.0,583.0,18.244,0.53,2.94,245.343,6099.0,0.1,-0.00422,1.024,1.127
Kepler-404 c,Kepler-404,14.751166,0.118,0.0,678.0,33.153,3.9,1.72,3.61,5654.0,-0.03,-0.33704,0.86,0.884
Kepler-1254 b,Kepler-1254,9.99113313,0.0833,0.0,660.0,33.978,4.46,1.55,3.02,4985.0,-0.1,-0.57202,0.78,0.75
HD 37124 d,HD 37124,1862.0,2.807,0.16,159.79,0.098,0.443,14.0,221.20968,5698.64,-0.44,-0.11224,0.85,0.949168
WASP-3 b,WASP-3,1.84683,0.0315,0.0,2020.0,1845.3,0.89,15.91678,772.3269,6400.0,0.0,0.43416,1.62,1.44
Kepler-1936 b,Kepler-1936,126.5569992,0.52662,0.0,524.0,9.4,1.77,3.16615594,10.2,6501.0,0.1,0.45627,1.419,1.854
Kepler-1615 b,Kepler-1615,47.3126192,0.2788,0.0,658.0,31.171,3.08,2.06,4.9,5865.0,0.06,0.38923,1.04,1.05
Kepler-327 d,Kepler-327,13.969457,0.09,0.0,387.0,7.59,3.86,1.73,3.64,3799.0,-0.2,-1.25964,0.591913,0.492
Kepler-1301 b,Kepler-1301,9.08237046,0.0815,0.0,734.0,76.139,5.09,1.4,2.54,5188.0,0.01,-0.34618,0.85,0.81
Kepler-784 c,Kepler-784,17.157236,0.1309,0.0,844.0,119.87,4.46,1.55,3.02,5676.0,0.1,0.85693,1.016,1.487
Kepler-1553 b,Kepler-1553,4.24261881,0.0481,0.0,926.0,166.106,5.78,1.15,1.6,5288.0,-0.09,-0.33811,0.85,0.81
Kepler-1862 b,Kepler-1862,16.05730057,0.1199,0.0,645.0,41.04,2.82,2.203,5.49,5644.0,-0.24,-0.21515,0.9,0.806
Kepler-990 b,Kepler-990,9.91723428,0.08595,0.0,903.0,108.3,2.27,2.6,7.27,5948.0,0.01,-0.05003,1.05,1.08
Kepler-1537 b,Kepler-1537,1.444453798,0.0245,0.0,1800.0,713.168,5.89,1.18,1.76,5079.0,-0.08,-0.42348,0.81,0.77
HATS-28 b,HATS-28,3.1810781,0.04131,0.202,1253.0,407.8485,0.48,13.383546,213.58176,5498.0,0.01,-0.15739,0.929,0.922
HR 858 d,HR 858,11.230511,0.1046,0.0,1061.0,217.0,4.9,2.001,7.1,6354.0,0.025,0.36361,1.204,1.258
TOI-2193 A b,TOI-2193 A,2.1225735,0.03319,0.0,1763.0,1600.0,0.06,19.83989584,298.75870258,5966.0,0.027,0.25018,1.082,1.248
GJ 9773 b,GJ 9773,2965.0,2.921,0.218,59.89,0.0021,0.331,14.2,172.580825,3528.0,-0.2,-1.73666,0.358,0.362
Kepler-1785 b,Kepler-1785,19.58550072,0.13917,0.0,666.0,47.3,2.16,2.70422447,7.77,5618.0,0.0,0.00308,0.911,0.996
Kepler-130 d,Kepler-130,87.517905,0.377,0.8,451.0,9.834,4.15,1.64,3.33,5884.0,-0.199,0.19831,0.927,1.127
HD 13808 c,HD 13808,53.753,0.2554,0.156,424.57,5.6365,1.78,3.13,9.96,5035.0,-0.21,-0.43455,0.771,0.781
Kepler-340 b,Kepler-340,14.844387,0.134,0.0,1092.0,274.318,2.35,2.53,6.94,6620.0,0.06,0.86749,1.65,1.85
HD 125271 b,HD 125271,14901.99295,10.817,0.165,59.78,0.0021,9.99,12.4,3465.60094993,4703.93,-0.22,-0.60376,0.75,0.751364
Kepler-1085 b,Kepler-1085,219.3217528,0.73361,0.0,313.0,2.055,0.602,7.22,41.2,6000.0,0.08,0.07867,1.11,1.14
Kepler-1404 b,Kepler-1404,15.9314739,0.1143,0.0,596.0,39.001,3.18,2.01,4.7,5261.0,-0.09,-0.37049,0.84,0.8
K2-99 c,K2-99,522.2,1.43,0.21,390.0,3.8779,7.33,12.6,2669.7586188,6069.0,0.2,0.89927,1.44,2.55
TOI-1728 b,TOI-1728,3.49151,0.0391,0.057,767.0,57.78,1.14,5.05,26.78,3980.0,0.25,-1.05552,0.646,0.6243
HATS-74 A b,HATS-74 A,1.73185606,0.02384,0.044,895.1,106.9,1.64,11.56766808,464.02947422,3776.9,0.514,-1.2161,0.601,0.5758
Kepler-1207 b,Kepler-1207,13.68237119,0.1156,0.0,802.0,352.508,4.21,1.62,3.26,5909.0,0.05,0.63789,1.06,1.06
Kepler-1636 b,Kepler-1636,425.47785,1.12191,0.0,248.0,1.217,1.71,3.23,10.5,5797.0,0.03,0.23674,1.01,1.02
Kepler-1267 b,Kepler-1267,13.0313945,0.1057,0.0,774.0,86.469,1.88,3.01,9.32,6096.0,0.07,0.0025,1.15,1.2
K2-73 c,K2-73,1000.0,,,186.1,0.285,2.86,13.0,1142.0,5867.0,0.04,0.07609,1.02,1.058
Kepler-1795 b,Kepler-1795,13.36019993,0.1002,0.0,520.0,17.3,4.06,1.66301611,3.4,4500.0,0.28,-0.757,0.768,0.688
K2-285 b,K2-285,3.471745,0.03817,0.0,1088.9,234.31,3.07,2.59,9.68,4975.0,0.0,-0.42183,0.83,0.787
WISPIT 1 c,WISPIT 1,,840.0,,8.21,0.0,4.41,12.8,1684.4905571,4670.0,,-0.32014,0.72,1.1161
TIC 349520724 b,TIC 349520724,7.94044635021,,,,,2.04,2.82626313,8.38,5098.6,,-0.3523,0.89,0.818771
LP 714-47 b,LP 714-47,4.052032,0.04056,0.022,722.8,38.5441,2.04,4.25,28.38,4123.0,0.05,-1.12494,0.542,0.536
Kepler-963 b,Kepler-963,9.97683705,0.0849,0.0,802.0,83.494,2.21,2.66,7.56,5461.0,-0.02,-0.22463,0.91,0.87
XO-2 S b,XO-2 S,18.22,0.1347,0.15,706.59,41.519,0.351,10.9,82.63538582,5325.0,0.32,-0.12302,0.98,1.02
Kepler-1748 b,Kepler-1748,5.823520184,0.0615,0.0,955.0,196.33,2.15,2.71275017,7.81,5774.0,-0.22,-0.34954,0.916,0.864
Kepler-336 d,Kepler-336,20.678772,0.154,0.0,749.0,74.36,2.56,2.37,6.21,5867.0,0.337,0.26,1.09,1.304
Kepler-712 b,Kepler-712,21.02247699,0.13615,0.0,521.0,15.801,1.59,3.41,11.5,5148.0,-0.03,-0.48393,0.84,0.78
TOI-4364 b,TOI-4364,5.424019,0.04753,0.29,488.0,13.3328,3.18,2.01,4.7,3528.0,0.148,-1.51215,0.487,0.4684
Kepler-247 b,Kepler-247,3.33616,0.042,0.0,970.0,216.111,4.15,1.64,3.33,5100.0,0.3,-0.42165,0.887,0.768
TOI-5628 A b,TOI-5628 A,4.3416612,0.0368,0.0,492.0,45.5107,0.29,8.29464572,28.60455663,3310.0,-0.1,-1.88,0.36,0.35
EPIC 201427007 b,EPIC 201427007,0.72091,,,,,4.66,1.5,2.86,5633.0,-0.053,-0.04875,0.93,0.94
TOI-2992 b,TOI-2992,3.007812,0.0434,0.089,1726.0,1484.0,2.23,13.75341932,1058.36859531,6000.0,0.084,0.4456,1.21,1.545
K2-268 b,K2-268,2.151676,0.0308,,1136.0,392.1704,4.66,1.5,2.86,5106.0,0.03,-0.42942,0.84,0.78
Kepler-1096 b,Kepler-1096,2.892217506,0.034,0.0,794.0,124.866,5.97,1.24,2.07,4306.0,-0.1,-0.84044,0.66,0.63
TOI-615 b,TOI-615,4.6615983,0.0678,0.39,1666.0,1286.0,0.084,18.97680433,138.25535705,6850.0,-0.1,0.7679,1.449,1.732
HAT-P-28 b,HAT-P-28,3.257215,0.0434,0.051,1384.0,554.7122,0.44,13.585,198.953,5680.0,0.12,0.053,1.025,1.103
Kepler-667 b,Kepler-667,41.43962808,0.2288,0.0,516.0,71.817,1.04,4.73,20.1,5327.0,0.15,0.55691,0.91,0.87
Kepler-557 b,Kepler-557,3.705989551,0.0469,0.0,1281.0,2885.663,2.2,2.67,7.61,6068.0,0.02,0.72814,1.11,1.16
EPIC 206024342 d,EPIC 206024342,14.647531,,,,,2.27,2.6,7.27,5724.0,-0.22,-0.16992,0.928,1.1
rho CrB c,rho CrB,102.036,0.4206,0.048,448.1,9.85,0.823,5.68,27.442,5817.0,-0.2,0.23198,1.0,1.3617
Kepler-483 b,Kepler-483,30.229104,0.19471,0.0,755.0,61.495,1.73,3.21,10.4,6346.0,0.09,0.43879,1.28,1.47
HD 73534 b,HD 73534,1750.0,2.99,0.126,220.25,0.3721,0.755,13.7,353.42696,4917.0,0.232,0.522,1.16,2.58
HD 35843 b,HD 35843,9.8991,0.088,0.0,872.3,96.8492,2.67,2.29,5.84,5666.0,-0.27,-0.12494,0.94,0.897
Kepler-116 b,Kepler-116,5.968734,0.069,0.0,1251.0,594.451,1.59,3.42,11.6,6142.0,0.07,0.42073,1.198,1.454
HAT-P-62 b,HAT-P-62,2.6453235,0.03772,0.101,1512.0,867.2,0.77,12.02723629,241.86741773,5629.0,0.414,0.09061,1.023,1.17
TOI-3896 b,TOI-3896,4.37730369667,,,966.0,144.988,1.78,3.14949237,10.1,5110.91,,-0.45834,0.86,0.747752
Kepler-443 b,Kepler-443,177.6693,0.495,0.11,233.0,0.86,2.62,2.33,6.04,4723.0,-0.01,-0.664,0.738,0.706
TOI-4504 d,TOI-4504,41.2871975,0.2219,0.293,524.8,12.5915,2.48,11.26,643.0,5315.0,0.16,-0.20761,0.875,0.93
HD 150010 b,HD 150010,562.0,1.4,0.2,681.22,48.9796,1.78,13.3,762.7881768,4153.0,-0.25,1.98227,1.3,16.2
Kepler-552 b,Kepler-552,5.263415765,0.0612,0.0,1103.0,358.994,1.32,3.95,14.8,5863.0,0.01,0.06292,1.03,1.04
TOI-2719 b,TOI-2719,3.37594,,,1710.0,874.29,0.768,5.98,29.9,5762.0,0.27,0.43619,1.02,1.69
HD 23596 b,HD 23596,1535.11912,2.694,0.282,219.49,0.3957,10.9,12.4,3786.607641,6040.0,0.33,0.45821,1.1,1.53
K2-347 b,K2-347,7.187257,,,640.0,,2.51,2.41,6.39,4599.0,-0.26,-0.89434,0.66,0.63
Kepler-812 b,Kepler-812,10.11716531,0.1024,0.0,1163.0,421.917,1.51,3.55,12.3,6761.0,0.02,0.75193,1.45,1.71
TOI-2266 b,TOI-2266,2.326318,0.02,,550.0,13.0,4.5,1.54,2.99,3200.0,,-2.16716,0.23,0.24
Kepler-1187 b,Kepler-1187,18.87064068,0.1401,0.0,701.0,72.957,2.26,2.61,7.32,5975.0,-0.01,0.13585,1.06,1.09
Kepler-1547 b,Kepler-1547,0.692979676,0.01556,0.0,3186.0,5760.944,5.02,0.9,0.666,6078.0,0.04,0.22242,1.12,1.18
Kepler-170 b,Kepler-170,7.930592,0.08,0.0,899.0,136.522,13.9,3.2,82.6,5679.0,0.39,-0.05453,1.066,1.035
GJ 15 A b,GJ 15 A,11.4407,0.072,0.094,550.0,4.2691,4.47,1.55,3.03,3607.0,-0.34,-1.655,0.38,0.38
Kepler-100 b,Kepler-100,6.88734,0.07309,0.13,1155.0,478.214,12.357908,1.34,4.01,5837.0,0.1,0.39445,1.13,1.51
Kepler-1258 b,Kepler-1258,0.984940167,0.01824,0.0,2335.0,2775.0,4.89,0.86,0.566,5839.0,-0.07,0.09384,0.99,0.99
NSVS 14256825 b,NSVS 14256825,3225.0,3.12,0.12,473.47,9.6678,13.3,12.3,4497.2945,40000.0,,1.97364,0.419,0.188
TOI-1266 b,TOI-1266,10.8945,0.073,0.039,415.0,4.72,1.54,2.52,4.46,3563.0,-0.109,-1.58021,0.437,0.4232
Kepler-659 b,Kepler-659,17.671796,0.1204,0.0,513.0,21.309,2.39,2.5,6.8,4870.0,0.02,-0.52596,0.79,0.74
GJ 27.1 b,GJ 27.1,15.819,0.101,0.08,387.13,2.5488,1.46,3.66,13.0,3542.0,,-1.58503,0.53,0.518887
TOI-4495 c,TOI-4495,5.18553,0.06323,0.023,1365.0,346.626,1.9,4.03,23.2,6210.0,0.18,0.36656,1.247,1.309
Kepler-798 b,Kepler-798,13.71933369,0.1174,0.0,864.0,141.888,2.54,2.39,6.3,6224.0,0.03,0.22222,1.19,1.29
TOI-5082.01,TOI-5082,4.240122,0.051204842,,1164.91,254.588,2.33,2.54811,7.03,5670.0,0.09,-0.08961,0.99665,0.93
Kepler-364 c,Kepler-364,59.980627,0.312,0.0,568.0,22.234,2.91,2.15,5.27,6108.0,-0.031,0.35128,1.076,1.284
TOI-1260 d,TOI-1260,16.608164,0.1116,0.0,499.0,10.32,2.14,3.12,11.84,4227.0,-0.1,-0.88941,0.679,0.672
HD 50499 b,HD 50499,2447.1,3.833,0.266,174.69,0.1619,1.16,13.5,519.96988,6102.0,0.26,0.37632,1.253,1.351
HD 20794 f,HD 20794,647.6,1.3541,0.45,214.52,0.3746,2.7,2.28,5.82,5368.0,-0.42,-0.16311,0.79,0.93
Kepler-1595 b,Kepler-1595,4.56380468,0.051,0.0,980.0,185.568,6.02,1.23,2.04,5203.0,-0.02,-0.36327,0.84,0.8
HD 99109 b,HD 99109,439.29999,1.11,0.09,239.32,0.5465,0.263,14.3,139.8452,5282.0,0.35,-0.17178,0.76,0.98
KOI-3503 b,KOI-3503,21.185,0.14247,0.0,785.0,90.2,10.0,1.19,9.2,6001.0,-0.5428,0.30005,0.858,1.255
Kepler-526 b,Kepler-526,5.458498316,0.06518,0.0,1099.0,584.354,3.22,1.99,4.62,5894.0,0.34,0.35055,1.15,1.14
HD 28109 c,HD 28109,55.99712,0.308,0.0039,643.0,29.9535,0.7,4.13,9.2,6189.0,0.1,0.43297,1.227,1.425
K2-11 b,K2-11,39.93767,0.2257,,734.0,9.84,0.567,7.55,44.4,5433.0,-0.12,-0.31039,1.35,5.15
NGTS-26 b,NGTS-26,4.5199279,0.049,0.0,1331.0,523.0,0.153,14.88552637,92.80589484,5550.0,0.2,0.10106,0.96,1.16
KOI-319 b,KOI-319,46.14827,0.2668,0.034,703.0,60.4,,10.67,3178.28407,5880.0,0.16,0.71818,1.325,2.064
TOI-1743 b,TOI-1743,4.266046,0.03589,,485.0,10.8837,3.6,1.83,4.01,3277.0,0.22,-1.97074,0.339,0.338
Kepler-1837 b,Kepler-1837,5.906089783,0.065,0.0,1012.0,247.83,3.06,2.06673842,4.92,5966.0,-0.02,-0.06826,1.049,0.961
Kepler-1986 b,Kepler-1986,19.5489666,0.1307,0.0,579.0,26.62,3.44,1.89,4.23,5549.0,-0.54,-0.41148,0.776,0.732
Kepler-696 b,Kepler-696,4.190425575,0.0535,0.0,1234.0,607.525,0.743,6.14,31.3,5903.0,0.07,0.15095,1.06,1.08
Kepler-189 c,Kepler-189,20.134866,0.137,0.0,544.0,18.811,9.25,2.38,22.7,5235.0,-0.04,-0.44774,0.803,0.75
HD 105618 b,HD 105618,10.02245,0.091,0.455,1023.19,182.6347,0.868,5.44,25.42627256,5671.0,,0.17967,1.01,1.27399
TOI-1301.01,TOI-1301,6.096407209,0.059866,,737.36,72.55,2.42,2.477,6.7,4820.0,,-0.59857,0.77,0.732
Kepler-1497 b,Kepler-1497,8.74199772,0.0817,0.0,924.0,172.38,4.07,1.66,3.39,5675.0,0.01,-0.0734,0.96,0.95
EPIC 212624936 b,EPIC 212624936,0.578657,,,,,5.95,1.2,1.87,5765.0,-0.39,-0.12371,1.0,0.93
Kepler-194 b,Kepler-194,2.092281,0.032,0.0,1648.0,953.173,4.61,1.51,2.89,6089.0,-0.03,0.0427,0.94,1.025
Kepler-661 b,Kepler-661,6.029301321,0.0585,0.0,678.0,45.528,1.83,3.07,9.64,4483.0,-0.05,-0.81411,0.7,0.67
Kepler-529 c,Kepler-529,12.8345022,0.1075,0.0,891.0,149.42,3.2,2.0,4.66,6087.0,-0.1,0.207,1.07,1.14
HAT-P-61 b,HAT-P-61,1.90231289,0.0301,0.113,1505.0,849.5,1.8,10.07687365,335.9446262,5587.0,0.194,-0.1152,1.004,0.938
TOI-2589 b,TOI-2589,61.6277,0.3,0.522,592.0,21.7464,3.45,12.10569916,1112.3994245,5579.0,0.12,-0.00436,0.93,1.07
HD 95872 b,HD 95872,4375.0,5.15,0.06,103.45,0.0216,2.97,13.0,1188.6842,5312.0,0.41,-0.24208,0.7,0.84
Kepler-1412 b,Kepler-1412,3.6146051,0.04608,0.0,1397.0,1087.781,4.79,0.83,0.498,5880.0,0.04,0.38332,1.06,1.27
Kepler-760 c,Kepler-760,2.46697439,0.03489,0.0,1139.0,453.648,4.73,1.48,2.79,5322.0,0.08,-0.27997,0.89,0.85
2MASS J0249-0557 c,2MASS J0249-0557 A,,1950.0,,1723.0,0.0,3.79,17.37392009,3616.88727166,2859.0,,-2.59,0.046,0.315959
TOI-4504 c,TOI-4504,82.819093,0.3593,0.04987,412.5,0.2639,3.24,11.17,821.0,5315.0,0.16,-0.20761,0.875,0.93
Kepler-1540 b,Kepler-1540,125.4131177,0.4426,0.0,266.0,0.849,2.41,2.49,6.76,4540.0,0.1,-0.81759,0.74,0.69
TIC 445839811 b,TIC 445839811,11.1086260318,,,,,2.42,2.47771211,6.7,5408.25,0.0292,-0.24255,0.95,0.850041
Kepler-225 c,Kepler-225,18.794234,0.111,0.0,412.0,9.903,3.56,1.84,4.04,3682.0,-0.04,-0.99568,0.593,0.48
Kepler-180 b,Kepler-180,13.817124,0.109,0.0,781.0,72.119,4.66,1.5,2.86,5731.0,0.03,-0.13204,0.95,1.063
HD 18438 b,HD 18438,803.0,2.1,0.1,1208.15,210.6576,20.7,12.1,6674.396547,3860.0,-0.4,2.96802,1.84,88.475
HD 154088 b,HD 154088,18.56,0.134,0.344,689.99,41.2119,2.44,2.46,6.6,5374.0,0.28,-0.13077,0.91,0.95
HD 24064 b,HD 24064,535.59998,1.29,0.35,1088.02,211.3995,12.1,12.3,4096.8287,4052.0,-0.49,2.54628,1.61,40.0
Kepler-1349 b,Kepler-1349,2.12823928,0.03421,0.0,1668.0,1862.33,4.34,0.7,0.271,6086.0,0.03,0.34263,1.16,1.28
HD 29399 b,HD 29399,892.7,1.913,0.05,358.32,2.7435,1.11,13.5,498.99059899,4845.0,0.14,1.00173,1.17,4.5
TOI-4511 b,TOI-4511,10.98090968596,,,1542.0,938.995,2.11,2.75304932,8.01,5418.77,,-0.01811,1.017,1.00145
Kepler-411 e,Kepler-411,31.509728,0.186,0.016,503.0,7.6205,1.68,3.28,10.8,4974.0,0.21,-0.57899,0.87,0.82
eps Ind A b,eps Ind A,25450.0,15.76,0.25,275.0,0.001,5.54,12.7,2065.8846455,4700.0,-0.17,-0.6216,0.8,0.713
Kepler-1306 b,Kepler-1306,16.29595382,0.123,0.0,678.0,52.146,3.4,1.91,4.31,5727.0,0.0,-0.06343,0.98,0.97
TOI-2200 b,TOI-2200,2.93602836512,,,1147.0,288.087,0.63,6.96310517,38.7,5036.17,0.2733,-0.39105,0.85,0.826247
K2-285 c,K2-285,7.138048,0.0824,0.0,741.4,50.35,1.95,3.53,15.68,4975.0,0.0,-0.42183,0.83,0.787
Kepler-345 b,Kepler-345,7.415563,0.066,0.0,622.0,35.37,4.8,0.74,0.48,4504.0,0.1905,-0.49534,0.61,0.623
Kepler-539 c,Kepler-539,1000.0,2.42,0.5,253.0,0.1486,1.78,13.3,762.792,5820.0,-0.01,-0.06048,1.048,0.952
HD 33844 b,HD 33844,551.40002,1.6,0.15,430.22,5.7778,1.46,13.4,638.8383,4861.0,0.27,1.17,1.84,5.39
GJ 317 c,GJ 317,6500.0,5.04,0.217,47.67,0.0008,0.993,13.6,454.49462201,3496.0,-0.02,-1.68663,0.402,0.403
Kepler-467 b,Kepler-467,24.99324193,0.16848,0.0,712.0,72.749,2.74,2.25,5.69,5809.0,0.06,0.32254,1.05,1.37
Kepler-964 b,Kepler-964,13.5225106,0.1073,0.0,652.0,43.916,2.96,2.12,5.14,5427.0,0.03,-0.306,0.93,0.84
TOI-1386 c,TOI-1386,232.0,0.75,0.38,327.4,1.771,0.378,10.3,75.2,5735.0,0.149,0.0103,1.0363,1.0235
HD 99706 c,HD 99706,1278.0,,0.411,,,4.74,12.8,1808.4527,4891.0,0.14,1.18752,1.72,5.4
Kepler-1262 b,Kepler-1262,8.67900242,0.083,0.0,949.0,142.545,3.62,1.82,3.97,5771.0,-0.02,-0.10541,0.99,0.98
BEBOP-3 b,BEBOP-3,547.0,1.444,0.247,287.88,1.159,0.34,14.2,177.34825111,6033.0,-0.02,0.38321,1.083,1.414
Kepler-1071 b,Kepler-1071,6.1799844,0.0629,0.0,814.0,45.12,2.55,2.38,6.26,5215.0,0.01,-0.31262,0.86,0.81
Kepler-1515 b,Kepler-1515,214.3114164,0.75235,0.0,380.0,6.017,0.418,9.55,66.2,6511.0,0.07,0.56587,1.3,1.41
Kepler-1809 b,Kepler-1809,3.7572999,0.04444,0.0,877.0,158.2,4.6,1.513,2.9,4901.0,0.04,-0.47061,0.807,0.716
K2-242 b,K2-242,6.51389,0.0494,,416.0,6.3759,2.34,2.54,6.99,3459.0,-0.01,-1.808,0.38,0.37
TIC 77319217 b,TIC 77319217,7.54830765124,,,,,1.8,3.10879526,9.85,5961.52,,0.25039,1.16,1.18439
Kepler-649 b,Kepler-649,29.90722674,0.17522,0.0,564.0,25.147,2.73,2.26,5.73,5871.0,-0.17,-0.0439,0.97,0.94
HAT-P-55 b,HAT-P-55,3.5852313,0.04628,0.17,1367.0,583.0,0.318,14.84069045,189.42573057,5804.0,0.003,0.09656,1.028,1.105
Kepler-344 c,Kepler-344,125.596809,0.488,0.0,360.0,2.673,1.93,2.95,9.01,5774.0,0.0399,-0.18481,0.931,0.976
HIP 65891 b,HIP 65891,1089.6,2.82,0.09,429.05,5.617,5.2,12.7,1938.7532827,5000.0,0.16,1.65,2.5,8.93
GJ 4274 c,GJ 4274,69.57,0.186,,157.32,0.1,2.03,2.83,8.39,3228.0,-0.19,-2.46218,0.18,0.19
Kepler-1111 b,Kepler-1111,8.79617863,0.0872,0.0,938.0,118.52,3.2,2.0,4.66,6077.0,0.02,-0.0903,1.1,1.15
Kepler-172 b,Kepler-172,2.940309,0.04,0.0,1256.0,639.476,2.59,2.35,6.12,5526.0,0.39,-0.03187,1.081,1.085
K2-139 b,K2-139,28.380619,0.1796,0.12,524.0,15.5562,0.91,9.11,123.00021,5370.0,0.24,-0.29948,0.96,0.88
HD 64121 b,HD 64121,623.0,1.51,0.11,464.77,7.7628,1.94,13.2,813.64072192,5078.0,-0.21,1.24797,1.64,5.44
Kepler-902 b,Kepler-902,40.1099547,0.223,0.0,556.0,24.875,2.34,2.54,6.99,5647.0,0.0,0.10835,0.95,0.93
Kepler-894 b,Kepler-894,9.803224,0.0916,0.0,896.0,119.881,2.08,2.78,8.15,5603.0,-0.25,-0.12306,0.87,0.85
Kepler-1794 b,Kepler-1794,9.762980461,0.0821,0.0,703.0,57.59,3.68,1.79426276,3.87,5052.0,0.02,-0.6106,0.773,0.816
TOI-1064 b,TOI-1064,6.443868,0.06152,0.047,784.0,62.9,4.30062,2.587,13.5,4734.0,0.05,-0.62342,0.748,0.726
Kepler-884 b,Kepler-884,5.69919514,0.06116,0.0,964.0,139.5,6.02,1.23,2.04,5715.0,0.05,-0.31335,1.0,0.94
Kepler-1019 b,Kepler-1019,1.411229847,0.0221,0.0,1164.0,330.249,4.82,1.46,2.73,4433.0,0.01,-0.80636,0.7,0.67
WASP-28 b,WASP-28,3.40883495,0.0442,0.0,1456.0,695.65,0.651163,13.66374747,282.54945382,6084.0,-0.2,0.15,0.993,1.083
GJ 3341 b,GJ 3341,14.207,0.089,0.31,377.62,3.6578,2.44,2.46,6.6,3526.0,-0.09,-1.538,0.47,0.439
TOI-4552 b,TOI-4552,0.30110032,0.0056255,0.0,1122.0,263.0,7.74,1.11,1.83,3258.0,-0.07,-2.07779,0.2619,0.2869
GJ 1289 b,GJ 1289,111.74,0.27,0.0,150.0,0.0754,2.56,2.38,6.27,3296.0,0.02,-2.25995,0.21,0.245012
Kepler-555 b,Kepler-555,16.21775407,0.1201,0.0,664.0,129.374,2.04,2.83,8.4,5894.0,0.0,0.26392,1.03,1.04
Kepler-683 b,Kepler-683,2.539183179,0.0355,0.0,1332.0,702.281,3.26,1.97,4.54,5703.0,-0.03,-0.04054,0.96,0.95
HATS-10 b,HATS-10,3.312846,0.04491,0.501,1407.0,836.8558,0.7,10.861521,167.17858,5880.0,0.15,0.117,1.101,1.105
Kepler-1977 b,Kepler-1977,4.53702121,0.0486,0.0,798.0,95.61,4.07,1.66,3.39,4805.0,-0.06,-0.69414,0.769,0.688
Kepler-715 b,Kepler-715,10.00652995,0.0933,0.0,876.0,181.408,1.41,3.75,13.5,5871.0,0.02,0.16457,1.04,1.04
TOI-1694 b,TOI-1694,3.7701389,0.0445,0.122,1037.0,195.2882,1.062,5.27,28.24,5005.0,0.04,-0.41908,0.828,0.812
Kepler-164 d,Kepler-164,28.986769,0.187,0.0,637.0,35.89,2.45,2.45,6.57,5888.0,0.0,0.11291,1.036,1.148
Kepler-786 b,Kepler-786,53.5293487,0.25483,0.0,348.0,3.658,2.48,2.43,6.48,4838.0,0.09,-0.58348,0.81,0.74
TOI-3785 b,TOI-3785,4.6747373,0.043,0.11,582.0,19.1,0.61,5.14,14.95,3576.0,0.099,-1.43533,0.52,0.5
WASP-145 A b,WASP-145 A,1.7690381,0.0261,0.0,1200.0,313.4012,1.6,10.0881,282.8687,4900.0,-0.04,-0.68352,0.76,0.68
WASP-136 b,WASP-136,5.21536178778,0.0661,0.0,1630.0,1843.4633,0.583527,16.81347105,479.92089457,6250.0,-0.18,0.82265,1.41,2.39014
HATS-12 b,HATS-12,3.142702,0.0441,0.085,1446.0,566.4817,1.12,7.76,759.6137,6357.0,-0.1,0.86332,1.16,1.17
TOI-1296 b,TOI-1296,3.9443736,0.051,0.0,1414.84,1078.5987,0.19,14.11645916,95.3,5567.0,0.405,0.40157,1.1576,1.7031
HD 98736 b,HD 98736,968.8,1.864,0.226,179.53,0.1734,1.73,13.3,740.5439,5271.0,0.36,-0.22,0.92,0.93
Kepler-1136 b,Kepler-1136,2.361724329,0.0299,0.0,922.0,150.055,4.15,1.64,3.33,4512.0,0.03,-0.85345,0.72,0.68
GJ 667 C f,GJ 667 C,39.026,0.156,0.03,,0.5633,4.87,1.45,2.7,3350.0,-0.55,-1.863,0.33,
Kepler-635 b,Kepler-635,23.44971004,0.18332,0.0,802.0,193.927,2.23,2.64,7.46,6174.0,0.41,0.73514,1.33,1.51
TOI-1279 b,TOI-1279,9.61419,0.085,0.0,759.0,74.7359,3.05,2.66146528,10.6,5457.0,-0.079,-0.24336,0.8784,0.8426
DE CVn b,DE CVn,4098.1,5.75,0.0,46.91,0.0008,11.0,12.4,3823.27330161,3579.0,,-1.57398,0.51,0.424754
TOI-682.01,TOI-682,6.8392388,,,1090.0,234.46,1.42,3.74186,13.5,5085.0,0.27,-0.14982,0.85,1.08
USco CTIO 108 b,USco CTIO 108,,670.0,,2.96,0.0,13.1,12.3,4449.62,2700.0,,-1.95,0.06,0.345365
Kepler-1496 b,Kepler-1496,64.6588017,0.3211,0.0,535.0,18.383,2.79,2.22,5.56,6182.0,0.05,0.3041,1.18,1.27
HD 102272 b,HD 102272,127.58,0.51,0.05,1038.01,176.4116,4.02,12.9,1570.0802,4790.0,-0.41,1.66167,1.45,10.3
Kepler-366 c,Kepler-366,12.51616,0.11,0.0,848.0,286.6,3.7,1.79,3.86,6209.0,-0.06,0.57277,1.088,1.048
KOI-2513.01,KOI-2513,19.00547,0.5,0.36,758.0,78.19,2000.0,2.80224517,7310.053361,5900.0,-0.37,0.197,0.91,1.2
Kepler-537 b,Kepler-537,3.247555219,0.04317,0.0,1181.0,442.522,5.04,1.41,2.57,5763.0,0.23,-0.03874,1.07,0.99
GJ 3323 b,GJ 3323,5.3636,0.03282,0.23,290.06,2.58,5.96,1.23,2.02,3159.0,-0.27,-2.56864,0.164,0.119
TOI-4495 b,TOI-4495,2.56699,0.03957,0.078,1735.0,1001.28,2.71,2.483,7.7,6210.0,0.18,0.36656,1.247,1.309
Kepler-1761 b,Kepler-1761,4.043540001,0.0413,0.0,613.0,33.34,5.12,1.39109603,2.51,3871.0,0.07,-1.1701,0.573,0.532
NGTS-6 b,NGTS-6,0.882059,0.01677,0.0,1283.9,983.4246,0.711,14.863134,425.57437,4730.0,0.11,-0.59176,0.767,0.754
Kepler-920 c,Kepler-920,100.8274113,0.4029,0.0,364.0,3.986,1.38,3.8,13.8,5403.0,0.0,-0.18293,0.89,0.85
Kepler-818 b,Kepler-818,10.035385814,0.0886,0.0,786.0,100.779,0.943,5.11,22.9,5638.0,-0.08,-0.124,0.94,0.92
Kepler-139 c,Kepler-139,157.072878,0.586,0.0,350.0,3.023,8.702677,3.38,13.0,5594.0,0.35,0.01598,1.078,1.3
Kepler-959 b,Kepler-959,14.80074836,0.1633,0.0,1912.0,165.868,1.15,4.38,17.6,7005.0,0.02,0.73752,1.6,2.01
BD-210397 c,BD-210397,6240.0,5.9,0.43,69.51,0.0039,3.91,12.9,1525.5763536,4051.0,0.12,-0.86967,0.69,0.747
Kepler-1436 b,Kepler-1436,9.705716,0.0907,0.0,1001.0,772.079,5.55,1.31,2.27,5972.0,-0.01,0.80118,1.06,1.09
HU Aqr AB c,HU Aqr,4368.0,5.4,0.51,,,3.66,12.9,1430.235,5952.0,,,0.88,
Kepler-1597 b,Kepler-1597,2.94654179,0.04136,0.0,1497.0,1431.311,5.54,1.06,1.2,6377.0,0.02,0.43429,1.25,1.39
WASP-83 b,WASP-83,4.971252,0.059,0.0,1120.0,238.875,0.35,11.65736,95.349,5510.0,0.29,-0.04966,1.11,1.05
HD 116029 c,HD 116029,907.0,,0.038,,,0.863,13.7,403.6441,4951.0,0.18,1.05308,1.33,4.6
Kepler-282 e,Kepler-282,44.347,0.23332,0.0,484.0,24.114,10.4,3.1,56.2,5656.0,-0.2,0.10587,0.97,0.89
XO-2 S c,XO-2 S,120.059,0.4737,0.149,376.79,3.3572,0.958,13.6,438.60320166,5325.0,0.32,-0.12302,0.98,1.02
Kepler-850 b,Kepler-850,7.19303878,0.0744,0.0,995.0,329.283,3.72,1.78,3.82,5932.0,0.03,0.17325,1.06,1.09
Kepler-65 d,Kepler-65,8.13123,0.084,0.014,1117.0,394.549,5.7,1.52,4.14,6211.0,0.17,0.4674,1.25,1.41
Kepler-1090 b,Kepler-1090,198.680179,0.63323,0.0,297.0,1.825,2.74,2.25,5.69,5321.0,-0.04,-0.14595,0.86,0.82
TOI-715 b,TOI-715,19.288004,0.083,,234.0,0.67,4.46,1.55,3.02,3075.0,-0.25,-2.30899,0.225,0.24
GJ 393 b,GJ 393,7.02679,0.05402,,485.0,9.21,5.87,1.17,1.71,3579.0,-0.09,-1.57073,0.426,0.426
Kepler-1680 b,Kepler-1680,8.77424,0.07642,0.0,771.0,49.0,5.29,1.35954736,2.42,5021.0,-0.07,-0.52356,0.834,0.723259
Gaia-2 b,Gaia-2,3.6915224,0.0467,,1213.23,512.0235,0.439,14.81827249,259.66580852,5720.0,,0.0574,1.0,1.064
WASP-124 b,WASP-124,3.37265,0.0449,0.017,1400.0,748.0,0.43,13.89916,190.698,6050.0,-0.02,0.14934,1.07,1.02
TOI-1439 b,TOI-1439,27.644,0.192,0.157,748.4,68.4355,2.76,4.2427861,38.5,5841.0,0.226,0.44091,1.2313,1.6184
GJ 1061 c,GJ 1061,6.6821,0.0342,0.02,304.12,1.4,5.9,1.19,1.81,2953.0,-0.08,-2.76955,0.12,0.156
K2-50 b,K2-50,8.7529,0.0705,,580.53,18.8,4.31,1.59,3.15,4326.0,-0.1132,-0.87356,0.611,0.546
Kepler-23 b,Kepler-23,7.1,0.07212,0.017,1157.0,446.107,3.18687,1.638,2.56,5828.0,-0.112,0.39783,1.078,1.548
Kepler-257 b,Kepler-257,2.382667,0.034,0.0,1237.0,343.6,2.26,2.61,7.32,5180.0,0.4,-0.37756,0.916,1.037
TOI-1736 c,TOI-1736,571.25,1.37,0.3685,249.0,0.9,7.88,12.5,2800.0,5636.0,0.148,0.27068,1.0373,1.4286
Kepler-310 d,Kepler-310,92.876125,0.392,0.0,353.0,3.664,3.3,2.47,7.0,5797.0,-0.12,-0.23934,0.854,0.876
WASP-192 b,WASP-192,2.8786765,0.0408,0.0,1620.0,471.142,1.62,13.78707,731.009,5910.0,0.14,0.28203,1.09,1.32
Kepler-184 b,Kepler-184,10.687576,0.092,0.0,780.0,70.361,2.58,2.36,6.17,5788.0,-0.1958,-0.22509,0.872,0.873
Kepler-1744 b,Kepler-1744,37.10110092,0.20945,0.0,532.0,21.0,1.4,3.76754004,13.6,5986.0,-0.5,-0.09777,0.886,0.85
Kepler-1107 b,Kepler-1107,0.571038518,0.01285,0.0,1897.0,2387.261,5.39,1.34,2.36,5268.0,0.01,-0.41703,0.86,0.82
Kepler-40 b,Kepler-40,6.87349,0.08,0.0,1620.0,1187.965,1.68,13.11,699.2,6510.0,0.1,0.81889,1.48,2.13
TOI-908 b,TOI-908,3.183792,0.041657,0.132,1317.0,80.884,2.742,3.186,16.137,5626.0,0.08,-0.03953,0.95,1.028
Kepler-851 b,Kepler-851,8.50699658,0.0802,0.0,900.0,103.828,4.01,1.68,3.46,5455.0,-0.07,-0.273,0.89,0.85
HD 99492 c,HD 99492,95.233,,0.063,,,1.14,4.42,17.9,4929.0,0.3,-0.4749,0.85,0.822539
G 264-012 c,G 264-012,8.0518,0.0525,,387.0,3.87,3.78,1.76,3.75,3326.0,0.1,-1.97224,0.297,0.305
Kepler-827 b,Kepler-827,51.92927591,0.2742,0.0,574.0,23.602,0.831,5.63,27.0,5602.0,-0.06,0.23172,0.93,0.91
Kepler-228 c,Kepler-228,4.134444,0.052,0.0,1160.0,457.318,2.16,2.7,7.75,6043.0,0.18,0.11115,1.006,1.014
K2-346 b,K2-346,26.201446,,,450.0,8.8138,2.73,2.26,5.73,4801.0,-0.18,-0.66264,0.71,0.7
Kepler-77 b,Kepler-77,3.57878087,0.04501,0.0,1440.0,432.871,0.603,10.761,136.661,5520.0,0.2,-0.046,0.95,0.99
Kepler-1509 b,Kepler-1509,25.4338197,0.1707,0.0,667.0,83.081,3.54,1.85,4.08,5780.0,0.03,0.39912,1.0,0.99
GJ 581 b,GJ 581,5.3686,0.0399,0.0342,464.32,7.7669,1.02,4.79,20.5,3500.0,-0.08,-1.90781,0.295,0.302
K2-403 b,K2-403,33.589979,,,949.0,134.883,0.891,5.333,24.6,5511.0,-0.162,-0.17121,0.784,0.886
HD 43691 b,HD 43691,36.9987,0.238,0.0796,761.79,55.8272,1.94,13.2,810.4665,6093.0,0.33,0.5,1.32,1.6
Kepler-1574 b,Kepler-1574,6.9424334,0.0743,0.0,1003.0,289.778,5.66,1.29,2.21,5892.0,0.08,0.15604,1.06,1.08
Kepler-238 f,Kepler-238,50.447,0.28635,0.0,568.0,35.869,1.7,2.0,13.5,5800.0,0.34,0.43048,1.06,0.96
Kepler-1290 b,Kepler-1290,4.69500134,0.0557,0.0,1098.0,443.221,4.99,1.42,2.6,5660.0,-0.02,0.06899,0.95,0.93
Kepler-68 d,Kepler-68,632.62,1.469,0.102,260.75,0.7889,0.546,13.9,267.0,5847.0,0.11,0.23106,1.057,1.2564
Kepler-218 b,Kepler-218,3.619337,0.046,0.0,1156.0,460.656,4.73,1.48,2.79,5502.0,0.37,0.00935,1.019,1.063
Kepler-645 b,Kepler-645,3.275822621,0.04541,0.0,1730.0,1364.762,3.0,2.1,5.06,6170.0,-0.01,0.45106,1.13,1.21
TOI-1450 A b,TOI-1450 A,2.0439274,,,722.0,44.9493,4.79,1.13,1.258,3437.0,-0.12,-1.56499,0.48,0.483
HD 206610 b,HD 206610,673.2,1.74,0.1,437.88,6.2426,1.48,13.4,647.10188,4842.0,0.14,1.27646,1.55,6.12
Kepler-99 b,Kepler-99,4.60358,0.05071,0.0,810.0,108.042,10.9,1.48,6.15,4782.0,0.18,-0.58545,0.79,0.73
Kepler-1010 b,Kepler-1010,34.2685705,0.193,0.0,477.0,10.17,2.64,2.32,5.99,5253.0,-0.01,-0.41164,0.86,0.82
Kepler-687 b,Kepler-687,20.50586978,0.1326,0.0,518.0,15.648,1.54,3.52,12.2,4841.0,-0.04,-0.56669,0.77,0.73
Kepler-1855 b,Kepler-1855,0.727330983,0.0115,0.0,849.0,86.97,5.99,1.216205,1.96,3460.0,0.07,-1.2949,0.385,0.356
UCAC4 328-061594 b,UCAC4 328-061594,,19000.0,,,,20.7,12.1,6674.396547,,,,1.19,
Kepler-1363 b,Kepler-1363,2.94194094,0.0363,0.0,988.0,191.919,5.91,1.25,2.1,4839.0,-0.09,-0.62622,0.76,0.72
Kepler-296 b,Kepler-296,10.864384,0.079,0.33,495.0,6.5,3.0,1.61,3.22,3740.0,-0.08,-1.50864,0.498,0.48
BD+48 738 b,BD+48 738,392.6,1.0,0.2,705.93,48.9779,0.592,13.9,289.2253,4414.0,-0.2,1.69,0.74,11.0
HR 8799 c,HR 8799,69000.0,38.0,0.5,1200.0,0.0034,7.5,13.0,3000.0,7204.58,-0.47,0.69197,1.5,1.49338
Kepler-1773 b,Kepler-1773,40.80970001,0.24831,0.0,623.0,39.2,1.54,3.50469499,12.1,6183.0,0.26,0.40462,1.241,1.3
Kepler-989 b,Kepler-989,7.964315352,0.0734,0.0,805.0,74.35,2.81,2.21,5.52,5074.0,0.01,-0.42689,0.82,0.78
Kepler-1508 b,Kepler-1508,20.7056504,0.1629,0.0,967.0,116.145,5.44,1.33,2.33,6158.0,0.01,0.53713,1.14,1.22
TOI-7041 b,TOI-7041,9.691,,0.04,882.37,143.259,0.421,11.43316031,114.41822652,4700.0,0.25,0.88081,1.07,4.1
K2-37 c,K2-37,6.42966,0.06534,,839.0,118.0,2.51,2.41,6.39,5352.0,-0.08,-0.40798,0.84,0.809
2MASS J19383260+4603591 b,2MASS J19383260+4603591,406.0,0.92,0.33,669.65,33.2985,1.38,13.4,603.877,29564.0,-0.092,1.45,0.48,0.203
TOI-1260 b,TOI-1260,3.127463,0.0367,0.0,871.0,95.58,3.35,2.41,8.56,4227.0,-0.1,-0.88941,0.679,0.672
HIP 39330 b,HIP 39330,4650.0,5.05,0.078,125.05,0.044,1.19,13.5,530.77343969,5748.0,0.16,0.05041,0.96,1.02786
Kepler-52 c,Kepler-52,16.3850021,0.10379,0.012,433.0,8.55,20.0,1.84,45.4,4075.0,0.0,-0.99568,0.54,0.52
Kepler-1637 b,Kepler-1637,6.10960324,0.0596,0.0,1093.0,337.78,4.99,0.89,0.64,5789.0,0.07,0.0229,1.02,1.02
Kepler-1990 b,Kepler-1990,1.73513619,0.0286,0.0,1554.0,1372.87,1.68,3.27,10.7,5751.0,0.21,0.11702,1.028,1.071
TOI-1749 c,TOI-1749,4.4929,0.0443,0.019,673.0,36.1539,,2.12,14.0,3985.0,-0.26,-1.15649,0.58,0.55
GJ 9714 b,GJ 9714,19240.75467,12.319,0.155,47.68,0.0009,8.41,12.5,2988.54051102,4263.0,,-0.88386,0.67,0.662662
Kepler-312 b,Kepler-312,1.772419,0.031,0.0,1685.0,4124.022,5.66,1.29,2.21,6115.0,0.15,0.59751,1.314,1.467
Kepler-1671 b,Kepler-1671,4.16787,0.04946,0.0,962.0,205.0,5.47,1.32557381,2.32,5135.55,0.2502,-0.26621,0.866,0.929771
Kepler-466 b,Kepler-466,51.07926307,0.26769,0.0,503.0,12.5,2.02,2.85,8.5,5927.0,-0.01,-0.06719,1.04,1.05
HD 63765 b,HD 63765,358.0,0.94,0.24,246.9,0.627,0.323,14.2,168.4499,5449.0,-0.16,-0.25647,0.65,0.83
TOI-7008 b,TOI-7008,0.84069041367,,,1783.0,1679.35,0.985,4.94735276,21.7,5116.06,,-0.23357,0.88,0.95255
Kepler-1038 c,Kepler-1038,7.127659798,0.0692,0.0,784.0,89.24,5.01,1.4162338,2.59,5159.0,0.16,-0.362,0.868,0.821
TOI-3877 b,TOI-3877,4.123596,0.0529,0.22,1445.0,729.0,0.342,11.67975789,99.7981198,5731.0,0.269,0.3075,1.16,1.445
Kepler-1699 b,Kepler-1699,3.49082,0.0418,0.0,1010.0,245.65,4.4,1.56671124,3.08,5575.53,0.225,-0.339,0.81,0.725
HD 143105 b,HD 143105,2.1974,0.0379,0.07,2028.25,2502.0025,0.822,13.7,384.5743,6380.0,0.15,0.55557,1.51,1.647304
HD 191939 e,HD 191939,101.12,0.407,0.031,390.0,3.9,0.281,13.0,112.2,5348.0,-0.15,-0.18709,0.81,0.94
Kepler-1569 b,Kepler-1569,5.79180156,0.06669,0.0,1222.0,495.652,4.01,1.68,3.46,6319.0,0.06,0.33545,1.25,1.4
Kepler-859 b,Kepler-859,20.38177573,0.13157,0.0,528.0,14.897,1.82,3.09,9.75,5020.0,-0.02,-0.55638,0.81,0.77
HD 83443 b,HD 83443,2.985628,0.0406,0.012,1262.68,477.4442,0.25,14.1,127.76701961,5442.0,0.34,-0.10403,1.0,0.94
Kepler-106 b,Kepler-106,6.16486,0.06491,0.0,1021.0,277.216,,0.82,5.3,5858.0,-0.12,0.08255,1.0,1.04
Kepler-834 b,Kepler-834,13.32388301,0.0862,0.0,378.0,11.845,3.16,2.02,4.74,4554.0,-0.13,-0.7453,0.7,0.66
K2-249 b,K2-249,12.409,0.1151,,1061.0,163.7274,2.07,2.79,8.2,6504.0,0.04,0.33627,1.32,1.57
Kepler-454 c,Kepler-454,524.19,1.287,0.0053,249.58,0.6814,3.67,12.9,1433.40611557,5687.0,0.32,0.05259,1.03,1.066
HD 33283 b,HD 33283,18.1991,0.1508,0.399,1034.4,191.9541,0.294,12.5,104.56607,5935.0,0.35,0.64,1.38,1.97
Kepler-169 e,Kepler-169,13.767102,0.105,0.0,595.0,28.548,2.83,2.2,5.48,4997.0,0.17,-0.49611,0.825,0.763
GJ 536 b,GJ 536,8.70874,0.0668,0.0,451.0,9.9,2.5,2.41,6.37,3641.0,-0.08,-1.35291,0.528,0.529
Kepler-37 e,Kepler-37,51.196,0.25,0.0,401.0,7.6252,879.0,0.37,8.1,5288.0,-0.25,-0.32187,0.8,0.772
Kepler-37 b,Kepler-37,13.36702,0.1019,0.098,718.0,44.5,140.0,0.3098,0.79,5357.0,-0.36,-0.32187,0.79,0.789
TOI-2236 b,TOI-2236,3.5315902,0.05009,0.0,1688.0,1356.0,0.93,14.36991326,502.16888306,6248.0,0.119,0.53275,1.343,1.573
HD 159868 c,HD 159868,351.0,1.032,0.184,383.37,3.3758,0.489,14.0,244.09344,5534.0,-0.08,0.55574,1.19,2.13
Kepler-1665 b,Kepler-1665,11.9548,0.096,0.0,906.0,40.4,2.03,2.83910787,8.44,5049.84,-0.013,-0.45048,0.842,0.777785
HIP 111909 b,HIP 111909,487.08,1.32,,436.91,6.0097,0.822,13.7,384.57237247,4891.0,-0.01,1.02,1.28,4.53
Kepler-1125 b,Kepler-1125,17.6700642,0.1348,0.0,778.0,41.04,3.56,1.84,4.04,5683.0,-0.09,0.64744,0.95,0.94
Kepler-384 b,Kepler-384,22.597053,0.148,0.0,670.0,101.549,5.71,1.12,1.46,5577.0,-0.29,0.39588,0.882,0.882
HD 37605 b,HD 37605,55.01292,0.277,0.6745,465.76,7.8531,2.04,13.2,854.9627,5329.0,0.27,-0.22,0.94,0.91
Kepler-1618 b,Kepler-1618,6.10826019,0.07109,0.0,1267.0,903.908,5.85,1.26,2.13,6620.0,0.04,0.69003,1.41,1.65
Kepler-352 d,Kepler-352,6.887279987,0.06574,0.0,788.0,81.3,4.71,0.80628032,0.449,5208.0,-0.14,-0.43235,0.796,0.772
K2-148 c,K2-148,6.9226,0.0616,,630.02,26.5,3.86,1.73,3.64,4079.0,-0.11,-0.99568,0.65,0.632
NGTS-9 b,NGTS-9,4.43527,0.058,0.06,1448.0,729.0,2.93,11.99363,921.707,6330.0,0.31,0.38944,1.34,1.38
Kepler-584 b,Kepler-584,35.1810304,0.2281,0.0,664.0,76.339,1.22,4.21,16.5,6195.0,0.02,0.52004,1.17,1.24
Kepler-92 b,Kepler-92,13.749,0.12232,0.17,975.0,257.776,2.098071,3.51,64.3,5883.0,0.1381,0.55818,1.21,1.7
TOI-277 b,TOI-277,3.994,0.0269,,587.92,28.236,2.22,2.65,7.51,4031.0,-0.01,-1.3504,0.16,0.362
EPIC 212297394 b,EPIC 212297394,2.289363,,,1149.0,,4.73,1.48,2.79,5171.0,-0.03,-0.46654,0.83,0.8
TIC 67686059 b,TIC 67686059,3.52163529551,,,,,2.28,2.59125922,7.23,5090.09,,-0.38623,0.86,0.820458
K2-270 b,K2-270,1.543069,0.0247,,1203.0,497.0717,5.19,1.38,2.48,4877.0,0.26,-0.51819,0.85,0.77
TIC 160113658 b,TIC 160113658,6.72952262077,,,,,1.55,3.49015778,12.0,4817.31,,-0.54309,0.76,0.789834
Kepler-533 b,Kepler-533,28.51120525,0.16704,0.0,423.0,8.769,1.62,3.38,11.4,4758.0,0.01,-0.62007,0.78,0.72
VHS J125601.92-125723.9 b,VHS J125601.92-125723.9,5800000.0,350.0,0.68,1194.0,0.0,10.9,13.67495645,5085.254512,2620.0,,-3.14,0.07,
HD 23079 c,HD 23079,5.748913,,0.097,,,2.07,2.8,8.26,5994.0,-0.129,0.13033,1.16,1.08
Kepler-55 e,Kepler-55,4.617534,0.048,0.0,728.0,73.157,4.46,1.55,3.02,4503.0,-0.01,-0.76324,0.631,0.619
GJ 887 b,GJ 887,9.2619,0.0683,0.14,426.0,7.8,3.67,1.8,3.9,3688.0,-0.06,-1.43415,0.495,0.468
Kepler-1467 b,Kepler-1467,47.0569043,0.2388,0.0,411.0,7.917,1.67,3.3,10.9,5332.0,-0.07,-0.35052,0.86,0.82
Kepler-199 c,Kepler-199,67.093408,0.316,0.0,420.0,7.885,1.7,3.25,10.6,5644.0,0.0,-0.09685,0.96,0.967
HD 222076 b,HD 222076,871.0,1.83,0.08,346.88,2.5381,1.11,13.5,495.8148,4806.0,0.05,0.92942,1.07,4.1
Kepler-282 b,Kepler-282,9.220524,0.082,0.0,817.0,195.935,5.39,1.01,1.01,5602.0,-0.2,0.10587,0.86,0.904
K2-388 b,K2-388,6.33932,,,874.0,138.0,1.34,3.9,14.5,5310.0,0.24,-0.21167,0.93,0.91
TOI-1224 b,TOI-1224,4.1782745,0.0355,,541.0,13.9295,3.0,2.104,5.08,3326.0,,-1.6968,0.4,0.404
Kepler-623 b,Kepler-623,9.07097734,0.0854,0.0,825.0,77.098,1.88,3.01,9.32,5443.0,-0.03,-0.31821,0.9,0.86
WASP-176 b,WASP-176,3.899052,0.0535,0.0,1721.0,1703.2413,0.31,16.869545,271.74465,5941.0,0.164,0.61653,1.345,1.925
Kepler-363 d,Kepler-363,11.932125,0.107,0.0,905.0,203.761,3.1,2.05,4.86,5593.0,0.3965,0.36465,1.226,1.485
HD 4917 b,HD 4917,400.5,1.167,0.066,479.78,20.9781,1.15,13.5,513.29545,4802.0,0.18,1.45591,1.32,5.01
KOBE-1 c,KOBE-1,29.671,0.16071,0.0,392.5,3.91,1.51,3.56,12.4,4135.0,-0.01,-0.99576,0.629,0.619
Kepler-970 b,Kepler-970,16.736525,0.139,0.34,464.0,11.111,2.26,2.609,7.31,4290.0,0.04,-0.77469,0.67,0.71
HAT-P-70 b,HAT-P-70,2.74432452,0.04739,0.0,2562.0,5405.6,1.54,20.96083,2154.8874,8450.0,-0.059,1.22272,1.89,1.858
Kepler-943 b,Kepler-943,49.7701438,0.2559,0.0,455.0,10.16,0.777,5.93,29.5,5612.0,-0.07,0.40676,0.93,0.91
Kepler-10 b,Kepler-10,0.8374907,0.01685,0.0,2188.0,3741.78,5.54,1.47,3.24,5708.0,-0.15,0.05467,0.91,1.065
Kepler-271 d,Kepler-271,5.24972541,0.05554,0.0,954.0,189.343,4.19,0.66,0.219,5555.0,-0.13,-0.25319,0.9,0.87
TOI-1233.01,HD 108236,14.175685,0.1074,0.055,708.0,53.8795,2.34,2.539,6.98,5660.0,-0.28,-0.14997,0.869,0.877
HD 221585 b,HD 221585,1173.0,2.306,0.123,242.77,0.4965,1.14,13.5,511.7063,5620.0,0.29,0.4216,1.19,1.850575
TIC 18942729 b,TIC 18942729,0.99817838064,,,,,3.2,2.00021315,4.66,4360.11,0.0118,-0.73197,0.652,0.825257
HD 22496 b,HD 22496,5.09071,0.051,,573.0,26.0,2.8,2.22,5.57,4385.0,-0.08,-1.17393,0.684,0.674
Kepler-1640 b,Kepler-1640,7.5844126,0.0836,0.0,1228.0,537.4,1.02,4.82,20.7,6324.0,0.1,0.47,1.27,1.43
Kepler-589 c,Kepler-589,3.52466011,0.0426,0.0,1098.0,344.61,5.71,1.11727238,1.45,5372.0,-0.02,-0.34669,0.832,0.916
Kepler-647 b,Kepler-647,16.2254649,0.12237,0.0,788.0,162.794,5.87,1.17,1.71,6020.0,-0.14,0.41834,1.03,1.07
Gaia-1 b,Gaia-1,3.052524,0.04047,,1159.07,426.5351,1.12,13.77583728,533.95172376,5470.0,,-0.1588,0.949,0.952
Kepler-1527 b,Kepler-1527,160.129918,0.6276,0.0,450.0,7.813,1.03,4.77,20.4,6224.0,0.07,0.48222,1.21,1.32
Kepler-1980 b,Kepler-1980,33.0257179,0.2049,0.0,564.0,23.95,2.81,2.21,5.52,5819.0,0.14,0.22397,1.049,0.99
TOI-122 b,TOI-122,5.07803,0.0392,0.0,471.0,8.8,2.14,2.72,7.85,3403.0,,-1.85387,0.312,0.334
HATS-52 b,HATS-52,1.36665436,0.02498,0.246,1834.0,1310.22,1.06,15.490838,711.9392,6010.0,-0.2843,0.06819,1.111,1.046
Kepler-250 d,Kepler-250,17.648312,0.127,0.0,579.0,21.463,2.86,2.18,5.39,5160.0,0.01,-0.45709,0.806,0.805
Kepler-1298 b,Kepler-1298,7.12811928,0.0814,0.0,1373.0,1003.027,5.55,1.31,2.27,6339.0,0.13,0.83982,1.45,2.0
Kepler-1361 b,Kepler-1361,3.57554956,0.04304,0.0,1061.0,186.069,4.89,0.86,0.566,5131.0,0.0,-0.43672,0.83,0.79
Kepler-619 b,Kepler-619,5.404272197,0.06014,0.0,1073.0,224.146,1.76,3.16,10.1,5980.0,0.05,-0.04002,1.09,1.11
K2-99 b,K2-99,18.24783,0.153,0.22,1184.0,357.0,0.9,11.88151954,276.51071409,6069.0,0.2,0.89927,1.44,2.55
TOI-532 b,TOI-532,2.3266508,0.0296,0.0,867.0,94.1,1.72,5.82,61.5,3927.0,0.338,-1.09528,0.639,0.612
HD 210277 b,HD 210277,442.19,1.13,0.48,259.86,0.7275,0.896,13.6,410.0007,5538.0,0.22,-0.032,1.01,1.07
Kepler-178 b,Kepler-178,9.576694,0.085,0.0,846.0,84.571,1.97,2.9,8.75,5676.0,-0.04,-0.20778,0.852,1.066
Kepler-1604 b,Kepler-1604,0.683684256,0.01406,0.0,2023.0,1391.4,5.04,1.41,2.57,4976.0,0.02,-0.52707,0.81,0.76
Kepler-984 b,Kepler-984,43.0342272,0.23688,0.0,484.0,13.991,2.96,2.12,5.14,5610.0,0.04,-0.10846,0.96,0.93
HD 13724 c,HD 13724,142.22895,0.534,0.651,393.06,3.9773,0.511,8.18,50.85254512,5835.31,0.2169,0.05467,1.004,1.04198
Kepler-1286 b,Kepler-1286,11.25402929,0.0991,0.0,888.0,151.77,2.91,2.15,5.27,5753.0,0.03,0.12822,1.0,0.98
Kepler-318 b,Kepler-318,4.662715,0.056,0.0,1039.0,333.149,1.05,4.71,19.9,5746.0,0.332,0.00394,1.073,1.189
Kepler-732 b,Kepler-732,9.467814048,0.0691,0.0,407.0,8.559,2.86,2.18,5.39,3631.0,-0.01,-1.375,0.49,0.46
HIP 109600 b,HIP 109600,232.08,0.706,0.163,312.88,1.6736,2.04,13.2,851.7844,5530.0,-0.12,-0.07873,0.87,0.971958
Kepler-407 b,Kepler-407,0.6693124,0.01531,0.0,1983.0,4102.008,5.876579,1.19,1.93,5487.0,0.35,-0.10791,0.99,1.04
GJ 1148 c,GJ 1148,532.58,0.912,0.342,99.38,0.0163,0.409,9.71,68.06,3287.0,0.1596,-1.86908,0.344045,0.358519
Kepler-897 b,Kepler-897,8.0472642,0.077,0.0,855.0,354.221,2.54,2.39,6.3,5839.0,0.04,0.28762,1.03,1.04
Kepler-435 b,Kepler-435,8.6001536,0.0948,0.114,1729.0,677.917,0.131,22.31,266.97,6161.0,-0.18,1.129,1.538,3.21
HD 184010 d,HD 184010,836.4,1.92,0.0,381.37,3.5509,0.269,14.3,143.02278315,4971.0,-0.17,1.11694,1.35,4.86
WASP-70 A b,WASP-70 A,3.7130203,0.04853,0.0,1387.0,649.1548,0.499,13.047,187.512,5763.0,-0.006,0.1624,1.106,1.215
TOI-1798.01,TOI-1798,8.021522331,0.074984,0.0,734.31,69.26,2.61,2.448,6.5,5165.0,0.073,-0.41567,0.87,0.78
TOI-444 b,TOI-444,17.9636,0.133,,609.0,23.4694,2.09,2.77,8.1,5225.0,0.08,-0.41794,0.96,0.779
TOI-2202 b,TOI-2202,11.9126075,0.09564,0.022,652.07,42.7254,1.2,10.95117414,287.31687993,5169.0,0.059,-0.40121,0.841,0.808
TrES-1 b,TrES-1,3.03007,0.03925,0.0,1140.0,318.4582,0.712,12.66617,266.9772,5230.0,0.02,-0.30071,1.04,0.85
Kepler-1052 c,Kepler-1052,180.921729,0.6135,0.0,302.0,1.96,2.66,2.3,5.9,5818.0,-0.22,-0.04685,0.937,0.848
Kepler-206 b,Kepler-206,7.781987,0.078,0.0,983.0,192.273,5.95,1.2,1.87,5764.0,0.0213,0.08357,0.957,1.185
Kepler-763 b,Kepler-763,1.19655156,0.0205,0.0,1414.0,974.089,5.99,1.22,1.98,5166.0,0.01,-0.3339,0.84,0.8
Kepler-155 b,Kepler-155,5.931194,0.056,0.0,614.0,23.5,3.02,2.09,5.02,4508.0,-0.142,-1.21,0.635,0.62
ups And c,ups And,241.258,0.827774,0.2596,407.56,4.8931,13.1,12.3,4443.24112986,6156.77,0.1014,0.52541,1.3,1.56
NGTS-34 b,NGTS-34,43.12655,0.257,,624.0,36.0339,2.16,3.65,19.1,6134.0,0.228,0.37658,1.266,1.367
K2-274 b,K2-274,14.1330314,0.0964,,655.0,33.3287,3.04,2.08,4.98,5044.0,-0.16,-0.50903,0.79,0.7
DH Tau b,DH Tau,,330.0,,2200.0,0.0,0.693,30.2643,3496.0,4371.0,,-0.21153,0.33,0.27
HD 200964 c,HD 200964,852.5,1.96,0.243,380.62,3.0164,0.825,13.7,385.84562,4982.0,-0.15,1.064,1.39,4.92
TOI-1011 b,TOI-1011,2.470498,,0.0,1364.0,575.597,7.28,1.45,4.04,5475.0,0.03,-0.1549,0.91,0.92
Kepler-1583 b,Kepler-1583,9.32807355,0.08307,0.0,788.0,124.307,3.97,0.6,0.156,5645.0,-0.07,-0.01774,0.94,0.91
HATS-32 b,HATS-32,2.8126548,0.04024,0.471,1437.0,614.5934,0.58,14.000041,292.4036,5700.0,0.39,0.0569,1.099,1.097
ZTF J1828+2308 b,ZTF J1828+2308,0.1120067,,,,,25.3,11.13051784,6356.56814,15900.0,,-2.0,0.61,0.0131
Kepler-1876 b,Kepler-1876,6.99205,0.0758,0.098,1299.0,475.0,19.0,0.853,2.4,6104.0,0.01,0.42894,1.187,1.477
TOI-6564 b,TOI-6564,3.985413,0.0542,0.0,1445.0,1257.4271,0.277,16.39873876,222.16205649,5943.0,0.19,0.50581,1.18,1.7
K2-219 c,K2-219,6.66767,,,,,4.91,1.43839723,2.66,5753.0,0.13,0.15097,1.021545,1.189232
HD 37124 b,HD 37124,154.378,0.53364,0.054,366.48,2.7119,0.43,14.0,214.53525,5698.64,-0.44,-0.11224,0.85,0.949168
Kepler-881 b,Kepler-881,4.44448017,0.0552,0.0,1217.0,538.569,3.72,1.78,3.82,5961.0,0.0,0.11975,1.06,1.09
TOI-333 b,TOI-333,3.7852503,0.049,0.0,1445.0,650.4959,1.42,4.26,20.1,6241.0,0.01,0.21559,1.2,1.1
Kepler-60 c,Kepler-60,8.9187,0.08422,0.039,1023.0,236.0,3.06,1.9,3.85,5905.0,-0.09,0.36906,1.041,1.257
Kepler-665 b,Kepler-665,16.01310205,0.1148,0.0,593.0,20.719,2.27,2.6,7.27,4913.0,-0.03,-0.59538,0.79,0.74
Kepler-1848 b,Kepler-1848,5.604020119,0.05835,0.0,774.0,94.3,5.05,1.4088539,2.57,4847.0,0.0,-0.51304,0.756,0.737
TOI-2096 c,TOI-2096,6.38784,0.04,0.1,349.0,3.7,3.39,1.914,4.32,3300.0,-0.03,-2.22768,0.231,0.235
Kepler-1698 b,Kepler-1698,1.2107,0.02065,0.0,1351.0,697.6,5.56,1.07315686,1.25,4975.03,0.08,-0.51767,0.822,0.741698
HIP 14810 c,HIP 14810,147.747,0.549,0.1566,373.22,3.2423,0.91,13.6,416.3573,5544.0,0.24,-0.01,1.01,1.07
HD 25463 c,HD 25463,3.04405,0.0443,0.0,1585.57,1413.5,9.09,1.36354953,4.3,6353.0,-0.018,0.47276,1.251,1.4182
Kepler-1869 c,Kepler-1869,1.716828304,0.028,0.0,1455.0,1056.84,4.47,0.74,0.33,5808.0,-0.06,-0.05012,0.987,0.902
Kepler-292 b,Kepler-292,2.580827,0.035,0.0,1130.0,394.301,5.5,1.32,2.3,5299.0,0.04,-0.33691,0.865,0.826
Kepler-33 b,Kepler-33,5.66793,0.0677,0.0,1336.0,744.011,3.84,1.74,3.68,5904.0,0.025,0.556,1.291,1.82
Kepler-601 b,Kepler-601,5.378868441,0.05494,0.0,833.0,110.619,3.42,1.9,4.27,5160.0,-0.02,-0.42817,0.85,0.79
TOI-1347 b,TOI-1347,0.84742346,0.0171,0.0,1400.0,1876.1315,9.9,1.8,11.1,5464.0,0.04,-0.25964,0.913,0.83
K2-417 b,K2-417,6.535,0.063,,558.0,15.8226,,3.31,699.2224954,3861.0,,-1.20204,0.569,0.5776
Kepler-1020 b,Kepler-1020,96.9151496,0.37594,0.0,325.0,2.339,2.7,2.28,5.82,5227.0,0.0,-0.43597,0.87,0.8
Kepler-1346 b,Kepler-1346,3.40165668,0.044,0.0,1236.0,545.575,4.35,1.58,3.12,6133.0,0.04,-0.00806,1.14,1.21
TOI-1750 b,TOI-1750,11.33727129656,,,612.92,33.352,2.07,2.78943837,8.19,4683.75,,-0.56157,0.767,0.768675
HD 180314 b,HD 180314,394.73,1.448,0.247,597.64,20.9853,22.9,12.0,7216.92963775,4917.0,0.2,1.64345,2.6,9.2
Kepler-181 c,Kepler-181,4.302149,0.049,0.0,937.0,168.188,3.22,1.99,4.62,5333.0,-0.04,-0.37878,0.81,0.749
Kepler-953 c,Kepler-953,9.10967112,0.0862,0.0,873.0,121.04,5.9,1.19,1.81,5416.0,0.26,-0.119,0.95,0.99
TOI-1696 b,TOI-1696,2.500311,0.0229,0.0,489.0,13.5,9.44,3.09,48.8,3185.0,0.336,-2.14813,0.255,0.2775
TIC 77552382 b,TIC 77552382,3.51025904942,,,1433.88,701.7449,0.82,5.69176189,27.5,4981.07,,-0.35293,0.83,0.886956
HD 96167 b,HD 96167,498.04,1.332,0.685,333.63,2.0941,0.456,14.0,227.88411,5733.0,0.34,0.57,1.27,1.94
Kepler-1770 b,Kepler-1770,16.84189987,0.1261,0.0,699.0,56.43,2.02,2.84141754,8.45,5602.0,0.1,-0.2091,0.941,1.009
Kepler-292 e,Kepler-292,11.97901,0.097,0.0,678.0,50.924,2.2,2.67,7.61,5299.0,0.04,-0.33691,0.865,0.826
Kepler-154 b,Kepler-154,33.040532,0.198,0.0,561.0,28.11,2.73,2.26,5.73,5690.0,0.02,0.03322,0.933,1.001
Kepler-1660 AB b,Kepler-1660 A,239.5044,0.8,0.05541,415.08,7.2787,4.06,12.9,1586.59940774,6305.24,-0.36,0.66823,1.1366,1.491
Kepler-379 b,Kepler-379,20.09838,0.152,0.0,775.0,90.346,4.07,1.66,3.39,6054.0,0.09,0.27953,1.125,1.306
HAT-P-33 b,HAT-P-33,3.47447,0.04995,0.0,1782.0,1701.38,0.2,20.73665,292.4036,6446.0,0.05,0.618,1.82,1.79
Kepler-567 b,Kepler-567,16.54297375,0.1229,0.0,611.0,26.137,2.74,2.25,5.69,5148.0,0.0,-0.40926,0.84,0.79
KIC 8121913 b,KIC 8121913,3.294601,,,,,1.52,13.4,667.4396547,5975.3,0.252,0.73994,1.456,2.233
K2-198 d,K2-198,7.4500177,,,943.2,,2.47,2.438,6.52,5212.9,0.094,-0.40084,0.799,0.757
Kepler-176 e,Kepler-176,51.16579,0.25654,0.0,398.0,6.22,0.041,1.45,0.52075,5295.0,0.03,-0.40427,0.87,0.83
HD 109246 b,HD 109246,68.27,0.33,0.12,507.43,11.568,0.559,13.9,273.3338,5844.0,0.1,0.10028,1.2,1.07
TOI-5489 c,TOI-5489,4.92126,,,536.0,13.8663,5.71,1.28,2.18,3547.0,,-1.60776,0.41,0.42
K2-415 b,K2-415,4.0179694,0.027,,412.4,4.82,,1.015,7.5,3173.0,-0.13,-2.45469,0.1635,0.1965
Kepler-800 b,Kepler-800,14.13176026,0.1106,0.0,675.0,44.872,2.02,2.85,8.5,5315.0,-0.09,-0.35798,0.85,0.82
Kepler-327 c,Kepler-327,5.212333,0.047,0.0,537.0,28.272,102.0,1.03,20.3,3799.0,-0.2,-1.25964,0.591913,0.492
Kepler-28 c,Kepler-28,8.99,0.07519,0.017,509.0,35.898,1.764357,1.857,2.06,4499.3,0.1451,-0.74494,0.684,0.664
K2-271 b,K2-271,8.562421,0.077,,893.0,133.8067,0.595,7.28,41.8,5644.0,-0.3,-0.04982,0.83,0.99
KMT-2018-BLG-0748L b,KMT-2018-BLG-0748L,,0.62,,,,0.451,9.01,60.0,,,,0.087,
KMT-2024-BLG-1870L b,KMT-2024-BLG-1870L,,3.15,,,,0.704,13.8,336.89811142,,,,0.67,
KMT-2017-BLG-0849L b,KMT-2017-BLG-0849L,,2.73,,,,2.51,2.41,6.39,,,,0.19,
Kepler-1418 b,Kepler-1418,22.4764425,0.131,0.0,419.0,7.29,4.07,1.66,3.39,4770.0,0.0,-0.616,0.77,0.72
OGLE-2016-BLG-0613L AB b,OGLE-2016-BLG-0613L AB,,6.4,,,,3.33,13.0,1330.0,,,,0.72,
TOI-1694 c,TOI-1694,386.25,0.974,0.111,222.0,0.4016,0.662,13.8,316.55709337,5005.0,0.04,-0.41908,0.828,0.812
HD 9446 c,HD 9446,192.9,0.654,0.06,345.42,2.5718,1.32,13.4,578.426,5793.0,0.09,0.04139,1.0,1.0
MASCARA-4 b,MASCARA-4,2.8240932,0.0474,0.0,2250.0,4913.69,0.481,16.98160576,532.36258173,7800.0,0.0,1.08743,1.75,1.79
Kepler-1846 b,Kepler-1846,14.82009983,0.11054,0.0,552.0,24.5,3.77,1.76378826,3.76,4825.0,0.08,-0.53047,0.785,0.732
HD 147873 b,HD 147873,116.596,0.522,0.207,603.16,21.9829,4.28,12.8,1633.6462,5972.0,0.03,0.77743,1.38,2.29
Kepler-224 e,Kepler-224,18.643577,0.124,0.0,517.0,18.732,3.26,1.97,4.54,5018.0,-0.06,-0.51445,0.777,0.676
Kepler-1670 b,Kepler-1670,20.4998,0.1528,0.0,731.0,67.67,1.63,3.3564801,11.2,5838.0,-0.08,0.3828,1.05,1.51889
Kepler-92 c,Kepler-92,26.723,0.19054,0.04,781.0,106.207,4.747125,2.6,6.1,5883.0,0.1381,0.55818,1.21,1.7
Kepler-1799 b,Kepler-1799,11.9296999,0.1028,0.0,770.0,83.04,1.24,4.12801189,15.9,5831.0,0.0,0.31428,1.016,0.921
KMT-2021-BLG-0736L b,KMT-2021-BLG-0736L,,4.0,,,,1.01,4.86,21.0,,,,0.6,
PSR B1620-26 b,PSR B1620-26,,23.0,,,,1.86,13.3,794.575,,,,1.35,
TYC 8998-760-1 b,TYC 8998-760-1,,146.0,0.44,2638.0,0.0,4.0,21.18497352,6928.6592726,4573.0,,-0.34,1.0,1.02
OGLE-2017-BLG-1434L b,OGLE-2017-BLG-1434L,,1.18,,,,3.33,1.94,4.43,,,,0.234,
KMT-2019-BLG-2783L b,KMT-2019-BLG-2783L,,1.85,,,,0.788,13.7,368.68095212,,,,0.34,
OGLE-2016-BLG-1093L b,OGLE-2016-BLG-1093L,,2.13,,,,0.452,14.0,225.65816897,,,,0.46,
MOA-2010-BLG-117L b,MOA-2010-BLG-117L,,2.42,,,,0.326,14.2,170.0,,,,0.58,
OGLE-2006-BLG-109L b,OGLE-2006-BLG-109L,1788.5,2.3,,82.0,,0.463,14.0,231.0,,,,0.51,
OGLE-2012-BLG-0406L b,OGLE-2012-BLG-0406L,,3.45,,,,2.07,13.2,868.0,,,,0.44,
Kepler-1265 b,Kepler-1265,6.49441289,0.0612,0.0,732.0,58.15,5.34,1.35,2.39,4630.0,-0.1,-0.70004,0.71,0.69
HD 332231 b,HD 332231,18.712024,0.145,0.0,798.3,98.09,0.55,9.07303305,74.1,6128.0,0.043,0.30792,1.1642,1.266
HD 233604 b,HD 233604,192.0,0.747,0.05,882.5,100.7764,5.61,12.7,2089.644,4791.0,-0.36,1.75,1.5,10.9
Kepler-1591 b,Kepler-1591,8.18504949,0.0794,0.0,892.0,439.434,5.77,1.27,2.15,6082.0,0.01,0.43389,1.1,1.16
HD 22532 b,HD 22532,872.6,1.9,0.03,420.41,5.2078,1.54,13.4,673.79622284,5038.0,-0.19,1.27416,1.57,5.69
TOI-7189 b,TOI-7189,2.89055,0.03294,0.0601,738.0,49.3,0.67,10.9,159.04,3775.0,0.47,-1.18709,0.612,0.591
TOI-7265 B b,TOI-7265 B,4.17232,0.04007,0.0372,571.0,17.7,1.01,10.7,224.95,3503.0,0.35,-1.46852,0.521,0.497
KMT-2021-BLG-0322L b,KMT-2021-BLG-0322L,,,,,,5.46,12.7,2034.1018048,,,,0.62,
MOA-2016-BLG-526L b,MOA-2016-BLG-526L,,2.07,,,,1.31,3.97,14.93793513,,,,0.37,
TOI-6695 c,TOI-6695,242.4,0.838,0.022,415.0,4.9413,1.01,13.6,460.85119015,6400.0,0.2,0.54033,1.338,1.517
Kepler-249 b,Kepler-249,3.306539,0.035,0.0,554.0,24.26,5.6,1.09,1.32,3568.0,-0.34,-1.49485,0.510238,0.482
OGLE-2018-BLG-1185L b,OGLE-2018-BLG-1185L,,1.54,,,,2.04,2.83,8.4,,,,0.37,
WISEP J121756.91+162640.2 A b,WISEP J121756.91+162640.2 A,,8.0,,450.0,0.0,33.5,10.468,6992.0,575.0,,-6.09,0.029,0.091
KMT-2024-BLG-0176L b,KMT-2024-BLG-0176L,,1.32,,,,0.484,14.0,241.54958932,,,,0.103,
KMT-2021-BLG-1150L b,KMT-2021-BLG-1150L,,4.5,,,,0.572,13.9,279.68899816,,,,0.73,
KMT-2017-BLG-1146L b,KMT-2017-BLG-1146L,,1.6,,,,0.461,14.0,230.0,,,,0.33,
MOA-2007-BLG-400L b,MOA-2007-BLG-400L,,5.9,,34.0,,1.21,13.5,540.3082919,,,,0.69,
TWA 7 b,TWA 7,,52.0,,316.0,0.0,0.29,12.7,108.06165838,3509.0,,-0.93967,0.46,0.917173
Kepler-1222 b,Kepler-1222,1.916944254,0.02801,0.0,1246.0,416.231,4.66,0.79,0.418,5239.0,-0.04,-0.45761,0.84,0.8
Kepler-463 b,Kepler-463,8.981016833,0.07925,0.0,880.0,166.039,1.85,3.05,9.53,5661.0,-0.28,0.07904,0.87,0.9
TOI-2337 b,TOI-2337,2.99432,,0.019,1272.46,619.5809,2.72,10.08808263,508.5254512,4780.0,0.39,0.689,1.325,3.22
HD 202206 c,HD 202206,1299.22,2.39,0.171,183.35,0.1908,2.4,13.1,982.08977763,5764.23,0.23,0.03743,1.06,1.04
MOA-2010-BLG-477L b,MOA-2010-BLG-477L,,2.0,,,,1.05,13.6,480.0,5950.0,,,0.67,
OGLE-2017-BLG-1522L b,OGLE-2017-BLG-1522L,,0.59,,,,0.481,14.0,240.0,,,,0.045,
Kepler-566 b,Kepler-566,18.42794624,0.1247,0.0,526.0,16.879,2.91,2.15,5.27,5132.0,-0.01,-0.52379,0.83,0.79
Kepler-1224 b,Kepler-1224,13.32351601,0.11625,0.0,872.0,132.663,5.44,1.33,2.33,6155.0,0.14,0.29282,1.18,1.22
WASP-149 b,WASP-149,1.332813,0.024,0.0,1855.0,1966.0,0.49,15.24421375,314.96795134,5750.0,0.0,0.04343,1.05,1.08
KMT-2019-BLG-1042L b,KMT-2019-BLG-1042L,,1.7,,,,0.448,9.05,60.38739733,,,,0.3,
KMT-2019-BLG-0298L b,KMT-2019-BLG-0298L,,5.67,,,,1.31,13.4,575.26941667,,,,0.7,
WASP-60 b,WASP-60,4.305,0.05548,0.0,1479.0,925.4935,0.378,9.86392,174.8065,5900.0,-0.04,0.34748,1.19,1.17
KMT-2019-BLG-0371L b,KMT-2019-BLG-0371L,,0.79,,,,6.72,12.6,2447.2787339,,,,0.09,
TOI-5916 b,TOI-5916,2.36712341,0.02789,0.045,716.0,43.8,0.73,11.8,219.0,3541.0,0.04,-1.45717,0.518,0.487
OGLE-2017-BLG-1237L b,OGLE-2017-BLG-1237L,,2.53,,,,3.02,13.0,1207.7479466,,,,0.46,
OGLE-2017-BLG-0640L b,OGLE-2017-BLG-0640L,,1.14,,,,1.15,13.5,514.88201934,,,,0.32,
MXB 1658-298 b,MXB 1658-298,760.0,1.613,,,,24.0,12.0,7532.571,,,,1.98,
KMT-2018-BLG-0029L b,KMT-2018-BLG-0029L,,4.27,,,,2.19,2.67,7.59,,,,1.14,
Kepler-619 c,Kepler-619,1.208465026,0.02216,0.0,1767.0,1652.907,3.98,1.69,3.5,5980.0,0.05,-0.04002,1.09,1.11
Kepler-186 b,Kepler-186,3.8867907,0.0343,0.0,571.0,37.372,5.56,1.07,1.24,3788.0,-0.28,-1.385,0.478,0.472
K2-183 d,K2-183,22.620344,0.1527,,615.0,31.6618,2.66,2.3,5.9,5482.0,0.09,-0.13179,0.942219,0.87
Kepler-1677 b,Kepler-1677,22.064,0.1599,0.0,712.0,59.4,2.16,2.70216183,7.76,6013.72,0.108,0.2648,1.11,1.24959
KMT-2018-BLG-0087L b,KMT-2018-BLG-0087L,,0.87,,,,0.39,10.1,73.10053361,,,,0.1,
KOI-55 c,KOI-55,0.342887,0.0076,,6910.74,396618.3609,5.52,0.867,0.655,27730.0,-0.106,1.36,0.496,0.203
KMT-2024-BLG-1044L b,KMT-2024-BLG-1044L,,,,,,2.16,2.7,7.75,,,,0.069,
KMT-2019-BLG-0297L b,KMT-2019-BLG-0297L,,0.96,,,,18.7,12.1,6038.739733,,,,0.21,
OGLE-2012-BLG-0724L b,OGLE-2012-BLG-0724L,,1.6,,,,0.282,14.3,150.0,,,,0.29,
TOI-603 b,TOI-603,16.179846,0.1282,,899.0,157.0,0.453,7.37,33.0,6027.0,0.183,0.41363,1.24,1.477
Kepler-1620 b,Kepler-1620,101.951829,0.4322,0.0,428.0,7.92,4.24,1.61,3.22,6157.0,0.03,0.293,1.15,1.23
KMT-2019-BLG-0578L b,KMT-2019-BLG-0578L,,2.0,,,,0.815,13.7,381.3940884,,,,0.28,
Kepler-85 e,Kepler-85,25.216751,0.163,0.0,559.0,24.318,1.6,1.27,0.6,5436.0,0.12,-0.2123,0.947,0.893
TOI-2128 b,TOI-2128,16.34136,0.127,0.0,780.53,86.2315,2.68,2.08874836,4.5,5968.0,-0.07,0.15625,1.0251,1.1174
Kepler-1693 c,Kepler-1693,5.363709927,0.0588,0.0,1059.0,296.73,5.27,0.97698289,0.894,5553.0,0.16,-0.21808,0.941,1.098
TOI-5174 b,TOI-5174,12.214286,,,808.37,100.9112,0.889,5.351,24.8,5643.77,0.415,0.03946,1.0,1.09457
WASP-172 b,WASP-172,5.477433,0.0694,0.0,1740.0,1506.5,0.16,17.59813,149.3801,6900.0,-0.1,0.93444,1.49,1.91
Kepler-403 b,Kepler-403,7.031462,0.076,0.0,1194.0,689.457,5.91,1.25,2.1,6090.0,0.079,0.64405,1.299,1.329
KMT-2022-BLG-2286L b,KMT-2022-BLG-2286L,,2.02,,,,18.7,12.1,6038.739733,,,,0.2,
Kepler-1493 b,Kepler-1493,15.0217983,0.1197,0.0,874.0,137.91,5.04,1.41,2.57,5863.0,0.06,0.249,1.06,1.29
OGLE-2019-BLG-0249L b,OGLE-2019-BLG-0249L,,1.84,,,,6.07,12.7,2262.93825784,,,,0.91,
Kepler-137 c,Kepler-137,18.735753,0.13,0.0,568.0,29.775,3.47,1.88,4.19,5187.0,0.05,-0.29234,0.85,0.802
TOI-2114 b,TOI-2114,6.209959,0.076,0.472,1472.0,1130.0,0.58,14.54925695,324.18497514,6400.0,0.001,0.77041,1.309,1.97
TOI-5806 b,TOI-5806,3.1856381,0.0484,,1621.0,1660.0,1.15,15.13212395,721.47048389,6730.0,-0.019,0.54986,1.333,1.387
OGLE-2018-BLG-1011L c,OGLE-2018-BLG-1011L,,0.8,,,,2.13,13.2,890.0,,,,0.18,
TOI-7169 b,TOI-7169,3.4373125,0.0428,0.055,1631.0,1169.0,0.159,16.53324653,130.30964687,5714.0,-0.72,0.34183,0.885,1.5
OGLE-2018-BLG-0677L b,OGLE-2018-BLG-0677L,,0.63,,,,3.61,1.82,3.96,,,,0.12,
OGLE-2019-BLG-0679L b,OGLE-2019-BLG-0679L,,6.99,,,,2.59,13.1,1061.54687938,,,,0.66,
MOA-bin-1L b,MOA-bin-1L,,8.3,,,,3.0,13.0,1200.0,,,,0.75,
Kepler-365 b,Kepler-365,10.664903,0.098,0.0,865.0,132.15,3.12,2.04,4.82,6012.0,-0.218,0.112,1.02,1.048
KMT-2020-BLG-0414L c,KMT-2020-BLG-0414L,,22.3,,,,28.0,11.9,8581.366989,,,,0.49,
HD 11977 b,HD 11977,711.0,1.93,0.4,547.97,18.5126,5.58,12.7,2080.0,4970.0,-0.21,1.83858,1.91,10.09
Kepler-1038 b,Kepler-1038,148.4603382,0.5238,0.0,285.0,1.512,1.52,3.53,12.2,5335.0,-0.04,-0.362,0.87,0.83
Kepler-250 c,Kepler-250,7.156804,0.069,0.0,782.0,71.499,2.7,2.28,5.82,5160.0,0.01,-0.45709,0.806,0.805
eps CrB b,eps CrB,417.9,1.3,0.11,853.92,101.7001,5.71,12.7,2129.461,4406.0,-0.094,2.23521,1.7,21.0
TOI-521 b,TOI-521,1.54285047,0.0195,0.0,794.0,66.0,3.8,1.98,5.3,3544.0,-0.12,-1.5986,0.42,0.421
OGLE-2015-BLG-0954L b,OGLE-2015-BLG-0954L,,1.6,,,,2.69,13.1,1100.0,,,,0.3,
KOI-134 c,KOI-134,33.95,0.2305,0.24,798.82,79.051,0.401,9.86,69.92224954,6160.0,0.427,0.62325,1.407,1.667
HD 127195 c,HD 127195,836.99,,0.05,,,0.405,14.1,206.58846455,4981.0,-0.04,0.98272,1.34,4.16
HD 125136 b,HD 125136,849.77,,0.05,,,1.68,13.3,718.29219982,4959.0,0.02,1.19866,1.55,5.39
KMT-2019-BLG-0953L b,KMT-2019-BLG-0953L,,1.1,,,,1.27,4.06,15.5,,,,0.28,
OGLE-2017-BLG-1691L b,OGLE-2017-BLG-1691L,,2.41,,,,1.33,3.92,14.62010672,,,,0.45,
alf Ari b,alf Ari,380.8,1.2,0.25,747.22,59.6537,1.31,13.4,572.07,4553.0,-0.09,1.934,1.5,13.9
TOI-2180 b,TOI-2180,260.79,0.828,0.3683,348.0,2.71,3.32,11.32107051,875.61726129,5695.0,0.253,0.40552,1.111,1.636
KMT-2024-BLG-0404L c,KMT-2024-BLG-0404L,,,,,,1.17,4.33,17.3,,,,0.09,
Kepler-122 e,Kepler-122,37.993273,0.227,0.0,618.0,36.299,8.66,2.6,27.7,6050.0,-0.08,0.26993,0.982,1.216
Kepler-411 c,Kepler-411,7.834435,0.0739,0.108,838.0,56.0,1.7,4.421,26.4,4974.0,0.21,-0.57899,0.87,0.82
OGLE-2018-BLG-1428L b,OGLE-2018-BLG-1428L,,3.3,,,,0.481,14.0,240.0,,,,0.43,
KMT-2021-BLG-1689L b,KMT-2021-BLG-1689L,,2.5,,,,0.552,7.71,46.0,4570.0,,,0.58,
MOA-2010-BLG-073L b,MOA-2010-BLG-073L,,1.21,,,,10.1,12.4,3500.0,,,,0.16,
KMT-2017-BLG-2197L b,KMT-2017-BLG-2197L,,15.91,,,,7.9,12.5,2809.60311788,,,,0.36,
KMT-2018-BLG-1988L b,KMT-2018-BLG-1988L,,3.09,,,,2.79,2.22,5.56,,,,0.47,
Kepler-302 b,Kepler-302,30.184104,0.193,0.0,634.0,31.247,1.27,4.06,15.5,5740.0,0.16,0.04949,1.021,1.22
GJ 3779 b,GJ 3779,3.0232,0.026,0.07,526.94,12.8254,2.11,2.75,8.0,3324.0,0.0,-2.06198,0.27,0.281
Kepler-985 b,Kepler-985,116.331901,0.44664,0.0,323.0,2.4,1.9,2.98,9.17,5434.0,0.0,-0.28282,0.91,0.85
Kepler-248 b,Kepler-248,6.308205,0.066,0.0,819.0,79.311,1.87,3.02,9.38,5190.0,0.17,-0.41834,0.838,0.831
Kepler-836 b,Kepler-836,11.36112327,0.1013,0.0,869.0,135.797,2.13,2.73,7.9,5895.0,-0.01,0.04883,1.03,1.04
TOI-1224 c,TOI-1224,17.945466,,0.0,303.12,1.9952,1.99,2.884,8.67,3326.0,,-1.6968,0.4,0.404
Kepler-142 d,Kepler-142,41.809118,0.242,0.0,582.0,22.072,2.9,2.16,5.31,5790.0,0.05,0.10706,0.978,1.269
OGLE-2019-BLG-0304L b,OGLE-2019-BLG-0304L,,1.23,,,,0.311,14.2,162.09248757,,,,0.27,
MOA-2022-BLG-563L b,MOA-2022-BLG-563L,,2.15,,,,0.255,14.0,127.1313628,,,,0.48,
KMT-2021-BLG-2010L b,KMT-2021-BLG-2010L,,1.79,,,,0.711,13.8,340.07639549,,,,0.37,
KMT-2024-BLG-1005L b,KMT-2024-BLG-1005L,,0.78,,,,20.7,12.1,6674.396547,,,,0.055,
KMT-2021-BLG-1077L c,KMT-2021-BLG-1077L,,0.93,,,,0.367,10.6,79.45710175,,,,0.14,
Kepler-1676 b,Kepler-1676,29.9221,0.1954,0.0,782.0,33.45,1.61,3.3769596,11.3,5878.3,0.135,0.0835,1.07,1.06066
K2-65 b,K2-65,12.6475,0.1014,,723.51,45.0,4.35,1.58,3.12,5213.0,-0.34,-0.328,0.87,0.84
OGLE-2018-BLG-0799L b,OGLE-2018-BLG-0799L,,1.28,,,,0.351,10.9,82.63538582,,,,0.093,
KMT-2023-BLG-0466L b,KMT-2023-BLG-0466L,,2.68,,,,2.52,13.1,1032.94232275,,,,0.44,
BD+63 1405 b,BD+63 1405,1198.48,2.06,0.88,150.69,0.0911,9.53,12.4,3305.4154328,5000.0,-0.09,-0.41295,0.816,0.804724
WASP-73 b,WASP-73,4.08722,0.05512,0.0,1790.0,2242.3605,1.596,15.91678,908.9938,6030.0,0.14,0.79502,2.52,2.55
Kepler-733 b,Kepler-733,20.83424726,0.1483,0.0,595.0,24.507,2.05,2.82,8.35,5418.0,0.01,-0.29785,0.9,0.86
Kepler-124 d,Kepler-124,30.950851,0.17,0.0,428.0,10.499,5.67,1.11,1.41,4984.0,-0.46,-0.46737,0.706,0.636
Kepler-244 c,Kepler-244,9.767292,0.087,0.0,791.0,81.574,3.1,2.05,4.86,5554.0,0.07,-0.25619,0.933,0.803
Kepler-2001 c,Kepler-2001,14.092583189,0.1084,0.0,597.0,30.1,3.62,1.82,3.97,5081.0,0.12,-0.54627,0.864,0.77
KMT-2021-BLG-0852L b,KMT-2021-BLG-0852L,,7.78,,,,0.299,14.2,155.73591943,,,,0.75,
Kepler-32 b,Kepler-32,5.90124,0.05,0.0,514.0,22.025,0.46,2.2,1303.0,3900.0,0.0,-1.29243,0.58,0.53
TOI-5108 b,TOI-5108,6.753581,0.073,,1180.0,122.785,0.6,6.6,32.0,5808.0,0.2,0.27505,1.1,1.29
KMT-2016-BLG-2605L b,KMT-2016-BLG-2605L,,0.681,,,,0.491,14.0,245.0457018,,,,0.064,
OGLE-2018-BLG-0977L b,OGLE-2018-BLG-0977L,,2.0,,,,2.51,2.41,6.4,,,,0.47,
OGLE-2007-BLG-368L b,OGLE-2007-BLG-368L,,2.8,,,,1.05,4.72,20.0,,,,0.64,
MOA-2011-BLG-262L b,MOA-2011-BLG-262L,,0.95,,,,1.18,4.29,17.0,,,,0.11,
Kepler-132 c,Kepler-132,6.414914,0.068,0.0,1069.0,271.0,5.71,1.28,2.18,6003.0,-0.2159,0.211,0.929,1.178
KMT-2025-BLG-0481L b,KMT-2025-BLG-0481L,,2.18,,,,0.368,14.1,187.51876013,,,,0.22,
KMT-2019-BLG-1339L b,KMT-2019-BLG-1339L,,2.15,,,,0.848,13.7,397.0,,,,0.48,
OGLE-2017-BLG-1140L b,OGLE-2017-BLG-1140L,,1.02,,,,1.13,13.5,505.0,,,,0.211,
KMT-2022-BLG-1790L b,KMT-2022-BLG-1790L,,5.25,,,,1.23,13.5,549.84314411,,,,0.58,
KMT-2018-BLG-1996L b,KMT-2018-BLG-1996L,,4.27,,,,0.74,13.7,346.43296363,,,,0.69,
Kepler-47 b,Kepler-47,49.4643,0.2877,0.021,490.2,10.1419,0.4,3.05,2.07,5636.0,-0.25,-0.076,0.957,0.936
HD 190007 b,HD 190007,11.724128,0.092,0.136,651.41,24.6845,1.27,4.06,15.5,4610.0,0.16,-0.68,0.77,0.79
Kepler-1219 b,Kepler-1219,16.10467749,0.14146,0.0,1159.0,430.691,2.96,2.12,5.14,5944.0,0.05,0.92552,1.25,1.94
Kepler-1808 b,Kepler-1808,23.3404007,0.1467,0.0,601.0,30.94,1.87,3.02511302,9.4,5530.0,-0.34,-0.06242,0.773,0.892
Kepler-824 b,Kepler-824,4.51436633,0.055,0.0,1231.0,454.604,3.5,1.87,4.16,6035.0,0.14,0.12216,1.15,1.22
HD 95089 b,HD 95089,464.4,1.36,0.119,458.34,7.2989,0.856,13.7,400.4658,4918.0,0.05,1.13033,1.54,5.08
Kepler-610 c,Kepler-610,151.86392,0.5594,0.0,318.0,2.297,1.67,3.3,10.9,5943.0,0.12,-0.11034,1.1,1.13
Kepler-410 A b,Kepler-410 A,17.833648,0.1226,0.17,866.0,159.5,2.03,2.838,8.44,6273.0,0.01,0.435,1.214,1.352
DMPP-6 b,DMPP-6,7.6027,0.0779,0.34,1203.65,340.697,2.69,2.28,5.8,6182.09,0.32,0.31544,1.079,1.27
Gaia22dkvL b,Gaia22dkvL,,1.4,,,,0.368,14.1,187.83658854,,,,1.145,
MOA-2022-BLG-249L b,MOA-2022-BLG-249L,,1.63,,,,3.13,2.04,4.83,,,,0.18,
Kepler-1063 b,Kepler-1063,14.07971466,0.1176,0.0,931.0,54.93,4.7,1.49,2.83,5945.0,0.09,0.166,1.09,1.14
KMT-2021-BLG-1303L b,KMT-2021-BLG-1303L,,2.89,,,,0.264,13.6,120.77479466,,,,0.57,
OGLE-2018-BLG-0596L b,OGLE-2018-BLG-0596L,,0.97,,,,1.38,3.81,13.93,,,,0.231,
KMT-2023-BLG-0830L b,KMT-2023-BLG-0830L,,1.7,,,,1.14,4.41,17.79839079,,,,0.22,
KMT-2023-BLG-0735L b,KMT-2023-BLG-0735L,,2.96,,,,0.629,6.97,38.77506565,,,,0.61,
KMT-2021-BLG-0320L b,KMT-2021-BLG-0320L,,1.54,,,,0.733,6.2,31.7828407,,,,0.32,
OGLE-2023-BLG-0766L b,OGLE-2023-BLG-0766L,,2.5,,,,0.747,13.7,349.6112477,,,,0.39,
Kepler-1628 b,Kepler-1628,76.378033,0.2952,0.0,240.0,0.79,0.699,6.43,33.8,3724.0,0.17,-1.33,0.55,0.52
OGLE2-TR-L9 b,OGLE2-TR-L9,2.4855335,0.0308,,2034.0,4135.4482,1.25,18.046,1430.175,6933.0,-0.05,0.51197,1.52,1.53
TOI-5736 b,TOI-5736,0.64899,,,1311.0,493.4827,4.41,1.56,3.05,3949.0,,-1.1332,0.57,0.58
Kepler-1577 b,Kepler-1577,6.30560247,0.0657,0.0,1125.0,57.751,5.75,1.13,1.51,4862.0,0.0,-0.60727,0.78,0.74
K2-13 b,K2-13,39.91488,0.2114,,511.0,22.8,3.44,1.89,4.23,5698.0,-0.54,-0.13534,0.8,0.78
Kepler-122 f,Kepler-122,56.268,0.28575,0.0,543.0,21.524,36.9,1.75,36.0,5917.0,-0.08,0.26993,1.03,0.949
Kepler-414 c,Kepler-414,7.171,0.07195,0.0,890.0,137.086,6.02,3.01,29.9,5536.0,0.18,-0.16917,0.89,0.946
TOI-1533 b,TOI-1533,3.6457974,0.0445,0.0,1011.0,173.908,6.5,2.89,28.1,5146.0,0.24,-0.34679,0.88,0.849
Kepler-675 b,Kepler-675,2.33743801,0.0325,0.0,1070.0,308.547,2.47,2.44,6.53,4945.0,-0.05,-0.50669,0.79,0.75
Kepler-1489 c,Kepler-1489,0.680741,,,,,3.6,0.51,0.087,5565.53,0.14,0.19764,0.977,0.957
K2-190 c,K2-190,21.574023,,,,,5.64,1.09308317,1.34,5631.0,-0.19,-0.06781,0.904597,0.912206
Kepler-276 c,Kepler-276,31.884,0.18619,0.0,563.0,19.793,0.89,2.9,16.6,5693.0,-0.29,-0.08948,1.1,1.03
HD 148164 b,HD 148164,328.55,0.993,0.587,337.89,2.1682,0.835,13.7,390.9309,6032.0,0.24,0.33,1.21,1.34
Kepler-1996 b,Kepler-1996,32.376183,0.1789,0.0,392.0,5.61,2.73,2.26,5.73,4580.0,0.08,-0.65721,0.748,0.675
HIP 107772 b,HIP 107772,55.199,0.243,0.18,280.92,1.163,1.47,3.64,12.9,4006.0,,-1.16322,0.63,0.513922
Kepler-446 c,Kepler-446,3.036179,0.0283,0.0,520.0,6.705,5.67,1.11,1.41,3359.0,-0.3,-2.24766,0.22,0.24
KIC 3526061 b,KIC 3526061,3552.0,5.14,0.85,248.63,0.6208,17.9,12.1,5768.58558705,4829.0,0.12,1.21484,1.42,5.86
HD 11964 c,HD 11964,37.91,0.229,0.3,757.54,54.875,0.882,5.38,25.0,5303.0,0.1,0.45905,0.91,2.00971
Kepler-1482 b,Kepler-1482,12.25383217,0.09968,0.0,678.0,86.499,5.39,1.01,1.01,5381.0,-0.04,-0.08288,0.88,0.84
TOI-5515 b,TOI-5515,8.59225810839,,,778.1,86.6267,2.21,2.65362762,7.53,5483.65,,-0.24167,0.963,0.835682
TOI-2184 b,TOI-2184,6.90683,,0.08,1676.05,1429.0,0.76,11.39953337,206.58846455,5966.0,0.14,0.98154,1.53,2.9
HD 102329 c,HD 102329,1123.0,,0.209,,,1.08,13.5,483.1016,4830.0,0.3,1.29226,1.3,6.3
HD 39194 b,HD 39194,5.63692,0.05895,0.101,915.16,112.2269,3.22,1.99,4.62,5205.0,-0.61,-0.40894,0.86,0.783742
HD 199509 b,HD 199509,99.62167,0.426,0.373,410.73,4.5393,0.579,7.43,43.22466335,5796.02,-0.3075,-0.08419,1.04,0.92
Kepler-325 d,Kepler-325,38.715185,0.22,0.0,498.0,12.083,2.07,2.79,8.2,5752.0,0.02,-0.25468,0.914,1.003
Kepler-1940 b,Kepler-1940,4.950610161,0.0525,0.0,885.0,145.23,4.46,1.54732469,3.01,5431.0,-0.44,-0.37735,0.802,0.717
TOI-2545 b,TOI-2545,7.994037,,,1022.99,258.8217,2.11,2.75,8.0,5846.29,-0.2729,0.21828,1.055,1.25324
Kepler-1612 b,Kepler-1612,3.91795101,0.0482,0.0,1030.0,269.248,5.43,1.03,1.08,5643.0,0.03,-0.18821,0.96,0.94
HD 136352 c,HD 136352,27.59221,0.1721,0.0,677.0,35.1,2.497668,2.916,11.24,5664.0,-0.24,0.0162,0.87,1.058
EPIC 201615463 c,K2-166,3.80464,,,,,5.99,1.22,1.98,5960.0,0.09,0.45848,1.073,1.61
Kepler-225 b,Kepler-225,6.738975,0.056,0.0,579.0,38.883,5.95,1.2,1.87,3682.0,-0.04,-0.99568,0.593,0.48
HD 20868 b,HD 20868,380.85001,0.95,0.75,207.11,0.3278,0.849,13.7,397.2875,4802.0,0.05,-0.529,0.39,0.76
Kepler-1930 b,Kepler-1930,13.02680016,0.10233,0.0,643.0,31.6,4.53,1.52955541,2.95,5083.0,0.22,-0.50545,0.844,0.844
Kepler-1439 b,Kepler-1439,8.07392849,0.0594,0.0,420.0,9.081,4.82,1.46,2.73,3578.0,-0.03,-1.54394,0.46,0.43
HD 155193 b,HD 155193,352.65,1.04,0.21,391.86,4.0461,0.477,14.0,238.37130525,6239.0,0.05,0.6411,1.221,1.76439
TOI-1266 c,TOI-1266,18.8027,0.105,0.071,346.0,2.42,2.25,1.98,3.17,3563.0,-0.109,-1.58021,0.437,0.4232
Kepler-1536 b,Kepler-1536,364.758031,0.8507,0.0,166.0,0.193,1.77,3.14,10.0,4434.0,0.05,-0.8224,0.71,0.67
HD 134987 b,HD 134987,258.17999,0.81,0.23,339.45,2.7435,1.14,13.5,511.7063,5736.0,0.28,0.25527,1.1,1.22
Kepler-961 b,Kepler-961,16.87727414,0.12585,0.0,642.0,40.4,2.33,2.55,7.04,5582.0,0.05,-0.19378,0.96,0.9
Kepler-539 b,Kepler-539,125.63243,0.4988,0.39,387.6,3.681,2.9,8.373123,308.2951,5820.0,-0.01,-0.06048,1.048,0.952
HD 5278 c,HD 5278,40.87,0.2416,0.07,664.95,32.6706,1.12,4.49,18.4,6203.0,-0.12,0.28035,1.126,1.194
Kepler-319 c,Kepler-319,6.941357,0.069,0.0,876.0,136.343,2.24,2.63,7.41,5526.0,0.06,-0.18116,0.933,0.903
Kepler-1099 b,Kepler-1099,2.168452593,0.0337,0.0,1558.0,766.344,2.04,2.83,8.4,5837.0,-0.02,-0.11906,1.01,1.0
Kepler-244 d,Kepler-244,20.050401,0.14,0.0,622.0,31.267,6.78,2.31,15.2,5554.0,0.07,-0.25619,0.933,0.803
NY Vir c,NY Vir,8799.0,,0.15,,,4.61,12.8,1760.7782,32780.0,,1.37508,0.459,0.151
Kepler-377 b,Kepler-377,12.509529,0.109,0.0,875.0,139.112,5.14,1.39,2.51,5949.0,0.05,0.21756,1.043,1.224
Kepler-879 b,Kepler-879,33.3855938,0.2012,0.0,580.0,29.128,2.31,2.57,7.13,5792.0,0.05,0.0334,1.02,1.02
Kepler-705 b,Kepler-705,56.0560538,0.232,0.0,265.0,0.729,2.98,2.11,5.1,3722.0,0.07,-1.385,0.53,0.51
Kepler-163 c,Kepler-163,21.347262,0.152,0.0,648.0,30.238,2.73,2.26,5.73,5776.0,0.1412,-0.13799,0.882,0.917
TOI-778 b,TOI-778,4.633611,0.06,0.21,1561.0,734.672,1.3,15.4,878.0,6643.0,0.0,0.76042,1.4,1.71
Kepler-1355 b,Kepler-1355,1.289588112,0.0224,0.0,1448.0,944.873,4.82,1.46,2.73,5352.0,-0.04,-0.32922,0.88,0.83
KOI-134 b,KOI-134,67.1277,0.363,0.16,659.0,45.0,1.09,12.03844527,346.43296363,6160.0,0.427,0.62325,1.407,1.667
Kepler-138 b,Kepler-138,10.3134,0.0753,0.02,452.0,9.9,1.7,0.64,0.07,3841.0,-0.18,-1.25181,0.535,0.535
Kepler-1542 e,Kepler-1542,5.10115756,0.05649,0.0,1065.0,369.999,4.54,0.76,0.363,5564.0,0.06,0.07026,0.94,0.99
Kepler-1579 b,Kepler-1579,0.849907889,0.014,0.0,1139.0,396.64,4.82,0.84,0.52,4584.0,0.11,-0.94024,0.75,0.7
K2-264 c,K2-264,19.660302,0.11283,0.45,331.0,2.5922,2.2,2.668,7.6,3660.0,-0.013,-1.48149,0.496,0.473
Kepler-1073 d,Kepler-1073,2.504760027,0.0352,0.0,1369.0,828.59,4.71,1.48770949,2.82,5509.0,0.16,-0.01023,0.924,1.116
Kepler-510 b,Kepler-510,19.55659418,0.1352,0.0,797.0,114.389,2.43,2.47,6.66,5746.0,-0.35,0.33243,0.91,1.41
HD 164509 b,HD 164509,280.17,0.87,0.238,319.12,1.7417,0.265,14.3,140.79869,5859.0,0.2,0.12,1.12,1.11
TIC 34085383 b,TIC 34085383,3.47793368523,,,,,1.33,3.91982296,14.6,4694.84,,-0.56869,0.733,0.809951
TYC 3667-1280-1 b,TYC 3667-1280-1,26.468,0.21,0.036,1350.0,543.953,4.5,12.8,1716.282,5130.0,-0.08,1.38,1.87,6.26
HATS-59 c,HATS-59,1422.0,2.504,0.083,175.9,0.159,11.9,12.3,4036.441,5670.0,0.18,-0.00436,1.038,1.036
Kepler-1605 b,Kepler-1605,85.7565495,0.36567,0.0,528.0,16.734,5.58,1.08,1.28,5280.0,-0.01,0.42869,0.86,0.82
Ross 458 c,Ross 458,,1100.0,,4.32,0.0,3.81,14.01125,1906.98,3965.42,,-1.29769,0.556419,0.562566
SR 12 AB c,SR 12 AB,,,,,,12.2,12.3,4131.62,3828.93,,-0.62778,,1.103075
HD 187123 b,HD 187123,3.0965828,0.0426,0.0103,1450.9,738.4255,0.319,14.2,166.218,5790.0,0.09,0.12713,1.04,1.15043
OGLE-TR-132 b,OGLE-TR-132,1.689868,0.03035,0.6,2013.0,2550.8364,0.85,13.45,375.02,6210.0,0.37,0.371,1.305,1.32
OGLE-TR-56 b,OGLE-TR-56,1.2119189,0.02383,0.0,2212.0,3942.3204,0.68,15.278,441.77,6050.0,0.25,0.35,1.228,1.363
WASP-156 b,WASP-156,3.8361629,0.046,0.16,934.5,150.0,0.99,6.15,42.0,5036.0,0.32,-0.41794,0.8712,0.8268
HD 22781 b,HD 22781,528.07,1.167,0.8191,193.48,0.2456,12.8,12.3,4338.2,5027.0,-0.37,-0.47556,0.75,0.743475
Kepler-16 b,Kepler-16,228.776,0.7048,0.0069,205.9,0.2517,0.964,8.4493,105.833,4450.0,-0.3,-0.90301,0.6897,0.6489
Kepler-27 c,Kepler-27,31.3309,0.191,0.0,481.0,11.067,,4.9,4385.87,5400.0,0.41,-0.32941,0.65,0.59
WASP-23 b,WASP-23,2.9444256,0.0376,0.062,1076.55,317.4314,1.17,10.783,280.95,5150.0,-0.05,-0.37679,0.78,0.765
Kepler-27 b,Kepler-27,15.3348,0.118,0.0,610.0,28.681,,4.0,2895.31,5400.0,0.41,-0.32941,0.65,0.59
HD 114783 b,HD 114783,493.7,1.16,0.144,210.79,0.3152,0.747,13.7,349.6,5135.0,0.21,-0.3725,0.853,0.840622
HD 19994 b,HD 19994,466.2,1.305,0.063,350.1,2.2324,0.951,13.6,435.41,6188.0,0.27,0.58,1.365,1.79647
47 UMa b,47 UMa,1078.0,2.1,0.032,215.23,0.3576,1.92,13.2,804.08,5872.0,0.04,0.1978,1.06,1.21334
Kepler-18 c,Kepler-18,7.64159,0.0752,0.0,899.0,126.081,0.59,5.49,17.3,5345.0,0.19,-0.031,0.972,1.108
Kepler-18 b,Kepler-18,3.504725,0.0447,0.0,1165.0,355.735,4.9,2.0,6.9,5345.0,0.19,-0.031,0.972,1.108
Kepler-31 c,Kepler-31,42.6318,0.26,0.0,615.0,35.254,0.73,5.3,1493.7,6340.0,-0.076,0.30134,1.21,1.22
Kepler-32 e,Kepler-32,2.896,0.033,0.0,652.0,56.649,0.091,1.5,4.08181,3900.0,0.0,-1.29243,0.58,0.53
61 Vir b,61 Vir,4.215,0.050201,0.12,1177.85,318.8418,2.98,2.11,5.1,5577.0,-0.01,-0.095,0.942,0.963
61 Vir c,61 Vir,38.021,0.2175,0.14,565.87,16.9856,1.13,4.46,18.2,5577.0,-0.01,-0.095,0.942,0.963
47 UMa d,47 UMa,14002.0,11.6,0.16,91.58,0.0117,1.16,13.5,521.22,5872.0,0.04,0.1978,1.06,1.21334
47 UMa c,47 UMa,2391.0,3.6,0.098,164.38,0.1217,0.329,14.2,171.621,5872.0,0.04,0.1978,1.06,1.21334
BD-08 2823 c,BD-08 2823,237.6,0.68,0.19,233.85,0.5117,0.293,12.5,104.0,4746.0,-0.07,-0.62597,0.74,0.71
CoRoT-23 b,CoRoT-23,3.6313,0.048,0.16,1660.0,530.0221,3.0,11.77,889.9,5900.0,0.05,0.08678,1.14,1.61
Kepler-18 d,Kepler-18,14.85888,0.1172,0.0,720.0,51.922,0.27,6.98,16.4,5345.0,0.19,-0.031,0.972,1.108
HATS-1 b,HATS-1,3.446459,0.0444,0.12,1359.0,489.9461,1.03,14.594,589.55,5870.0,-0.06,0.04139,0.986,1.038
HD 47186 c,HD 47186,1353.6,2.395,0.249,183.18,0.1925,0.279,13.0,111.42,5657.0,0.24,0.04298,0.96,1.08
HD 196885 A b,HD 196885 A,1333.0,2.37,0.48,224.21,0.4271,1.96,13.2,819.97,6254.0,0.22,0.38,1.28,1.31
CoRoT-6 b,CoRoT-6,8.886593,0.0855,0.1,1017.0,145.1436,2.32,13.068,940.74,6090.0,-0.2,0.02573,1.05,1.025
HR 8799 b,HR 8799,170000.0,68.0,,1200.0,0.0011,5.0,13.0,2000.0,7204.58,-0.47,0.69197,1.5,1.49338
HAT-P-37 b,HAT-P-37,2.797436,0.0379,0.058,1271.0,412.3914,0.89,13.204,371.528,5500.0,0.03,-0.208,0.929,0.877
Kepler-42 b,Kepler-42,1.2137672,0.0116,0.04,519.0,22.388,0.15,0.78,0.705944,3068.0,-0.33,-2.62,0.13,0.17
Kepler-32 d,Kepler-32,22.7802,0.13,0.0,328.0,3.631,0.52,2.7,39.9089,3900.0,0.0,-1.29243,0.58,0.53
Kepler-32 f,Kepler-32,0.74296,0.013,0.0,1026.0,349.645,1.5,0.82,1862.11,3900.0,0.0,-1.29243,0.58,0.53
BD+20 2457 b,BD+20 2457,379.63,1.45,0.15,1159.67,703.4998,21.1,12.1,6807.63,4137.0,-1.0,3.17,2.8,49.0
HR 8799 d,HR 8799,37000.0,24.0,0.6,1300.0,0.0085,7.5,13.0,3000.0,7204.58,-0.47,0.69197,1.5,1.49338
GJ 179 b,GJ 179,2288.0,2.41,0.21,64.53,0.0028,0.631,13.8,301.93698665,3370.0,0.3,-1.796,0.357,0.38
SWEEPS-4 b,SWEEPS-4,4.2,0.055,,,,8.87,9.079,1207.7,,,,1.24,1.18
Kepler-42 c,Kepler-42,0.45328509,0.006,0.0,720.0,82.125,98.0,0.73,60.337,3068.0,-0.33,-2.62,0.13,0.17
Kepler-33 c,Kepler-33,13.17562,0.1189,0.0,1009.0,241.759,0.13,3.2,0.39,5904.0,0.025,0.556,1.291,1.82
Kepler-35 b,Kepler-35,131.458,0.60347,0.042,352.89,2.5804,0.41,8.16,40.363,5606.0,-0.34,-0.027,0.8877,1.0284
CoRoT-16 b,CoRoT-16,5.35227,0.0618,0.33,1195.53,96.1756,0.44,13.11,170.032,5650.0,0.19,-0.43496,1.098,1.19
HD 240210 b,HD 240210,501.75,1.16,0.15,970.67,26.3684,4.34,12.8,1655.82,4297.0,-0.18,1.55,0.82,25.456816
BD+20 2457 c,BD+20 2457,621.99,2.01,0.18,984.96,366.1069,11.4,12.4,3963.17,4137.0,-1.0,3.17,2.8,49.0
HD 110014 b,HD 110014,835.477,2.14,0.462,669.84,43.9799,10.2,12.4,3524.59,4445.0,0.19,2.30408,2.17,20.9
HIP 5158 b,HIP 5158,345.72,0.89,0.52,219.65,0.1389,0.985,13.6,451.0,4962.0,0.1,-0.95861,0.78,0.75
Kepler-33 e,Kepler-33,31.7844,0.2138,0.0,752.0,74.72,0.8,4.02,5.57,5904.0,0.025,0.556,1.291,1.82
Kepler-33 d,Kepler-33,21.77596,0.1662,0.0,853.0,123.691,0.25,5.35,3.91,5904.0,0.025,0.556,1.291,1.82
BD+20 274 b,BD+20 274,578.2,1.3,0.21,755.7,53.9651,3.34,13.0,1334.886,4296.0,-0.46,1.96,0.8,17.3
KELT-1 b,KELT-1,1.217514,0.02466,0.0099,2361.0,5165.92,24.7,12.442,8654.15,6516.0,0.052,0.545,1.335,1.471
CoRoT-5 b,CoRoT-5,4.0378962,0.04947,0.09,1438.0,786.2949,0.217,15.558,148.42,6100.0,-0.25,0.18,1.0,1.186
HD 134987 c,HD 134987,5000.0,5.8,0.12,125.03,0.0535,0.532,13.9,260.0,5585.0,0.28,0.25527,1.1,1.25
HD 147018 b,HD 147018,44.236,0.2388,0.4686,519.98,12.4842,1.54,13.4,674.0,5441.0,0.1,-0.14757,0.927,0.937948
Kepler-33 f,Kepler-33,41.02902,0.2535,0.0,691.0,53.183,0.9,4.46,9.6,5904.0,0.025,0.556,1.291,1.82
Kepler-31 b,Kepler-31,20.8613,0.16,0.0,781.0,91.474,0.78,5.5,36.7418,6340.0,-0.076,0.30134,1.21,1.22
Kepler-34 b,Kepler-34,288.822,1.0896,0.182,294.42,1.2545,0.613,8.564,69.92,5913.0,-0.07,0.173,1.0479,1.1618
HD 45350 b,HD 45350,963.6,1.92,0.778,217.81,0.375,1.27,13.5,568.89,5566.0,0.23,0.14065,0.98,1.26442
HD 147018 c,HD 147018,1008.0,1.922,0.133,183.28,0.1927,5.58,12.7,2080.0,5441.0,0.1,-0.14757,0.927,0.937948
CFBDSIR J145829+101343 b,CFBDSIR J145829+101343,10037.5,2.6,,370.0,,9.62,12.4,3337.1,580.5,,,0.021,
HD 220773 b,HD 220773,3724.7,4.94,0.51,167.02,0.129,1.01,13.6,460.8,5940.0,0.09,0.49796,1.16,1.679696
HD 147513 b,HD 147513,528.4,1.32,0.26,244.43,0.5609,0.823,13.7,385.0,5883.0,0.06,-0.01,1.11,0.98
HD 129445 b,HD 129445,1840.0,2.9,0.7,173.36,0.1462,1.86,13.3,797.74930157,5646.0,0.25,0.08968,0.99,1.175816
WASP-5 b,WASP-5,1.6284279,0.0267,0.038,1706.0,1559.4762,1.64,12.184,502.15,5700.0,0.09,0.06717,0.96,1.029
OGLE-TR-111 b,OGLE-TR-111,4.0144463,0.0473,0.0,1019.0,204.9529,0.65,11.421971,174.799,5040.0,0.19,-0.33862,0.82,0.83
HD 8535 b,HD 8535,1313.0,2.45,0.15,206.21,0.3584,0.433,14.0,216.1244,6136.0,0.06,0.33266,1.13,1.19
MOA-2009-BLG-266L b,MOA-2009-BLG-266L,2800.0,3.2,,,,1.73,3.21,10.4,,,,0.56,
GJ 667 C b,GJ 667 C,7.203,0.050431,0.2,,5.3902,2.74,2.25,5.68,3350.0,-0.55,-1.863,0.33,
HIP 5158 c,HIP 5158,9017.76,7.7,0.14,72.63,0.0046,14.5,12.2,4780.1632,4813.0,0.17,-0.5608,0.78,0.754089
HAT-P-23 b,HAT-P-23,1.212884,0.0232,0.106,2056.0,2796.2342,1.01,15.334,664.237,5905.0,0.15,0.199,1.13,1.203
HAT-P-20 b,HAT-P-20,2.875317,0.0361,0.015,970.0,85.1168,13.78,9.718,2302.899,4595.0,0.35,-0.721,0.756,0.694
CoRoT-17 b,CoRoT-17,3.7681,0.0461,0.0,1626.0,640.9232,2.82,11.43,772.29,5740.0,0.0,0.13421,1.04,1.59
HD 132563 b,HD 132563,1544.0,2.62,0.22,213.27,0.3447,1.03,13.6,473.547,6289.0,-0.06,0.37408,1.231,1.29577
Kepler-45 b,Kepler-45,2.455239,0.03,0.11,1000.0,68.37,0.8,10.76,160.497,3820.0,0.28,-1.27572,0.59,0.55
HU Aqr AB b,HU Aqr,2390.0,3.6,0.0,,,4.91,12.8,1875.197,5952.0,,,0.88,
Kepler-417 b,Kepler-417,12.331,0.1006,0.0,671.0,43.624,4.9,2.31,11.0,5177.0,-0.204,-0.41061,0.9,0.806
Kepler-37 d,Kepler-37,39.7922622,0.2109,0.1,499.0,10.39,1.3,2.03,2.0,5357.0,-0.36,-0.32187,0.79,0.789
GJ 3634 b,GJ 3634,2.64561,0.0287,0.08,656.45,24.2793,2.04,2.83,8.4,3517.0,,-1.699,0.45,0.43
Kepler-14 b,Kepler-14,6.790123,0.0771,0.035,1605.0,1029.51,7.1,12.733,2669.66,6395.0,0.12,0.799,1.512,2.048
CoRoT-18 b,CoRoT-18,1.9000693,0.0295,0.08,1550.0,823.7009,2.2,14.68,1102.82,5440.0,-0.1,-0.17,0.95,1.0
Kepler-15 b,Kepler-15,4.942782,0.05714,0.06,1251.0,430.677,0.93,10.76,209.76,5515.0,0.36,-0.087,1.018,0.992
KOI-55 b,KOI-55,0.240104,0.006,,7777.78,636352.1258,5.53,0.759,0.44,27730.0,-0.106,1.36,0.496,0.203
CoRoT-14 b,CoRoT-14,1.51214,0.027,0.0,1952.0,1803.4781,7.3,12.22,2415.4,6035.0,0.05,0.11884,1.13,1.21
HD 11964 b,HD 11964,1945.0,3.16,0.041,203.93,0.2882,0.388,14.1,198.0,5303.0,0.1,0.45905,0.91,2.00971
HAT-P-4 b,HAT-P-4,3.056536,0.04438,0.0,1686.0,1438.0,0.403,14.28,213.255,5860.0,0.24,0.431,1.248,1.596
OGLE-TR-10 b,OGLE-TR-10,3.101278,0.0434,0.0,1702.0,818.5035,0.4,14.011,197.046,5950.0,0.28,0.188,1.14,1.17
OGLE-TR-113 b,OGLE-TR-113,1.4324752,0.02289,0.0,1342.0,528.4147,1.2,12.251,400.449,4790.0,0.09,-0.529,0.779,0.774
HD 192310 b,HD 192310,74.72,0.32,0.13,355.0,3.7598,1.19,4.27,16.9,5166.0,-0.04,-0.41454,0.8,0.857922
OGLE-2014-BLG-1760L b,OGLE-2014-BLG-1760L,,1.887,,,,0.619,13.8,295.89824692,,,,0.803,
OGLE-2013-BLG-0132L b,OGLE-2013-BLG-0132L,,3.6,,,,0.324,11.6,92.0,,,,0.54,
Kepler-277 b,Kepler-277,17.324,0.14168,0.0,964.0,198.245,9.2,2.92,87.3,5946.0,0.09,0.56791,1.12,1.69
KMT-2017-BLG-1194L b,KMT-2017-BLG-1194L,,1.78,,,,3.96,1.7,3.54,,,,0.41,
KMT-2017-BLG-2331L b,KMT-2017-BLG-2331L,,2.14,,,,0.328,14.2,171.0,,,,0.4,
HD 41004 A b,HD 41004 A,963.0,,0.74,,,1.93,13.2,807.25,5310.0,0.23,-0.293,0.95,0.85
OGLE-2019-BLG-0299L b,OGLE-2019-BLG-0299L,,2.8,,,,5.3,12.7,1976.89269154,,,,0.59,
Kepler-476 b,Kepler-476,14.00640607,0.1126,0.0,807.0,100.09,1.82,3.08,9.69,5837.0,0.04,0.0949,1.03,1.09
KMT-2021-BLG-2294L b,KMT-2021-BLG-2294L,,1.15,,,,0.966,5.02,22.24798849,,,,0.14,
KMT-2022-BLG-1013L b,KMT-2022-BLG-1013L,,1.38,,,,0.306,12.1,98.52680617,,,,0.18,
Kepler-247 d,Kepler-247,20.4737,0.14081,0.102,530.0,15.9,3.1,4.5,50.0,5094.0,0.21,-0.42165,0.884,0.791
WASP-155 b,WASP-155,3.110413,0.043,0.0,1468.0,771.0,0.62,13.45077684,276.8285425,5660.0,0.0,0.14142,1.09,1.24
KMT-2019-BLG-0414L b,KMT-2019-BLG-0414L,,1.16,,,,3.72,12.9,1452.47581999,,,,0.74,
HD 62509 b,HD 62509,589.64,1.64,0.02,549.6,15.2164,1.71,13.3,731.0,4892.63,0.1027,1.612,2.0,8.9
Kepler-65 b,Kepler-65,2.15491,0.035,0.028,1740.0,2316.095,4.4,1.42,2.4,6211.0,0.17,0.4674,1.25,1.41
RR Cae b,RR Cae,4343.5,5.3,0.0,35.94,0.0003,3.34,13.0,1334.886,3904.0,,-2.10762,0.44,0.193119
WASP-65 b,WASP-65,2.3114243,0.0334,0.0,1480.0,957.0053,1.5,12.464,492.62,5600.0,-0.07,0.05497,0.93,1.01
Kepler-30 c,Kepler-30,60.323105,0.3,0.0111,411.0,6.217,1.88,12.3,640.0,5498.0,0.18,-0.23658,0.99,0.95
Kepler-38 b,Kepler-38,105.599,0.4632,0.032,475.0,14.4568,,4.3,122.0,5623.0,-0.11,0.49161,0.941,1.752
WASP-8 c,WASP-8,4323.0,5.28,0.0,116.99,0.0314,8.45,12.5,3003.37,5690.0,0.17,-0.05754,1.04,0.96
ROXs 42 B b,ROXs 42 B,,157.0,0.58,1975.0,0.0,8.05,12.5,2860.0,3433.0,,-0.79156,1.0,1.33658
WASP-1 b,WASP-1,2.5199454,0.03889,0.0,1812.0,2121.5175,0.348,16.623,271.415,6110.0,0.17,0.44091,1.24,1.47
Kepler-50 c,Kepler-50,9.37647,0.087,0.0,1125.0,388.444,9.249213,2.17,8.2,6225.0,0.03,0.53582,1.24,1.58
BD+15 2940 b,BD+15 2940,137.48,0.539,0.26,1207.75,352.2269,0.754,13.7,352.78,4796.0,0.28,2.01,1.1,14.7
Kepler-87 b,Kepler-87,114.73635,0.481,0.036,478.0,9.203,0.729,13.49,324.2,5600.0,-0.17,0.32604,1.1,1.82
WASP-75 b,WASP-75,2.484193,0.0375,0.0,1710.0,1657.0,0.69,14.235,340.06,6100.0,0.07,0.30426,1.14,1.26
Kepler-87 c,Kepler-87,191.2318,0.676,0.039,403.0,4.656,0.152,6.14,6.4,5600.0,-0.17,0.32604,1.1,1.82
WTS-1 b,WTS-1,3.352057,0.047,0.1,1500.0,554.9183,1.61,16.7,1274.44,6250.0,-0.5,0.08842,1.2,1.15
CoRoT-26 b,CoRoT-26,4.20474,0.0526,0.0,1600.0,1021.0065,0.28,14.12,165.26,5590.0,0.01,0.451,1.09,1.79
91 Aqr b,91 Aqr,181.4,0.7,0.027,891.73,100.506,2.49,13.1,1017.0,4665.0,-0.03,1.69239,1.4,11.0
tau Gem b,tau Gem,305.5,1.17,0.031,1012.69,241.3109,20.3,12.1,6547.0,4388.0,0.14,2.51895,2.3,26.8
HAT-P-42 b,HAT-P-42,4.641878,0.0575,0.0,1428.0,684.0973,0.61,14.348,331.801,5743.0,0.27,0.356,1.178,1.53
Kepler-56 c,Kepler-56,21.40239,0.1652,0.0,1087.0,317.206,1.06,9.8,181.0,4840.0,0.2,0.90455,1.32,4.23
HD 40307 f,HD 40307,51.76,0.247,0.02,398.0,3.7636,2.96,2.13,5.2,4956.0,-0.31,-0.639,0.77,0.716684
Kepler-186 e,Kepler-186,22.407704,0.11,0.0,319.0,3.608,5.77,1.27,2.15,3788.0,-0.28,-1.385,0.478,0.472
Kepler-186 c,Kepler-186,7.267302,0.0451,0.0,464.0,13.98,5.91,1.25,2.1,3788.0,-0.28,-1.385,0.478,0.472
GJ 163 c,GJ 163,25.63058,0.1254,0.099,305.07,1.2457,2.39,2.5,6.8,3500.0,0.1,-1.708,0.4,0.409738
GJ 163 d,GJ 163,603.95116,1.0304,0.373,106.43,0.0184,0.779,5.92,29.4,3500.0,0.1,-1.708,0.4,0.409738
Kepler-56 b,Kepler-56,10.5016,0.1028,0.04,1378.0,819.245,0.442,6.51,22.1,4840.0,0.2,0.90455,1.32,4.23
HD 208527 b,HD 208527,875.5,2.1,0.08,959.79,165.4934,8.85,12.5,3146.4,4035.0,-0.09,2.86322,1.6,51.1
HD 40307 g,HD 40307,197.8,0.6,0.29,255.0,0.6378,2.33,2.56,7.1,4956.0,-0.31,-0.639,0.77,0.716684
Kepler-186 d,Kepler-186,13.342996,0.0781,0.0,379.0,7.204,5.09,1.4,2.54,3788.0,-0.28,-1.385,0.478,0.472
GU Psc b,GU Psc,,2000.0,,1050.0,0.0,6.92,14.179,3591.3,4031.81,0.1,-1.60189,0.325,0.450458
HIP 63242 b,HIP 63242,124.6,0.565,0.23,993.26,133.6297,8.21,12.5,2917.56,4830.0,-0.31,1.63,1.54,10.275655
Kepler-11 b,Kepler-11,10.3039,0.091,0.045,849.0,146.36,1.72,1.8,1.9,5663.0,0.05,0.1202,0.961,1.065
KOI-351 f,KOI-351,124.9144,0.48,0.0,407.0,6.796,1.99,2.88,8.65,6080.0,-0.12,0.26853,1.2,1.2
CoRoT-1 b,CoRoT-1,1.5089557,0.02752,0.0,1898.0,2852.63,0.38,16.7,327.35,5950.0,-0.3,0.29793,0.95,1.11
HAT-P-45 b,HAT-P-45,3.128992,0.0452,0.049,1652.0,1052.239,0.38,15.984,283.492,6330.0,0.07,0.4,1.259,1.319
HAT-P-44 b,HAT-P-44,4.301219,0.0507,0.044,1108.0,185.119,0.23,13.922,111.871,5295.0,0.33,-0.194,0.942,0.949
Kepler-11 e,Kepler-11,31.9996,0.195,0.012,582.0,32.34,0.58,4.19,8.0,5663.0,0.05,0.1202,0.961,1.065
HD 95086 b,HD 95086,,55.7,,1000.0,0.0021,4.07,12.9,1589.0,7595.0,0.14,0.82124,1.6,1.48667
HD 103774 b,HD 103774,5.8881,0.07,0.09,1487.08,714.1738,0.271,13.3,116.0,6489.0,0.28,0.544,1.335,1.581047
HAT-P-44 c,HAT-P-44,872.2,1.752,0.494,187.92,0.2084,3.18,13.0,1271.3,5295.0,0.33,-0.194,0.942,0.949
HATS-5 b,HATS-5,4.763387,0.0542,0.019,1025.0,183.2395,0.39,10.223,75.323,5304.0,0.19,-0.268,0.936,0.871
Kepler-11 g,Kepler-11,118.3807,0.466,0.15,376.0,5.65,4.0,3.33,25.0,5663.0,0.05,0.1202,0.961,1.065
KOI-351 e,KOI-351,91.93913,0.42,0.0,450.0,10.228,2.21,2.66,7.56,6080.0,-0.12,0.26853,1.2,1.2
KOI-351 c,KOI-351,8.719375,0.089,0.0,987.0,236.315,5.9,1.19,1.81,6080.0,-0.12,0.26853,1.2,1.2
HD 109271 b,HD 109271,7.8543,0.079,0.25,1128.86,320.4393,1.18,4.31,17.162,5783.0,0.1,0.301,1.047,1.294595
HD 109271 c,HD 109271,30.93,0.196,0.15,716.68,52.058,0.907,5.27,24.154,5783.0,0.1,0.301,1.047,1.294595
bet Cnc b,bet Cnc,605.2,1.7,0.08,1039.74,274.8541,6.81,12.6,2479.0,4092.1,-0.29,2.9,1.7,47.2
mu Leo b,mu Leo,357.8,1.1,0.09,704.49,51.7863,1.78,13.3,762.8,4538.2,0.36,1.797,1.5,11.4
Kepler-11 c,Kepler-11,13.0241,0.107,0.026,786.0,107.224,0.66,2.87,2.9,5663.0,0.05,0.1202,0.961,1.065
OGLE-2012-BLG-0358L b,OGLE-2012-BLG-0358L,,0.87,,,,1.34,13.4,588.0,,,,0.022,
HD 166724 b,HD 166724,5144.0,5.42,0.734,94.83,0.0105,3.02,13.0,1207.7479466,5127.0,-0.09,-0.509,0.81,0.797485
WASP-64 b,WASP-64,1.5732918,0.02648,0.0,1689.0,1563.6374,0.823,14.247,403.945,5400.0,-0.08,-0.022,1.004,1.058
Kepler-67 b,Kepler-67,15.7259,0.1171,0.0,602.0,30.6,1.94,2.94,8.96,5331.0,-0.2,-0.37633,0.865,0.778
GJ 667 C c,GJ 667 C,28.14,0.125,0.02,,0.8774,3.77,1.77,3.8,3350.0,-0.55,-1.863,0.33,
HAT-P-38 b,HAT-P-38,4.640382,0.0523,0.067,1082.0,243.0337,0.59,9.247,84.857,5330.0,0.06,-0.208,0.886,0.923
OGLE-2011-BLG-0251L b,OGLE-2011-BLG-0251L,,2.72,,,,0.326,14.2,170.0,,,,0.26,
PH1 b,PH1,138.317,0.652,0.0702,481.0,10.7524,,6.18,169.0,6407.0,0.21,0.66,1.528,1.734
Kepler-415 b,Kepler-415,4.176,0.0426,0.0,694.0,69.834,372.0,1.21,119.9,4362.0,0.01,-0.80504,0.67,0.643
Kepler-338 c,Kepler-338,24.310856,0.172,0.03,831.0,119.648,2.61,2.34,6.08,5923.0,-0.029,0.5857,1.105,1.735
WASP-126 b,WASP-126,3.28883,0.0449,0.18,1480.0,759.3374,0.41,10.51358773,90.3,5800.0,0.2068,0.15879,1.12,1.27
Kepler-1544 b,Kepler-1544,168.811174,0.54465,0.0,269.0,0.833,3.72,1.78,3.82,4886.0,0.02,-0.606,0.81,0.74
GJ 667 C e,GJ 667 C,62.24,0.213,0.02,,0.3022,4.87,1.45,2.7,3350.0,-0.55,-1.863,0.33,
HD 207832 c,HD 207832,1155.7,2.112,0.27,179.84,0.1732,0.465,14.0,232.0159,5710.0,0.06,-0.112,0.94,0.901
HAT-P-39 b,HAT-P-39,3.54387,0.0509,0.0,1752.0,1915.6934,0.19,17.609,190.372,6430.0,0.19,0.607,1.404,1.625
HD 150706 b,HD 150706,5894.0,6.7,0.38,108.81,0.024,1.8,13.3,772.32302901,5961.0,-0.01,0.03175,1.17,0.96
HIP 57274 d,HIP 57274,431.7,1.01,0.27,183.59,1.5183,0.321,14.2,167.4,4640.0,0.09,0.19,0.73,0.68
Kepler-82 e,Kepler-82,5.902206,0.063,0.0,926.0,144.337,0.54,2.47,254.02,5428.0,0.2107,-0.18507,0.946,0.945
Kepler-417 c,Kepler-417,15.943,0.1194,0.0,616.0,30.968,2.17,2.69,7.7,5177.0,-0.204,-0.41061,0.9,0.806
CoRoT-2 b,CoRoT-2,1.7429935,0.02798,0.0143,1521.0,932.9076,1.47,16.432,1102.82,5625.0,0.04,-0.13055,0.96,0.906
TOI-1272 b,TOI-1272,3.3159765,0.041,0.345,1051.0,120.595,1.72,4.26,24.1,4985.0,0.1,-0.46547,0.828,0.8
Kepler-82 f,Kepler-82,75.732,0.3395,0.0014,423.57,5.6657,1.01,4.84,20.9,5401.0,0.2107,-0.18507,0.91,0.898
TOI-1883 b,TOI-1883,4.508,0.0423,0.0,544.0,14.7,0.4,5.65,13.7,3554.0,0.32,-1.43063,0.495,0.506
Oph 11 b,Oph 11,7300000.0,243.0,,2175.0,0.0,13.1,12.3,4449.62,2375.0,,-2.77,0.016,0.232692
Kepler-338 d,Kepler-338,44.431014,0.257,0.03,680.0,53.556,1.89,3.0,9.27,5923.0,-0.029,0.5857,1.105,1.735
Kepler-418 b,Kepler-418,86.67856,0.39249,0.2,434.0,8.877,,13.45,349.6112477,5820.0,-0.05,0.11114,0.98,1.09
DP Leo b,DP Leo,10220.0,8.19,0.39,24.39,0.0001,5.35,12.7,1995.88832,13500.0,,-2.4,0.69,0.0115
Kepler-58 b,Kepler-58,10.2184954,0.09291,0.04,920.0,112.992,10.1,2.78,35.5,5843.0,0.1,-0.00422,0.95,1.03
Kepler-59 c,Kepler-59,17.9801235,0.13114,0.0,752.0,107.741,1.62,1.98,3.81,6074.0,-0.2,0.32374,1.04,0.94
Kepler-130 c,Kepler-130,27.50868,0.178,0.0,683.0,46.011,1.97,2.9,8.75,5879.0,0.02,0.155,1.0,1.17
CoRoT-27 b,CoRoT-27,3.57532,0.0476,0.065,1500.0,300.8697,12.6,11.287,3302.11,5900.0,-0.1,-0.16641,1.05,1.08
HIP 105854 b,HIP 105854,184.2,0.81,0.02,822.14,71.2902,7.16,12.6,2606.1,4780.0,0.31,1.67,2.1,10.305119
Kapteyn c,Kapteyn,121.54,0.311,0.23,165.59,0.1666,2.35,2.54,7.0,3550.0,-0.89,-1.79289,0.281,0.291
2MASS J01225093-2439505 b,2MASS J01225093-2439505,,52.0,,1600.0,0.0,30.4,11.209,7786.5,3530.0,,-1.72,0.4,0.36645
Kepler-63 b,Kepler-63,9.4341505,0.08,0.45,791.0,100.371,3.0,6.11,120.0,5576.0,0.05,-0.157,0.984,0.901
Kepler-53 c,Kepler-53,38.5583038,0.22091,0.0,550.0,23.176,0.92,3.17,36.0,5858.0,0.0,0.03558,0.98,0.89
Kepler-54 c,Kepler-54,12.0717249,0.0809,0.0,395.0,3.07,2.376368,1.23,0.7,3705.0,-0.27,-1.30103,0.51,0.5
Kepler-83 c,Kepler-83,20.09,0.11796,0.0,362.0,5.9,0.38,2.36,2.03,4082.0,-0.2,-1.10237,0.66,0.61
Kepler-81 b,Kepler-81,5.955,0.0522,0.0,635.0,39.95,6.67,2.42,17.2,4385.0,-0.18,-0.88941,0.64,0.59
Kepler-55 c,Kepler-55,42.1516418,0.2095,0.0,349.0,3.84,35.5,2.21,69.8,4362.0,-0.01,-0.76324,0.62,0.58
Kepler-59 b,Kepler-59,11.8681707,0.09943,0.0,864.0,187.51,8.7,1.1,4.1,6074.0,-0.2,0.32374,1.04,0.94
HD 82943 b,HD 82943,441.47,1.18306,0.162,286.13,1.117,1.19,13.5,534.25,5935.0,0.26,0.19405,1.08,1.1826
HD 154857 c,HD 154857,3452.0,5.36,0.06,154.88,0.1601,1.96,13.2,819.97,5605.0,-0.2,0.66269,1.718,1.76
Kepler-62 d,Kepler-62,18.16406,0.12,0.0,510.0,17.21,,1.95,14.0,4925.0,-0.37,-0.678,0.69,0.64
Kepler-62 b,Kepler-62,5.714932,0.0553,0.0,750.0,80.326,,1.31,9.0,4925.0,-0.37,-0.678,0.69,0.64
Kepler-83 b,Kepler-83,9.77,0.07295,0.0,460.0,15.412,0.52,2.83,2.94,4082.0,-0.2,-1.10237,0.66,0.61
POTS-1 b,POTS-1,3.1606296,0.03734,,841.95,58.7159,3.44,10.548,734.16,4400.0,-0.03,-1.0869,0.695,0.588
Kepler-54 b,Kepler-54,8.0109434,0.0619,0.022,453.0,12.357,0.76,2.1,0.98,3705.0,-0.27,-1.30103,0.51,0.5
Kepler-55 b,Kepler-55,27.9481449,0.1593,0.0,400.0,6.642,16.5,2.43,43.0,4362.0,-0.01,-0.76324,0.62,0.58
HD 82943 c,HD 82943,220.078,0.74345,0.3663,360.95,2.8285,1.42,13.4,622.603,5935.0,0.26,0.19405,1.08,1.1826
Kepler-413 b,Kepler-413,66.262,0.3553,0.1181,334.96,2.9436,3.2,4.347,67.0,4700.0,-0.2,-0.42994,0.82,0.7761
Kepler-61 b,Kepler-61,59.87756,0.24861,0.25,273.0,1.69,2.91,2.15,5.27,4017.0,0.03,-0.97062,0.635,0.62
HAT-P-27 b,HAT-P-27,3.039577,0.04,0.0,1091.99,336.0384,0.76,11.43,197.05,5316.0,0.3,-0.26926,0.916,0.864673
Qatar-4 b,Qatar-4,1.8053564,0.02803,0.0,1385.0,614.0,5.1,12.722215,1938.763,5215.0,0.103,-0.31785,0.896,0.849
WTS-2 b,WTS-2,1.0187068,0.01855,0.0,2000.0,2544.6509,0.54,15.277867,355.9696,5000.0,0.2,-0.28812,0.82,0.752
HD 4203 c,HD 4203,6700.0,6.95,0.24,124.96,0.0406,1.61,13.3,689.66,5582.0,0.34,0.29285,0.99,1.49795
Kepler-193 c,Kepler-193,50.697494,0.286,0.0,595.0,16.026,2.11,2.75,8.0,6335.0,0.0,0.09956,1.051,1.147
Kepler-207 b,Kepler-207,1.611865,0.029,0.0,1930.0,4097.318,4.39,1.57,3.09,5920.0,0.29,0.5343,1.313,1.588
Kepler-313 b,Kepler-313,14.970418,0.125,0.0,883.0,142.4,2.35,2.53,6.94,5727.0,0.26,0.31196,1.114,1.536
Kepler-120 c,Kepler-120,12.794585,0.088,0.0,455.0,16.625,4.54,1.53,2.96,4096.0,-0.12,-0.67701,0.654,0.534
Kepler-238 e,Kepler-238,23.654,0.17286,0.0,731.0,98.461,0.54,5.6,169.7,5800.0,0.34,0.43048,1.06,0.96
Kepler-328 b,Kepler-328,34.921,0.2199,0.0,602.0,57.079,7.8,2.3,28.5,6064.0,0.08,0.44013,1.15,1.06
Kepler-280 b,Kepler-280,2.139542,0.032,0.0,1425.0,821.894,4.87,1.45,2.7,5744.0,0.1213,-0.06437,0.962,0.886
Kepler-275 c,Kepler-275,16.088134,0.132,0.0,875.0,146.5,1.62,3.38,11.4,6165.0,0.08,0.44934,1.189,1.383
Kepler-214 b,Kepler-214,15.660544,0.13,0.0,758.0,196.402,2.26,2.61,7.32,6169.0,-0.02,0.5108,1.11,1.352
Kepler-219 c,Kepler-219,22.714613,0.165,0.0,766.0,54.105,1.5,3.58,12.5,5786.0,0.36,0.2139,1.164,1.491
Kepler-331 b,Kepler-331,8.457496,0.065,0.0,540.0,35.984,3.62,1.82,3.97,4347.0,0.1179,-0.78358,0.653,0.492
Kepler-340 c,Kepler-340,22.824669,0.178,0.0,946.0,154.653,1.62,3.37,11.3,6620.0,0.06,0.86749,1.65,1.85
TOI-4438 b,TOI-4438,7.446295,0.0523,0.07,446.0,6.0,1.65,2.4,4.11,3501.0,0.07,-1.76802,0.345,0.365
Kepler-293 b,Kepler-293,19.254196,0.144,0.0,657.0,28.944,1.83,3.07,9.64,5804.0,0.1,-0.23265,0.934,0.957
Kepler-291 b,Kepler-291,3.546511,0.047,0.0,1212.0,627.374,2.9,2.16,5.31,6002.0,0.23,0.07135,1.023,1.016
Kepler-224 d,Kepler-224,11.349393,0.089,0.0,610.0,36.293,2.66,2.3,5.9,5018.0,-0.06,-0.51445,0.777,0.676
Kepler-124 c,Kepler-124,13.821375,0.1,0.0,560.0,30.716,3.8,1.75,3.71,4984.0,-0.46,-0.46737,0.706,0.636
DMPP-7 b,DMPP-7,4.92666,0.0607,0.054,1456.0,749.4682,0.405,9.78,68.958,6096.0,0.13,0.44113,1.23,1.49
HD 127195 b,HD 127195,534.5,,0.04,,,0.426,14.0,212.94503269,4981.0,-0.04,0.98272,1.34,4.16
Kepler-111 b,Kepler-111,3.341815,0.046,0.0,1356.0,677.503,4.35,1.58,3.12,5952.0,0.22,0.19471,1.171,1.157
Kepler-148 c,Kepler-148,4.180043,0.05,0.0,957.0,187.197,1.48,3.6,12.6,5272.0,0.14,-0.38342,0.86,0.851
Kepler-179 b,Kepler-179,2.735926,0.036,0.0,1075.0,360.262,4.15,1.64,3.33,5302.0,0.12,-0.27765,0.893,0.759
Kepler-290 c,Kepler-290,36.77031,0.205,0.0,437.0,6.596,2.16,2.7,7.75,5147.0,-0.1,-0.58591,0.756,0.743
Kepler-226 b,Kepler-226,3.940997,0.047,0.0,1018.0,270.402,35.4,1.55,24.0,5571.0,0.09,-0.23921,0.904,0.802
Kepler-333 b,Kepler-333,12.551158,0.087,0.0,480.0,16.819,67.4,1.32,28.2,4259.0,0.0465,-0.92812,0.601,0.534
Kepler-343 b,Kepler-343,8.96855,0.088,0.0,1024.0,206.072,2.51,2.41,6.39,5807.0,0.1445,0.2162,1.055,1.433
Kepler-197 d,Kepler-197,15.677563,0.119,0.03,810.0,109.091,5.99,1.22,1.98,6004.0,-0.441,0.22187,0.857,1.12
TOI-762 A b,TOI-762 A,3.4716826,0.03418,0.083,555.4,17.0012,0.76,8.33948164,79.77493016,3266.0,0.357,-1.73283,0.442,0.425
Kepler-125 b,Kepler-125,4.164389,0.041,0.0,590.0,33.184,2.56,2.37,6.21,3810.0,-0.14,-1.3279,0.542101,0.512
Kepler-306 c,Kepler-306,7.240193,0.067,0.0,716.0,70.449,2.59,2.35,6.12,4954.0,-0.13,-0.4693,0.75,0.719
Kepler-53 d,Kepler-53,9.751962,0.091,0.0,870.0,144.852,1.4,2.12,166.503,6085.0,0.0,0.03558,0.966,0.958
Kepler-238 d,Kepler-238,13.233549,0.115,0.0,888.0,213.48,2.95,3.07,23.1,5751.0,0.34,0.43048,1.229,1.43
Kepler-127 d,Kepler-127,48.630408,0.28,0.03,590.0,31.519,2.23,2.64,7.46,6106.0,0.2142,0.40651,1.248,1.359
Kepler-222 c,Kepler-222,10.08881,0.091,0.0,734.0,59.076,1.07,4.64,19.4,5433.0,0.33,-0.33784,0.933,0.869
Kepler-257 d,Kepler-257,24.664551,0.16,0.0,567.0,15.2,0.983,4.95,21.7,5180.0,0.4,-0.37756,0.916,1.037
Kepler-308 b,Kepler-308,9.694928,0.09,0.0,833.0,108.64,2.96,2.12,5.14,5895.0,-0.04,-0.11567,0.92,0.941
Kepler-310 c,Kepler-310,56.47542,0.281,0.0,417.0,7.109,1.62,3.38,11.4,5797.0,-0.12,-0.23934,0.854,0.876
Kepler-242 c,Kepler-242,14.496481,0.109,0.0,613.0,20.498,3.2,2.0,4.66,5020.0,-0.02,-0.61267,0.748,0.85
Kepler-241 c,Kepler-241,36.065978,0.189,0.0,397.0,5.88,2.31,2.57,7.13,4699.0,0.031,-0.60729,0.671,0.668
Kepler-351 c,Kepler-351,57.24809,0.287,0.0,431.0,6.712,1.88,3.19,11.1,5643.0,-0.16,-0.38644,0.81,0.854
Kepler-341 c,Kepler-341,8.01041,0.08,0.0,940.0,237.43,3.95,1.7,3.53,6012.0,0.07,0.12721,0.976,1.024
Kepler-166 c,Kepler-166,34.260281,0.195,0.0,468.0,10.507,2.55,2.38,6.26,5413.0,-0.08,-0.38508,0.811,0.742
Kepler-108 c,Kepler-108,190.323494,0.721,0.04,426.0,7.8,0.511,8.18,50.9,5854.0,0.3261,0.707,1.247,2.192
Kepler-311 b,Kepler-311,9.176092,0.087,0.0,960.0,201.362,3.95,1.7,3.53,5905.0,-0.03,0.19328,0.994,1.188
Kepler-276 b,Kepler-276,14.12841,0.119,0.0,739.0,58.586,73.0,2.87,731.209,6105.0,-0.29,-0.08948,0.845,1.046
Kepler-254 c,Kepler-254,12.412183,0.105,0.0,787.0,67.225,1.77,2.15,3.2,5957.0,-0.13,-0.12491,0.849,0.91
Kepler-268 c,Kepler-268,83.446393,0.391,0.0,471.0,13.662,1.62,3.38,11.4,6081.0,0.0009,0.31808,1.109,1.274
Kepler-321 c,Kepler-321,13.093921,0.11,0.0,752.0,80.103,2.64,2.32,5.99,5740.0,0.121,-0.00798,1.024,1.194
Kepler-349 b,Kepler-349,5.929778,0.065,0.0,972.0,248.274,75.7,1.9,94.5,5956.0,0.1509,-0.0073,1.083,0.927
Kepler-108 b,Kepler-108,49.183921,0.292,0.22,669.0,47.4,0.475,8.65,56.0,5854.0,0.3261,0.707,1.247,2.192
Kepler-264 b,Kepler-264,40.806231,0.249,0.0,772.0,79.478,1.65,3.33,11.1,6158.0,0.0469,0.68915,1.426,1.55
Kepler-279 b,Kepler-279,12.309681,0.112,0.0,1104.0,249.021,165.0,3.62,4180.93,6363.0,-0.1141,0.5188,1.2,1.746
Kepler-286 c,Kepler-286,3.468095,0.042,0.0,1098.0,353.0,5.24,1.37,2.45,5580.0,-0.25,-0.11623,0.83,0.863
Kepler-171 c,Kepler-171,11.463462,0.098,0.0,752.0,78.905,2.32,2.56,7.08,5642.0,0.17,-0.07917,0.978,0.839
Kepler-238 b,Kepler-238,2.090876,0.034,0.0,1642.0,2500.588,526.0,1.73,3305.02,5751.0,0.34,0.43048,1.229,1.43
Kepler-329 c,Kepler-329,18.684737,0.113,0.0,402.0,11.869,3.35,1.93,4.38,4257.0,-0.44,-0.97062,0.602,0.523
Kepler-345 c,Kepler-345,9.387427,0.077,0.0,575.0,25.83,1.22,1.2,2.2,4504.0,0.1905,-0.49534,0.61,0.623
Kepler-263 b,Kepler-263,16.568087,0.12,0.0,548.0,24.308,2.2,2.67,7.61,5265.0,-0.0314,-0.45614,0.793,0.785
Kepler-268 b,Kepler-268,25.934138,0.18,0.0,695.0,64.933,2.33,2.55,7.04,6081.0,0.0009,0.31808,1.109,1.274
Kepler-287 b,Kepler-287,20.342199,0.145,0.0,667.0,35.75,27.3,2.33,83.0,5806.0,0.117,-0.13438,0.963,1.032
Kepler-290 b,Kepler-290,14.589347,0.11,0.0,594.0,22.637,2.74,2.25,5.69,5147.0,-0.1,-0.58591,0.756,0.743
TOI-4409 b,TOI-4409,92.491789,,0.036,305.05,2.0466,0.2,7.44,14.93793513,4928.0,0.0,-0.56976,0.763,0.72
Kepler-148 b,Kepler-148,1.729366,0.028,0.0,1284.0,609.017,3.67,1.8,3.89,5272.0,0.14,-0.38342,0.86,0.851
HD 13908 c,HD 13908,931.0,2.03,0.12,273.57,0.9705,4.27,12.8,1630.4,6255.0,0.01,0.602,1.29,1.67
HD 159243 b,HD 159243,12.62,0.11,0.02,942.13,107.452,0.767,13.7,359.13,6123.0,0.05,0.114,1.125,1.12
Kepler-292 d,Kepler-292,7.055679,0.068,0.0,808.0,103.005,2.77,2.23,5.6,5299.0,0.04,-0.33691,0.865,0.826
Kepler-297 c,Kepler-297,74.920137,0.336,0.0,409.0,6.86,0.827,6.54,42.1,5619.0,-0.11,-0.09608,0.927,0.915
Kepler-150 e,Kepler-150,30.826557,0.189,0.0,544.0,19.671,1.79,3.12,9.91,5560.0,0.12,-0.16141,0.956,0.939
Kepler-178 c,Kepler-178,20.552802,0.142,0.0,656.0,30.546,1.99,2.88,8.65,5676.0,-0.04,-0.20778,0.852,1.066
HD 73526 c,HD 73526,379.1,1.03,0.28,329.17,2.0521,1.67,13.3,715.09,5601.0,0.22,0.33788,1.014,1.53
HD 106906 b,HD 106906,,650.0,,1800.0,0.0,10.1,12.4,3496.0,6516.0,0.04,0.75,1.5,2.12351
Kepler-267 b,Kepler-267,3.353728,0.037,0.0,615.0,45.843,26.8,1.98,37.9,4258.0,-0.18,-1.22915,0.541571,0.555
Kepler-273 b,Kepler-273,2.936532,0.037,0.0,1209.0,285.636,4.66,1.5,2.86,5626.0,-0.28,-0.34099,0.756,0.815
Kepler-306 b,Kepler-306,4.646186,0.05,0.0,830.0,127.255,4.57,1.52,2.92,4954.0,-0.13,-0.4693,0.75,0.719
Kepler-309 c,Kepler-309,105.356383,0.401,0.0,204.0,2.142,2.38,2.51,6.85,4713.0,0.27,-0.574,0.816,0.721
Kepler-207 c,Kepler-207,3.071571,0.044,0.0,1556.0,1742.715,4.66,1.5,2.86,5920.0,0.29,0.5343,1.313,1.588
Kepler-224 b,Kepler-224,3.132924,0.038,0.0,937.0,201.489,5.14,1.39,2.51,5018.0,-0.06,-0.51445,0.777,0.676
Kepler-265 c,Kepler-265,17.028937,0.127,0.0,755.0,65.359,2.24,2.63,7.41,5835.0,-0.11,0.00548,0.97,1.103
Kepler-269 b,Kepler-269,5.326718,0.061,0.0,1007.0,604.9,2.43,2.47,6.66,5847.0,0.4,0.36836,0.92,0.959
Kepler-119 c,Kepler-119,4.125103,0.049,0.0,1016.0,367.322,5.09,0.92,0.721,5595.0,0.01,-0.0366,0.918,0.839
Kepler-130 b,Kepler-130,8.457458,0.079,0.15,982.0,221.731,5.39,1.02,1.04,5884.0,-0.199,0.19831,0.927,1.127
Kepler-235 e,Kepler-235,46.183669,0.213,0.0,306.0,1.33,2.79,2.22,5.56,4255.0,-0.51,-1.10237,0.581,0.554
Kepler-228 b,Kepler-228,2.566546,0.038,0.0,1360.0,863.776,4.54,1.53,2.96,6043.0,0.18,0.11115,1.006,1.014
Kepler-305 b,Kepler-305,5.487,0.05746,0.005,836.0,112.914,1.24,3.6,10.5,5080.0,0.09,-0.42318,0.76,0.8
Kepler-277 c,Kepler-277,33.006,0.21781,0.0,778.0,83.898,7.8,3.36,64.2,5946.0,0.09,0.56791,1.12,1.69
Kepler-301 b,Kepler-301,2.508553,0.036,0.0,1278.0,665.437,5.34,1.35,2.39,5815.0,0.187,-0.07963,1.022,0.9
Kepler-300 c,Kepler-300,40.714955,0.232,0.0,516.0,43.248,2.74,2.25,5.69,5986.0,0.04,0.33994,1.07,0.9
Kepler-133 b,Kepler-133,8.129976,0.083,0.0,1041.0,408.58,3.78,1.76,3.75,5736.0,0.282,0.4105,1.02,1.425
Kepler-152 c,Kepler-152,88.255055,0.356,0.0,326.0,2.57,2.54,2.39,6.3,5088.0,-0.12,-0.46488,0.779,0.724
TIC 46432937 b,TIC 46432937,1.44044527,0.02065,0.009,872.0,115.1312,2.37,13.31626907,1017.0509024,3572.0,0.323,-1.3851,0.563,0.5299
Kepler-138 e,Kepler-138,38.23,0.1803,0.112,292.0,1.73,4.67,0.797,0.43,3841.0,-0.18,-1.25181,0.535,0.535
Kepler-299 c,Kepler-299,6.885875,0.07,0.0,946.0,198.554,2.22,2.65,7.51,5617.0,0.12,-0.04352,1.004,1.032
Kepler-298 b,Kepler-298,10.475464,0.08,0.0,540.0,24.707,3.28,1.96,4.5,4465.0,-0.21,-0.73284,0.66,0.582
Kepler-157 b,Kepler-157,1.732342,0.028,0.0,1546.0,1572.309,5.5,1.32,2.3,5774.0,-0.0593,0.09117,0.95,1.044
Kepler-162 b,Kepler-162,6.919798,0.069,0.0,961.0,305.946,5.85,1.26,2.13,5816.0,0.1,0.1554,1.053,0.958
Kepler-249 d,Kepler-249,15.368459,0.097,0.0,332.0,4.474,4.39,1.57,3.09,3568.0,-0.34,-1.49485,0.510238,0.482
Kepler-254 d,Kepler-254,18.746477,0.139,0.0,686.0,38.844,2.39,2.5,6.8,5957.0,-0.13,-0.12491,0.849,0.91
Kepler-114 c,Kepler-114,8.041,0.06482,0.0,507.0,51.623,1.18,1.6,2.8,4660.0,0.2291,-0.6853,0.56,0.54
Kepler-145 b,Kepler-145,22.951,0.17308,0.43,873.0,154.705,13.0,2.65,37.1,6022.0,-0.0014,0.69164,1.32,1.85
Kepler-295 b,Kepler-295,12.645164,0.099,0.0,741.0,287.5,5.99,1.22,1.98,5603.0,-0.03,0.62949,0.89,0.898
Kepler-288 c,Kepler-288,19.305772,0.14,0.0,815.0,53.148,2.02,2.85,8.5,5918.0,-0.24,0.05605,0.842,1.091
Kepler-286 d,Kepler-286,5.914323,0.061,0.0,919.0,173.9,5.44,1.33,2.33,5580.0,-0.25,-0.11623,0.83,0.863
Kepler-312 c,Kepler-312,19.747412,0.153,0.0,754.0,165.824,1.78,3.15,10.1,6115.0,0.15,0.59751,1.314,1.467
Kepler-287 c,Kepler-287,44.851896,0.246,0.0,513.0,12.457,15.4,3.26,66.0,5806.0,0.117,-0.13438,0.963,1.032
Kepler-285 b,Kepler-285,2.633867,0.036,0.0,1131.0,428.407,5.39,1.34,2.36,5411.0,0.17,-0.27923,0.915,0.808
Kepler-178 d,Kepler-178,96.678988,0.397,0.0,392.0,3.874,1.32,3.95,14.8,5676.0,-0.04,-0.20778,0.852,1.066
Kepler-183 b,Kepler-183,5.687945,0.064,0.0,1088.0,281.845,3.08,2.06,4.9,5888.0,0.11,0.026,0.99,0.958
Kepler-315 b,Kepler-315,96.101141,0.402,0.0,409.0,6.674,1.4,3.77,13.7,5796.0,-0.27,0.00383,0.831,1.037
Kepler-316 c,Kepler-316,6.827766,0.058,0.0,577.0,37.377,5.81,1.16,1.65,4204.0,-0.23,-0.93554,0.587,0.52
Kepler-284 b,Kepler-284,12.699149,0.104,0.0,686.0,38.366,2.76,2.24,5.65,5615.0,-0.26,-0.34097,0.766,0.814
Kepler-281 c,Kepler-281,36.337373,0.215,0.0,513.0,35.203,0.0051,5.31,161.124,5723.0,0.02,0.14638,0.95,0.899
Kepler-85 d,Kepler-85,17.91323,0.13,0.0,626.0,38.39,4.4,1.2,8.69679,5436.0,0.12,-0.2123,0.947,0.893
Kepler-353 b,Kepler-353,5.795278,0.051,0.0,534.0,27.189,4.99,0.89,0.64,3903.0,-0.12,-1.18709,0.553,0.504
Kepler-372 c,Kepler-372,20.053763,0.154,0.0,755.0,91.881,3.02,2.09,5.02,6509.0,-0.13,0.32073,1.202,1.137
Kepler-374 c,Kepler-374,3.282807,0.042,0.0,1467.0,966.591,5.66,1.1,1.37,5977.0,0.1111,0.27435,1.033,0.911
Kepler-151 c,Kepler-151,24.674612,0.16,0.0,544.0,21.407,3.02,2.09,5.02,5460.0,0.1245,-0.33413,0.87,0.83
Kepler-386 c,Kepler-386,25.193458,0.155,0.0,513.0,16.657,4.35,1.58,3.12,5178.0,0.07,-0.40199,0.825,0.767
Kepler-213 c,Kepler-213,4.822962,0.057,0.0,1060.0,339.536,2.61,2.34,6.08,5696.0,0.15,0.082,1.07,1.195
Kepler-211 b,Kepler-211,4.138575,0.048,0.0,954.0,158.188,5.85,1.26,2.13,5123.0,0.151,-0.4133,0.867,0.816
Kepler-355 b,Kepler-355,11.03189,0.102,0.0,840.0,154.803,4.82,1.46,2.73,6184.0,-0.06,0.19516,0.933,1.066
Kepler-356 b,Kepler-356,4.612696,0.057,0.0,1294.0,844.979,4.39,1.57,3.09,6133.0,-0.0226,0.46128,1.163,1.335
Kepler-355 c,Kepler-355,25.762294,0.179,0.0,633.0,49.973,2.15,2.71,7.8,6184.0,-0.06,0.19516,0.933,1.066
Kepler-356 c,Kepler-356,13.121632,0.115,0.0,913.0,209.368,3.64,1.81,3.93,6133.0,-0.0226,0.46128,1.163,1.335
Kepler-387 b,Kepler-387,6.791636,0.068,0.0,994.0,304.081,5.43,1.03,1.08,5774.0,-0.3,0.13738,0.85,1.046
Kepler-388 b,Kepler-388,3.173315,0.036,0.0,830.0,112.21,4.73,0.81,0.457,4498.0,0.0,-0.43932,0.635,0.586
Kepler-404 b,Kepler-404,11.829851,0.102,0.0,730.0,44.534,5.77,1.27,2.15,5654.0,-0.03,-0.33704,0.86,0.884
Kepler-221 d,Kepler-221,10.04156,0.087,0.0,712.0,56.293,0.9,2.73,3.61,5243.0,0.0616,-0.40429,0.854,0.821
Kepler-357 b,Kepler-357,6.475434,0.063,0.0,793.0,69.57,3.56,1.84,4.04,5036.0,0.06,-0.55635,0.794,0.834
Kepler-358 b,Kepler-358,34.060467,0.21,0.0,554.0,21.805,2.14,2.72,7.85,5908.0,0.035,-0.13809,0.94,0.954
Kepler-376 c,Kepler-376,14.172327,0.115,0.0,873.0,168.29,3.7,1.79,3.86,5900.0,-0.1038,0.35663,0.968,1.175
Kepler-378 b,Kepler-378,16.092361,0.112,0.0,503.0,17.819,4.52,0.75,0.347,4661.0,0.1369,-0.65539,0.78,0.671
Kepler-389 b,Kepler-389,3.244107,0.041,0.0,1047.0,167.058,4.61,1.51,2.89,5376.0,-0.1,-0.51588,0.765,0.792
Kepler-118 b,Kepler-118,7.518496,0.073,0.0,784.0,79.753,3.28,1.96,4.5,5274.0,0.18,-0.37737,0.811,1.094
Kepler-359 b,Kepler-359,25.563222,0.178,0.0,671.0,23.9,1.52,3.53,12.2,6248.0,-0.29,-0.09657,0.827,1.086
Kepler-363 c,Kepler-363,7.542427,0.079,0.0,1054.0,376.29,75.6,1.69,66.4,5593.0,0.3965,0.36465,1.226,1.485
Kepler-379 c,Kepler-379,62.784697,0.326,0.0,530.0,19.793,2.68,2.29,5.86,6054.0,0.09,0.27953,1.125,1.306
Kepler-112 c,Kepler-112,28.574263,0.172,0.0,538.0,24.255,2.52,2.4,6.35,5544.0,-0.5221,-0.08612,0.782,0.841
Kepler-163 b,Kepler-163,7.810937,0.078,0.0,906.0,115.612,5.51,1.05,1.16,5776.0,0.1412,-0.13799,0.882,0.917
Kepler-390 b,Kepler-390,6.738088,0.065,0.0,786.0,99.972,4.75,0.82,0.477,5166.0,-0.0443,-0.352,0.787,0.776
Kepler-52 d,Kepler-52,36.445171,0.182,0.0,332.0,2.945,18.0,1.95,88.8775,4263.0,0.0,-0.99568,0.577,0.556
Kepler-231 b,Kepler-231,10.065275,0.074,0.0,488.0,14.879,13.8,1.73,35.4,3767.0,-0.1,-1.03621,0.58,0.49
Kepler-357 d,Kepler-357,49.499875,0.246,0.0,402.0,4.619,1.58,3.43,11.6,5036.0,0.06,-0.55635,0.794,0.834
Kepler-358 c,Kepler-358,83.488369,0.381,0.0,411.0,6.599,2.02,2.85,8.5,5908.0,0.035,-0.13809,0.94,0.954
Kepler-139 b,Kepler-139,15.771044,0.127,0.0,752.0,64.78,2.169438,2.94,7.0,5594.0,0.35,0.01598,1.078,1.3
Kepler-172 d,Kepler-172,14.627119,0.118,0.0,736.0,75.29,2.74,2.25,5.69,5526.0,0.39,-0.03187,1.081,1.085
Kepler-237 b,Kepler-237,4.715106,0.05,0.0,823.0,124.961,5.04,1.41,2.57,4861.0,0.22,-0.47742,0.696,0.725
Kepler-235 c,Kepler-235,7.824904,0.065,0.0,555.0,14.2,5.71,1.28,2.18,4255.0,-0.51,-1.10237,0.581,0.554
Kepler-363 b,Kepler-363,3.614568,0.048,0.0,1347.0,1000.243,5.81,1.16,1.65,5593.0,0.3965,0.36465,1.226,1.485
Kepler-272 b,Kepler-272,2.971353,0.038,0.0,1200.0,801.741,147.0,1.43,78.0,5297.0,0.04,0.06634,0.91,0.929
Kepler-353 c,Kepler-353,8.410894,0.065,0.0,472.0,16.561,5.19,1.38,2.48,3903.0,-0.12,-1.18709,0.553,0.504
Kepler-359 c,Kepler-359,57.68802,0.307,0.0,512.0,8.1,0.1,4.3,2.9,6248.0,-0.29,-0.09657,0.827,1.086
Kepler-173 b,Kepler-173,4.263742,0.048,0.0,1179.0,599.495,5.66,1.29,2.21,6031.0,0.0357,0.07365,1.067,0.949
Kepler-175 c,Kepler-175,34.035257,0.213,0.0,583.0,31.95,1.81,3.1,9.8,6064.0,0.04,0.19402,0.969,1.01
Kepler-141 c,Kepler-141,7.010606,0.067,0.0,738.0,77.412,5.04,1.41,2.57,4910.0,0.2643,-0.44625,0.878,0.787
Kepler-239 c,Kepler-239,56.228098,0.268,0.0,366.0,4.315,2.38,2.51,6.85,4914.0,0.17,-0.47489,0.757,0.763
Kepler-367 c,Kepler-367,53.578637,0.253,0.0,357.0,3.761,5.95,1.2,1.87,4710.0,0.1974,-0.61671,0.768,0.695
Kepler-143 c,Kepler-143,27.082511,0.181,0.0,703.0,58.7,1.62,3.37,11.3,5848.0,-0.01,0.29363,0.982,1.359
Kepler-360 b,Kepler-360,3.289672,0.044,0.0,1116.0,415.434,4.11,1.65,3.36,6053.0,0.15,-0.13236,0.994,1.058
Kepler-49 e,Kepler-49,18.596108,0.116,0.0,371.0,6.063,0.046,1.56,1.03815,4252.0,0.03,-1.13077,0.549,0.559
Kepler-140 b,Kepler-140,3.25427,0.045,0.0,1301.0,848.695,4.24,1.61,3.22,6077.0,-0.039,0.25061,1.044,1.288
Kepler-392 b,Kepler-392,5.341853,0.059,0.0,1125.0,450.654,5.34,1.0,0.972,5938.0,-0.4362,0.19453,0.874,1.129
Kepler-122 b,Kepler-122,5.766193,0.064,0.0,1159.0,448.102,2.61,2.34,6.08,6050.0,-0.08,0.26993,0.982,1.216
Kepler-243 c,Kepler-243,20.026218,0.142,0.0,559.0,21.72,3.22,1.99,4.62,5228.0,0.26,-0.37337,0.904,0.842
Kepler-374 d,Kepler-374,5.028219,0.056,0.0,1272.0,548.099,5.55,1.31,2.27,5977.0,0.1111,0.27435,1.033,0.911
Kepler-375 b,Kepler-375,12.125934,0.101,0.0,851.0,64.444,4.87,1.45,2.7,5826.0,-0.04,-0.16278,0.891,0.837
Kepler-116 c,Kepler-116,13.07163,0.116,0.0,964.0,208.982,2.66,2.3,5.9,6142.0,0.07,0.42073,1.198,1.454
Kepler-280 c,Kepler-280,4.807091,0.056,0.0,1088.0,279.085,3.18,2.01,4.7,5744.0,0.1213,-0.06437,0.962,0.886
TOI-3053 b,TOI-3053,2.9919987,0.039,0.0,1290.0,460.0,0.64,13.56286665,270.15414595,5378.0,0.2,-0.1605,0.96,0.97
Kepler-133 c,Kepler-133,31.517586,0.204,0.0,663.0,67.161,2.03,2.84,8.45,5736.0,0.282,0.4105,1.02,1.425
Kepler-246 c,Kepler-246,11.187161,0.095,0.0,667.0,43.208,4.66,1.5,2.86,5206.0,0.2,-0.41338,0.853,0.831
Kepler-251 e,Kepler-251,99.640161,0.404,0.0,360.0,3.548,2.09,2.77,8.1,5526.0,-0.06,-0.17197,0.891,0.89
Kepler-326 c,Kepler-326,4.580358,0.051,0.0,889.0,303.62,34.8,1.4,17.4,5105.0,0.2385,-0.15657,0.91,0.801
K2-24 b,K2-24,20.8895961,0.1673,0.0498,732.0,52.0,0.632,5.638,20.6,5726.0,0.41,0.15836,1.091,1.185
Kepler-281 b,Kepler-281,14.646008,0.117,0.0,694.0,118.246,52.0,2.82,324.0,5723.0,0.02,0.14638,0.95,0.899
Kepler-288 b,Kepler-288,6.097326,0.065,0.0,1197.0,247.301,4.05,1.67,3.43,5918.0,-0.24,0.05605,0.842,1.091
Kepler-393 b,Kepler-393,9.182417,0.091,0.0,1052.0,429.813,5.66,1.29,2.21,6189.0,0.0322,0.52394,1.256,1.382
Kepler-394 b,Kepler-394,8.005013,0.083,0.0,1035.0,164.78,4.28,1.6,3.19,6402.0,-0.3,0.05347,0.87,1.132
Kepler-26 e,Kepler-26,46.827915,0.22,0.0,276.0,1.753,2.51,2.41,6.39,4486.0,-0.21,-1.06048,0.593,0.571
Kepler-255 b,Kepler-255,5.714606,0.063,0.0,971.0,174.395,4.46,1.55,3.02,5573.0,0.3386,-0.18311,0.867,0.933
Kepler-344 b,Kepler-344,21.963945,0.153,0.0,643.0,27.327,2.26,2.61,7.32,5774.0,0.0399,-0.18481,0.931,0.976
Kepler-342 b,Kepler-342,15.170318,0.128,0.0,905.0,160.261,2.74,2.25,5.69,6175.0,-0.0006,0.45345,1.213,1.472
Kepler-291 c,Kepler-291,5.700786,0.065,0.0,1035.0,332.737,3.47,1.88,4.19,6002.0,0.23,0.07135,1.023,1.016
Kepler-293 c,Kepler-293,54.155743,0.286,0.0,466.0,7.287,1.37,3.83,14.0,5804.0,0.1,-0.23265,0.934,0.957
Kepler-189 b,Kepler-189,10.399931,0.088,0.0,678.0,45.389,5.96,1.21,1.92,5235.0,-0.04,-0.44774,0.803,0.75
Kepler-191 c,Kepler-191,17.738506,0.128,0.0,596.0,23.2,3.52,1.86,4.12,5282.0,0.13,-0.4145,0.857,0.789
Kepler-258 c,Kepler-258,33.653079,0.193,0.0,470.0,7.985,1.48,3.61,12.7,4942.0,0.3031,-0.57541,0.82,0.915
Kepler-337 c,Kepler-337,9.693201,0.093,0.0,1017.0,376.21,3.1,2.05,4.86,5684.0,0.07,0.48057,1.081,1.761
Kepler-298 c,Kepler-298,22.92881,0.136,0.0,416.0,8.696,3.35,1.93,4.38,4465.0,-0.21,-0.73284,0.66,0.582
Kepler-300 b,Kepler-300,10.446347,0.094,0.0,812.0,265.186,4.05,1.67,3.43,5986.0,0.04,0.33994,1.07,0.9
Kepler-137 b,Kepler-137,8.436387,0.077,0.0,742.0,86.33,4.77,1.47,2.76,5187.0,0.05,-0.29234,0.85,0.802
Kepler-261 c,Kepler-261,24.570858,0.156,0.0,505.0,14.512,3.2,2.0,4.66,5098.0,0.1621,-0.471,0.834,0.794
Kepler-265 b,Kepler-265,6.846262,0.069,0.0,1022.0,220.328,3.52,1.86,4.12,5835.0,-0.11,0.00548,0.97,1.103
Kepler-339 b,Kepler-339,4.977656,0.055,0.0,1023.0,159.945,4.99,1.42,2.6,5631.0,0.033,-0.31322,0.87,0.802
Kepler-325 b,Kepler-325,4.544439,0.053,0.0,1017.0,210.554,1.96,2.91,8.8,5752.0,0.02,-0.25468,0.914,1.003
Kepler-126 b,Kepler-126,10.495711,0.099,0.07,1009.0,298.088,5.762535,1.52,4.11726105,6239.0,-0.16,0.452,1.108,1.358
Kepler-380 b,Kepler-380,3.930821,0.05,0.0,1317.0,808.093,5.9,1.19,1.81,6045.0,-0.16,0.2776,0.99,1.224
Kepler-397 c,Kepler-397,135.498527,0.48,0.0,295.0,1.8,0.736,6.18,31.6,5307.0,-0.24,-0.376,0.844,0.767
Kepler-411 b,Kepler-411,3.005156,0.0375,0.146,1138.0,201.3,10.3,2.401,25.6,4974.0,0.21,-0.57899,0.87,0.82
TOI-2095 c,TOI-2095,28.17232,0.137,0.0,297.0,1.84,,1.33,7.4,3759.0,-0.24,-1.45892,0.44,0.44
Kepler-416 d,Kepler-416,3.07644709,0.0407,0.0,1253.0,583.25,4.24,1.61,3.22,5670.0,0.06,0.02791,0.949,1.022
TOI-4504 b,TOI-4504,2.4261516,0.0338,0.84,1345.0,548.0544,44.0,2.65,140.0,5315.0,0.16,-0.20761,0.875,0.93
Kepler-46 c,Kepler-46,57.011,0.2799,0.0146,455.0,7.0957,0.267,13.5,119.499,5155.0,0.41,-0.255,0.902,0.938
Kepler-188 b,Kepler-188,2.061897,0.032,0.0,1463.0,1069.235,4.01,1.68,3.46,6021.0,0.15,0.03447,1.021,1.141
Kepler-362 c,Kepler-362,37.866281,0.207,0.0,543.0,36.667,4.87,1.45,2.7,5788.0,-0.12,0.20872,0.904,0.722
Kepler-136 c,Kepler-136,16.399235,0.133,0.0,847.0,162.044,3.22,1.99,4.62,6165.0,0.0002,0.46678,1.204,1.355
Kepler-381 c,Kepler-381,13.391635,0.117,0.0,1180.0,225.331,5.71,1.12,1.46,6152.0,-0.2016,0.5139,1.144,1.568
Kepler-398 b,Kepler-398,4.081423,0.044,0.0,755.0,81.287,5.12,0.93,0.749,4493.0,0.0528,-0.81101,0.649,0.613
Kepler-136 b,Kepler-136,11.5789,0.106,0.0,951.0,257.984,12.6,2.05,19.8,6165.0,0.0002,0.46678,1.204,1.355
Kepler-272 d,Kepler-272,10.937304,0.091,0.0,777.0,141.135,2.74,2.25,5.69,5297.0,0.04,0.06634,0.91,0.929
Kepler-206 d,Kepler-206,23.44281,0.163,0.0,681.0,44.17,5.9,1.19,1.81,5764.0,0.0213,0.08357,0.957,1.185
Kepler-141 b,Kepler-141,3.107675,0.039,0.0,968.0,228.663,4.3,0.69,0.257,4910.0,0.2643,-0.44625,0.878,0.787
Kepler-399 d,Kepler-399,58.034616,0.261,0.0,486.0,5.57,3.44,1.89,4.23,5502.0,0.14,-0.418,0.902,0.68
Kepler-400 b,Kepler-400,9.024389,0.087,0.0,939.0,183.39,4.11,1.65,3.36,5886.0,0.0844,0.152,1.08,1.145
Kepler-366 b,Kepler-366,3.281959,0.045,0.0,1326.0,1873.311,4.82,1.46,2.73,6209.0,-0.06,0.57277,1.088,1.048
Kepler-367 b,Kepler-367,37.815724,0.201,0.0,401.0,5.985,5.6,1.3,2.24,4710.0,0.1974,-0.61671,0.768,0.695
Kepler-135 b,Kepler-135,6.00253,0.067,0.0,1209.0,496.678,3.64,1.81,3.93,6090.0,-0.105,0.44809,1.047,1.275
Kepler-383 b,Kepler-383,12.904532,0.095,0.0,545.0,20.91,5.5,1.32,2.3,4710.0,-0.1785,-0.698,0.669,0.672
Kepler-401 b,Kepler-401,14.383035,0.122,0.0,889.0,254.25,3.92,1.71,3.57,6117.0,0.0,0.56611,1.173,1.333
Kepler-402 c,Kepler-402,6.124821,0.068,0.0,1140.0,353.973,4.41,1.56,3.05,6090.0,-0.08,0.2035,1.072,1.264
Kepler-351 b,Kepler-351,37.054919,0.214,0.0,498.0,11.983,0.921,3.06,4.8,5643.0,-0.16,-0.38644,0.81,0.854
Kepler-350 b,Kepler-350,11.189562,0.104,0.0,1037.0,257.721,4.9,1.85,16.9,6186.0,0.041,0.42842,1.19,1.534
Kepler-369 c,Kepler-369,14.871572,0.094,0.0,391.0,4.21,5.04,1.41,2.57,3591.0,-0.09,-1.42022,0.5,0.471
Kepler-371 b,Kepler-371,34.763278,0.2,0.0,554.0,41.737,3.44,1.89,4.23,5666.0,-0.1975,0.24392,0.876,0.992
Kepler-147 b,Kepler-147,12.610584,0.113,0.0,953.0,224.61,4.54,1.53,2.96,6012.0,0.1,0.42733,1.145,1.468
Kepler-132 d,Kepler-132,18.010199,0.136,0.0,758.0,68.6,4.46,1.55,3.02,6003.0,-0.2159,0.211,0.929,1.178
Kepler-200 c,Kepler-200,10.222157,0.09,0.0,806.0,126.361,4.31,1.59,3.15,5678.0,-0.006,0.00778,0.972,0.944
Kepler-215 e,Kepler-215,68.16101,0.314,0.0,405.0,7.444,3.8,1.75,3.71,5739.0,-0.4425,-0.1172,0.788,1.027
Kepler-347 c,Kepler-347,27.320871,0.183,0.0,705.0,65.707,3.8,1.75,3.71,6088.0,-0.14,0.34232,0.922,1.005
Kepler-202 b,Kepler-202,4.069427,0.045,0.0,802.0,108.504,4.17,1.63,3.29,4668.0,-0.21,-0.63817,0.683,0.667
Kepler-84 f,Kepler-84,44.552169,0.25,0.0,572.0,25.3,2.83,2.2,5.48,6031.0,-0.07,0.212,1.06,1.169
Kepler-310 b,Kepler-310,13.930698,0.111,0.0,665.0,45.97,5.9,1.19,1.81,5797.0,-0.12,-0.23934,0.854,0.876
Kepler-270 c,Kepler-270,25.262887,0.18,0.0,756.0,62.241,3.75,1.77,3.78,6067.0,0.15,0.31211,1.17,1.461
Kepler-24 d,Kepler-24,4.244384,0.051,0.0,1305.0,601.895,152.0,1.67,293.959,5897.0,-0.0708,0.064,1.046,1.289
Kepler-217 c,Kepler-217,8.586004,0.089,0.0,1208.0,730.808,3.54,1.85,4.08,6171.0,-0.07,0.75356,1.342,1.799
Kepler-220 e,Kepler-220,45.902733,0.226,0.0,341.0,4.274,5.44,1.33,2.33,4632.0,-0.1738,-0.67594,0.729,0.666
Kepler-313 c,Kepler-313,32.273273,0.208,0.0,683.0,51.1,2.31,2.57,7.13,5727.0,0.26,0.31196,1.114,1.536
Kepler-311 c,Kepler-311,19.738286,0.145,0.0,744.0,72.456,4.94,1.43,2.63,5905.0,-0.03,0.19328,0.994,1.188
Kepler-282 c,Kepler-282,13.638723,0.106,0.0,717.0,116.117,5.95,1.2,1.87,5602.0,-0.2,0.10587,0.86,0.904
Kepler-286 e,Kepler-286,29.221289,0.176,0.0,539.0,20.6,3.75,1.77,3.78,5580.0,-0.25,-0.11623,0.83,0.863
Kepler-204 b,Kepler-204,14.400974,0.117,0.0,828.0,79.703,2.35,2.53,6.94,5812.0,0.07,0.02981,1.038,1.238
Kepler-359 d,Kepler-359,77.095691,0.372,0.0,464.0,5.5,0.1,4.01,2.7,6248.0,-0.29,-0.09657,0.827,1.086
Kepler-314 b,Kepler-314,2.461069,0.035,0.0,1195.0,488.674,4.79,0.83,0.498,5378.0,0.322,-0.22569,0.99,0.95
Kepler-316 b,Kepler-316,2.240508,0.027,0.0,837.0,164.776,5.54,1.06,1.2,4204.0,-0.23,-0.93554,0.587,0.52
Kepler-288 d,Kepler-288,56.633742,0.287,0.0,570.0,12.659,2.2,2.67,7.61,5918.0,-0.24,0.05605,0.842,1.091
Kepler-149 b,Kepler-149,29.198943,0.184,0.0,540.0,23.64,1.22,4.21,16.5,5381.0,0.3805,-0.11929,1.013,0.953
Kepler-372 b,Kepler-372,6.849692,0.075,0.0,1081.0,384.627,5.29,1.36,2.42,6509.0,-0.13,0.32073,1.202,1.137
Kepler-205 b,Kepler-205,2.75564,0.032,0.0,757.0,102.562,4.61,1.51,2.89,4321.0,-0.1254,-0.95618,0.592,0.546
Kepler-361 b,Kepler-361,8.486616,0.086,0.0,1060.0,411.905,4.87,1.45,2.7,6169.0,0.04,0.45876,1.191,1.343
Kepler-317 c,Kepler-317,8.77501,0.083,0.0,837.0,81.761,3.9,1.72,3.61,5497.0,0.13,-0.2078,0.865,0.941
Kepler-319 d,Kepler-319,31.781925,0.191,0.0,528.0,17.962,2.68,2.29,5.86,5526.0,0.06,-0.18116,0.933,0.903
Kepler-295 d,Kepler-295,33.884054,0.192,0.0,533.0,104.962,5.29,1.36,2.42,5603.0,-0.03,0.62949,0.89,0.898
Kepler-308 c,Kepler-308,15.38231,0.123,0.0,714.0,58.679,2.9,2.16,5.31,5895.0,-0.04,-0.11567,0.92,0.941
Kepler-234 b,Kepler-234,2.711506,0.04,0.0,1420.0,1007.716,1.43,3.7,13.2,6224.0,0.22,0.23955,1.129,1.113
Kepler-378 c,Kepler-378,28.906009,0.166,0.0,414.0,8.166,4.34,0.7,0.271,4661.0,0.1369,-0.65539,0.78,0.671
Kepler-321 b,Kepler-321,4.915379,0.057,0.0,1042.0,296.155,3.75,1.77,3.78,5740.0,0.121,-0.00798,1.024,1.194
Kepler-322 b,Kepler-322,1.653888,0.027,0.0,1373.0,735.179,5.39,1.01,1.01,5388.0,0.12,-0.28786,0.908,0.89
Kepler-397 b,Kepler-397,22.250949,0.144,0.0,539.0,20.01,2.44,2.46,6.62,5307.0,-0.24,-0.376,0.844,0.767
Kepler-198 b,Kepler-198,17.790037,0.131,0.0,655.0,44.549,2.05,2.82,8.35,5574.0,0.1142,-0.1089,0.995,0.94
Kepler-386 b,Kepler-386,12.31043,0.096,0.0,651.0,43.262,5.14,1.39,2.51,5178.0,0.07,-0.40199,0.825,0.767
Kepler-206 c,Kepler-206,13.137471,0.111,0.0,825.0,95.51,3.75,1.77,3.78,5764.0,0.0213,0.08357,0.957,1.185
Kepler-173 c,Kepler-173,8.005777,0.074,0.0,956.0,258.418,2.48,2.43,6.48,6031.0,0.0357,0.07365,1.067,0.949
Kepler-250 b,Kepler-250,4.148141,0.048,0.0,938.0,148.103,5.75,1.13,1.51,5160.0,0.01,-0.45709,0.806,0.805
Kepler-325 c,Kepler-325,12.762172,0.105,0.0,721.0,53.044,2.34,2.54,6.99,5752.0,0.02,-0.25468,0.914,1.003
Kepler-157 c,Kepler-157,13.5405,0.11,0.0,779.0,101.754,2.76,2.24,5.65,5774.0,-0.0593,0.09117,0.95,1.044
Kepler-392 c,Kepler-392,10.423118,0.093,0.0,901.0,185.098,5.66,1.1,1.37,5938.0,-0.4362,0.19453,0.874,1.129
Kepler-365 c,Kepler-365,17.784129,0.137,0.0,729.0,66.87,4.15,1.64,3.33,6012.0,-0.218,0.112,1.02,1.048
Kepler-243 b,Kepler-243,5.715442,0.062,0.0,850.0,115.505,2.45,2.45,6.57,5228.0,0.26,-0.37337,0.904,0.842
Kepler-402 e,Kepler-402,11.242861,0.102,0.0,931.0,157.481,4.82,1.46,2.73,6090.0,-0.08,0.2035,1.072,1.264
Kepler-402 d,Kepler-402,8.921099,0.087,0.0,1006.0,214.277,5.19,1.38,2.48,6090.0,-0.08,0.2035,1.072,1.264
Kepler-147 c,Kepler-147,33.416423,0.216,0.0,689.0,61.287,2.48,2.43,6.48,6012.0,0.1,0.42733,1.145,1.468
Kepler-183 c,Kepler-183,11.637071,0.103,0.0,857.0,108.717,16.8,2.27,35.7,5888.0,0.11,0.026,0.99,0.958
Kepler-244 b,Kepler-244,4.311792,0.05,0.0,1038.0,242.471,2.1,2.76,8.05,5554.0,0.07,-0.25619,0.933,0.803
Kepler-209 b,Kepler-209,16.087845,0.122,0.0,668.0,48.662,2.73,2.26,5.73,5513.0,0.11,-0.12879,0.971,0.935
Kepler-127 b,Kepler-127,14.435889,0.125,0.47,884.0,159.163,5.09,1.4,2.54,6106.0,0.2142,0.40651,1.248,1.359
Kepler-403 c,Kepler-403,54.280749,0.297,0.0,604.0,45.154,3.8,1.75,3.71,6090.0,0.079,0.64405,1.299,1.329
Kepler-376 b,Kepler-376,4.920199,0.057,0.0,1242.0,689.912,5.56,1.07,1.24,5900.0,-0.1038,0.35663,0.968,1.175
Kepler-331 c,Kepler-331,17.28111,0.105,0.0,425.0,13.888,3.56,1.84,4.04,4347.0,0.1179,-0.78358,0.653,0.492
Kepler-256 e,Kepler-256,10.681572,0.096,0.0,897.0,98.9,2.59,2.35,6.12,5551.0,0.26,-0.0591,1.037,1.301
Kepler-209 c,Kepler-209,41.749882,0.231,0.0,486.0,13.637,1.81,3.1,9.8,5513.0,0.11,-0.12879,0.971,0.935
Kepler-229 d,Kepler-229,41.194912,0.22,0.0,439.0,6.162,1.37,3.85,14.2,5120.0,0.06,-0.53795,0.808,0.728
Kepler-237 c,Kepler-237,8.103636,0.071,0.0,687.0,60.642,3.04,2.08,4.98,4861.0,0.22,-0.47742,0.696,0.725
Kepler-383 c,Kepler-383,31.200751,0.172,0.0,406.0,6.44,5.97,1.24,2.07,4710.0,-0.1785,-0.698,0.669,0.672
Kepler-333 c,Kepler-333,24.08821,0.135,0.0,386.0,7.049,5.67,1.11,1.41,4259.0,0.0465,-0.92812,0.601,0.534
Kepler-334 d,Kepler-334,25.09849,0.168,0.0,656.0,39.475,5.04,1.41,2.57,5828.0,-0.012,0.05556,1.022,1.068
Kepler-156 c,Kepler-156,15.906801,0.117,0.0,588.0,28.642,2.33,2.55,7.04,5094.0,0.2535,-0.43985,0.864,0.807
Kepler-405 c,Kepler-405,29.726682,0.188,0.0,557.0,14.086,1.06,4.66,19.6,5818.0,-0.06,-0.33143,0.873,0.893
Kepler-274 c,Kepler-274,33.197861,0.204,0.0,678.0,36.518,3.56,1.84,4.04,6023.0,-0.2112,0.2013,0.883,1.007
Kepler-315 c,Kepler-315,265.469335,0.791,0.0,291.0,1.722,1.24,4.15,16.1,5796.0,-0.27,0.00383,0.831,1.037
Kepler-387 c,Kepler-387,11.837549,0.098,0.0,826.0,144.963,4.99,0.89,0.64,5774.0,-0.3,0.13738,0.85,1.046
Kepler-388 c,Kepler-388,13.297004,0.093,0.0,515.0,16.64,4.89,0.86,0.566,4498.0,0.0,-0.43932,0.635,0.586
Kepler-337 b,Kepler-337,3.292781,0.045,0.0,1458.0,1589.012,4.5,1.54,2.99,5684.0,0.07,0.48057,1.081,1.761
Kepler-134 c,Kepler-134,10.105785,0.092,0.0,892.0,128.086,5.85,1.26,2.13,5983.0,-0.2067,0.06051,0.956,1.176
Kepler-140 c,Kepler-140,91.353282,0.414,0.0,428.0,9.957,3.67,1.8,3.89,6077.0,-0.039,0.25061,1.044,1.288
Kepler-159 b,Kepler-159,10.139623,0.082,0.0,447.0,33.463,2.55,2.38,6.26,4625.0,-0.04,-0.75443,0.628,0.663
Kepler-320 c,Kepler-320,17.934937,0.142,0.0,1002.0,101.619,5.24,1.37,2.45,6435.0,-0.1228,0.37419,1.072,1.108
Kepler-292 c,Kepler-292,3.715335,0.045,0.0,1001.0,242.416,4.77,1.47,2.76,5299.0,0.04,-0.33691,0.865,0.826
Kepler-82 b,Kepler-82,26.44,0.1683,0.0033,562.0,19.558,0.98,4.07,12.15,5401.0,0.2107,-0.18507,0.91,0.898
Kepler-122 c,Kepler-122,12.465988,0.108,0.0,897.0,160.499,0.788,5.87,29.0,6050.0,-0.08,0.26993,0.982,1.216
Kepler-149 c,Kepler-149,55.328328,0.281,0.0,436.0,10.084,4.24,1.61,3.22,5381.0,0.3805,-0.11929,1.013,0.953
Kepler-164 b,Kepler-164,5.03503,0.058,0.0,1141.0,370.922,5.04,1.41,2.57,5888.0,0.0,0.11291,1.036,1.148
Kepler-320 b,Kepler-320,8.371554,0.085,0.0,1292.0,280.559,5.75,1.14,1.55,6435.0,-0.1228,0.37419,1.072,1.108
Kepler-338 e,Kepler-338,9.341,0.08979,0.05,1143.0,428.524,12.3,1.56,8.5,5999.0,-0.029,0.5857,1.14,1.735
Kepler-395 b,Kepler-395,7.054346,0.061,0.0,576.0,17.8,5.43,1.03,1.08,4262.0,-0.02,-1.194,0.622827,0.556
Kepler-341 d,Kepler-341,27.666313,0.182,0.0,622.0,45.423,3.54,1.85,4.08,6012.0,0.07,0.12721,0.976,1.024
Kepler-341 e,Kepler-341,42.473269,0.242,0.0,539.0,25.667,3.22,1.99,4.62,6012.0,0.07,0.12721,0.976,1.024
Kepler-169 b,Kepler-169,3.250619,0.04,0.0,962.0,195.221,5.75,1.13,1.51,4997.0,0.17,-0.49611,0.825,0.763
Kepler-169 f,Kepler-169,87.090195,0.359,0.0,321.0,2.439,2.3,2.58,7.18,4997.0,0.17,-0.49611,0.825,0.763
Kepler-332 c,Kepler-332,15.995622,0.114,0.0,550.0,19.986,5.6,1.09,1.32,4955.0,-0.13,-0.5837,0.743,0.72
Kepler-143 b,Kepler-143,16.007583,0.127,0.0,838.0,118.334,2.51,2.41,6.39,5848.0,-0.01,0.29363,0.982,1.359
Kepler-299 b,Kepler-299,2.927128,0.04,0.0,1258.0,622.067,5.5,1.32,2.3,5617.0,0.12,-0.04352,1.004,1.032
Kepler-301 c,Kepler-301,5.419026,0.06,0.0,989.0,238.481,5.34,1.35,2.39,5815.0,0.187,-0.07963,1.022,0.9
Kepler-342 d,Kepler-342,39.459357,0.242,0.0,658.0,44.828,2.41,2.49,6.76,6175.0,-0.0006,0.45345,1.213,1.472
Kepler-233 c,Kepler-233,60.418955,0.287,0.0,390.0,6.195,2.15,2.71,7.8,5360.0,-0.09,-0.32754,0.855,0.758
Kepler-171 d,Kepler-171,39.595519,0.223,0.0,497.0,15.103,3.44,1.89,4.23,5642.0,0.17,-0.07917,0.978,0.839
HD 60779 b,HD 60779,29.986175,0.1922,0.031,650.0,42.3921,2.28,3.246,14.19,6081.0,-0.12,0.19479,1.05,1.129
Kepler-335 c,Kepler-335,67.844469,0.356,0.0,592.0,32.035,1.83,3.07,9.64,5877.0,0.278,0.57766,1.367,1.854
Kepler-332 d,Kepler-332,34.21154,0.189,0.0,427.0,7.253,5.89,1.18,1.76,4955.0,-0.13,-0.5837,0.743,0.72
Kepler-262 b,Kepler-262,13.060855,0.108,0.0,734.0,50.169,5.29,1.36,2.42,5841.0,-0.3382,-0.13988,0.816,0.881
Kepler-263 c,Kepler-263,47.332773,0.242,0.0,386.0,5.994,2.43,2.47,6.66,5265.0,-0.0314,-0.45614,0.793,0.785
Kepler-191 b,Kepler-191,9.939632,0.087,0.0,722.0,50.2,5.39,1.34,2.36,5282.0,0.13,-0.4145,0.857,0.789
Kepler-197 e,Kepler-197,25.209715,0.164,0.38,691.0,57.941,5.05,0.91,0.693,6004.0,-0.441,0.22187,0.857,1.12
Kepler-200 b,Kepler-200,8.594805,0.08,0.0,854.0,159.069,2.95,2.13,5.18,5678.0,-0.006,0.00778,0.972,0.944
Kepler-201 b,Kepler-201,25.672083,0.175,0.0,683.0,64.549,2.44,2.46,6.62,6065.0,-0.0442,0.34816,1.098,1.229
Kepler-84 e,Kepler-84,27.434389,0.181,0.0,672.0,48.29,2.27,2.6,7.27,6031.0,-0.07,0.212,1.06,1.169
Kepler-265 e,Kepler-265,67.831024,0.319,0.0,476.0,10.354,2.28,2.59,7.22,5835.0,-0.11,0.00548,0.97,1.103
Kepler-24 e,Kepler-24,18.998355,0.138,0.0,792.0,81.506,0.31,2.78,26.2118,5897.0,-0.0708,0.064,1.046,1.289
Kepler-441 b,Kepler-441,207.2482,0.64,0.1,189.0,0.21,4.15,1.64,3.33,4340.0,-0.57,-1.051,0.572,0.55
Kepler-253 c,Kepler-253,10.281951,0.089,0.0,680.0,51.273,2.22,2.65,7.51,5208.0,0.15,-0.38741,0.86,0.786
Kepler-214 c,Kepler-214,28.7798,0.194,0.0,619.0,87.244,2.95,2.13,5.18,6169.0,-0.02,0.5108,1.11,1.352
Kepler-170 c,Kepler-170,16.665863,0.131,0.0,702.0,50.682,2.01,2.86,8.55,5679.0,0.39,-0.05453,1.066,1.035
Kepler-205 c,Kepler-205,20.306546,0.122,0.0,389.0,7.14,4.15,1.64,3.33,4321.0,-0.1254,-0.95618,0.592,0.546
CoRoT-22 b,CoRoT-22,9.75598,0.092,0.077,885.0,121.8837,0.249,4.88,12.2,5939.0,0.17,0.01352,1.099,1.136
Kepler-437 b,Kepler-437,66.65062,0.288,0.02,308.0,2.15,2.93,2.14,5.22,4551.0,0.0,-0.762,0.707,0.68
Kepler-192 b,Kepler-192,9.926746,0.09,0.0,803.0,105.297,2.12,2.74,7.95,5479.0,0.357,-0.09429,1.028,1.007
Kepler-254 b,Kepler-254,5.826662,0.064,0.0,1013.0,184.341,1.36,3.87,14.3,5957.0,-0.13,-0.12491,0.849,0.91
Kepler-196 c,Kepler-196,47.427737,0.24,0.0,407.0,6.88,2.76,2.24,5.65,5128.0,0.03,-0.39257,0.839,0.782
Kepler-101 b,Kepler-101,3.4876812,0.0474,0.086,1513.0,1240.332,1.45,5.77,51.1,5667.0,0.33,0.42034,1.17,1.56
Kepler-439 b,Kepler-439,178.1396,0.563,0.03,291.0,1.83,2.76,2.24,5.65,5431.0,0.02,-0.236,0.884,0.866
Kepler-256 c,Kepler-256,3.38802,0.045,0.0,1315.0,457.066,2.91,2.15,5.27,5551.0,0.26,-0.0591,1.037,1.301
Kepler-216 c,Kepler-216,17.406669,0.136,0.0,814.0,182.057,1.85,3.04,9.48,6091.0,-0.1489,0.51836,1.126,1.26
Kepler-184 c,Kepler-184,20.303005,0.141,0.0,630.0,29.875,6.32,1.97,8.8,5788.0,-0.1958,-0.22509,0.872,0.873
HD 113538 c,HD 113538,1818.0,2.44,0.2,100.28,0.0151,0.618,13.8,295.57,4462.0,-0.24,-1.04576,0.585,0.53
HD 30669 b,HD 30669,1684.0,2.69,0.18,151.45,0.0987,0.281,14.3,149.37,5400.0,0.13,-0.14602,0.92,0.91
Kepler-217 b,Kepler-217,5.374943,0.065,0.0,1413.0,1366.477,2.77,2.23,5.6,6171.0,-0.07,0.75356,1.342,1.799
Kepler-83 d,Kepler-83,5.169796,0.051,0.0,569.0,28.81,0.56,1.94,4.1,4648.0,-0.2,-1.10237,0.58,0.594
Kepler-253 d,Kepler-253,18.119869,0.13,0.0,563.0,24.084,1.76,3.17,10.2,5208.0,0.15,-0.38741,0.86,0.786
Kepler-424 c,Kepler-424,223.3,0.73,,298.76,1.3285,5.94,12.7,2215.18,5460.0,0.44,-0.15,1.01,0.94
Kepler-422 b,Kepler-422,7.8914483,0.082,0.0,1028.0,264.983,0.38,12.89,136.66,5972.0,0.23,0.24,1.15,1.24
Kepler-445 c,Kepler-445,4.871229,0.0301,0.0,341.0,9.177,2.38,2.51,6.85,3157.0,0.27,-2.09994,0.18,0.21
Kepler-446 b,Kepler-446,1.565409,0.0182,0.0,648.0,16.213,4.66,1.5,2.86,3359.0,-0.3,-2.24766,0.22,0.24
Kepler-259 b,Kepler-259,8.115317,0.079,0.0,879.0,113.451,2.07,2.8,8.25,5938.0,-0.09,-0.15271,0.867,0.898
Kepler-193 b,Kepler-193,11.38848,0.106,0.0,979.0,117.303,2.54,2.39,6.3,6335.0,0.0,0.09956,1.051,1.147
Kepler-215 b,Kepler-215,9.360672,0.084,0.0,784.0,105.073,4.21,1.62,3.26,5739.0,-0.4425,-0.1172,0.788,1.027
Kepler-192 c,Kepler-192,21.2234,0.15,0.0,623.0,38.216,2.07,2.79,8.2,5479.0,0.357,-0.09429,1.028,1.007
Kepler-426 b,Kepler-426,3.21751883,0.0414,0.18,1300.0,410.723,0.26,12.22,108.06,5725.0,-0.21,-0.089,0.91,0.92
Kepler-424 b,Kepler-424,3.3118644,0.044,0.0,1116.0,470.754,1.94,9.98,327.35,5460.0,0.44,-0.15,1.01,0.94
Kepler-427 b,Kepler-427,10.290994,0.091,0.57,1100.0,208.721,0.16,13.79,92.17,5800.0,-0.19,0.29,0.96,1.35
HD 103720 b,HD 103720,4.5557,0.0498,0.086,926.24,140.3478,0.386,14.1,197.046,5017.0,-0.02,-0.45834,0.794,0.73
Kepler-434 b,Kepler-434,12.8747099,0.1143,0.131,1000.0,158.285,2.4,12.67,908.96,5977.0,0.25,0.33,1.198,1.38
Kepler-221 c,Kepler-221,5.690586,0.059,0.0,860.0,119.836,1.94,2.93,9.3,5243.0,0.0616,-0.40429,0.854,0.821
Kepler-222 b,Kepler-222,3.936981,0.048,0.0,1004.0,206.769,1.76,3.16,10.1,5433.0,0.33,-0.33784,0.933,0.869
Kepler-94 c,Kepler-94,820.3,1.596806621,0.345931,159.05,0.0955,8.79,12.5,3126.0,4781.0,0.34,-0.61348,0.81,0.76
Kepler-48 e,Kepler-48,982.0,1.898274748,0.003142,171.49,0.1426,1.5,13.4,657.0,5194.0,0.17,-0.28926,0.88,0.89
Kepler-428 b,Kepler-428,3.52563254,0.0433,0.22,1070.0,195.088,1.02,12.11,403.63,5150.0,0.09,-0.39,0.87,0.8
Kepler-425 b,Kepler-425,3.79701816,0.0464,0.33,1070.0,229.036,0.27,10.962,79.45,5170.0,0.24,-0.323,0.93,0.86
Kepler-224 c,Kepler-224,5.925003,0.058,0.0,758.0,86.332,1.79,3.12,9.91,5018.0,-0.06,-0.51445,0.777,0.676
Kepler-407 c,Kepler-407,3000.0,3.27090369,0.221479,146.73,0.0854,11.8,12.3,4000.0,5476.0,0.33,-0.03934,1.0,1.01
Kepler-106 c,Kepler-106,13.5708,0.10987,0.0,785.0,96.905,3.28,2.5,10.44,5858.0,-0.12,0.08255,1.0,1.04
TYC 1422-614-1 b,TYC 1422-614-1,198.4,0.69,0.06,730.19,47.0221,1.86,13.3,794.5,4806.0,-0.2,1.35,1.15,6.85
TYC 1422-614-1 c,TYC 1422-614-1,559.3,1.37,0.048,518.21,11.9278,8.94,12.5,3178.0,4806.0,-0.2,1.35,1.15,6.85
Kepler-445 b,Kepler-445,2.984151,0.0217,0.0,401.0,17.657,4.35,1.58,3.12,3157.0,0.27,-2.09994,0.18,0.21
Kepler-446 d,Kepler-446,5.148921,0.0403,0.0,436.0,3.307,5.34,1.35,2.39,3359.0,-0.3,-2.24766,0.22,0.24
Kepler-164 c,Kepler-164,10.945723,0.097,0.0,881.0,131.487,2.13,2.73,7.9,5888.0,0.0,0.11291,1.036,1.148
Kepler-165 b,Kepler-165,8.180848,0.072,0.0,716.0,59.799,2.64,2.32,5.99,5211.0,-0.25,-0.4723,0.746,0.77
OGLE-2005-BLG-071L b,OGLE-2005-BLG-071L,,3.6,,55.0,,3.0,13.0,1200.0,,,,0.46,
OGLE-2008-BLG-092L b,OGLE-2008-BLG-092L,,15.0,,,,0.469,8.74,57.0,,,,0.71,
Kepler-246 b,Kepler-246,4.60182,0.052,0.0,896.0,141.613,2.61,2.34,6.08,5206.0,0.2,-0.41338,0.853,0.831
Kepler-226 c,Kepler-226,5.349555,0.058,0.0,919.0,180.513,21.2,2.27,45.2,5571.0,0.09,-0.23921,0.904,0.802
Kepler-227 b,Kepler-227,9.488015,0.09,0.0,793.0,104.641,1.8,3.11,9.85,5854.0,0.1,-0.12113,0.954,1.091
Kepler-113 b,Kepler-113,4.754,0.05123,0.0,775.0,105.333,10.73,1.82,11.7,4725.0,0.05,-0.57598,0.75,0.69
Kepler-48 d,Kepler-48,42.8961,0.23302,0.0,448.0,9.292,5.08,2.04,7.93,5194.0,0.17,-0.28926,0.88,0.89
Qatar-2 b,Qatar-2,1.33711647,0.02153,0.0,1344.0,447.4134,1.573,14.056,792.635,4645.0,0.02,-0.6832,0.743,0.776
Kepler-117 c,Kepler-117,50.790391,0.2804,0.0323,704.0,41.863,1.74,12.341,584.78,6150.0,-0.04,0.53776,1.129,1.606
Kepler-161 b,Kepler-161,4.921355,0.054,0.0,868.0,123.4,0.45,2.12,2.63,5078.0,0.24,-0.44679,0.853,0.806
Kepler-153 b,Kepler-153,18.870227,0.129,0.0,621.0,21.609,1.95,2.92,8.85,5404.0,-0.27,-0.4463,0.756,0.892
Kepler-229 c,Kepler-229,16.068638,0.117,0.0,600.0,21.637,0.992,4.92,21.5,5120.0,0.06,-0.53795,0.808,0.728
Kepler-100 d,Kepler-100,35.3331,0.21747,0.38,670.0,53.981,2.695922,1.61,3.0,5825.0,0.02,0.39445,1.08,1.49
Kepler-98 b,Kepler-98,1.54168,0.02614,0.0,1592.0,1107.389,2.18,1.99,3.55,5539.0,0.18,-0.13324,0.99,1.11
Kepler-117 b,Kepler-117,18.7959228,0.1445,0.0493,984.0,157.541,0.3,8.059,29.875,6150.0,-0.04,0.53776,1.129,1.606
Kepler-430 b,Kepler-430,35.968,0.2244,0.0,667.0,40.844,1.7,3.25,10.6,5884.0,0.2,0.31207,1.166,1.485
Kepler-230 b,Kepler-230,32.625555,0.191,0.0,506.0,11.816,1.19,4.26,16.8,5588.0,-0.21,-0.36784,0.784,0.817
Kepler-166 b,Kepler-166,7.650254,0.072,0.0,772.0,77.543,2.71,2.27,5.77,5413.0,-0.08,-0.38508,0.811,0.742
Kepler-131 b,Kepler-131,16.092,0.12789,0.0,718.0,66.122,6.0,2.41,16.13,5685.0,0.12,0.02191,1.02,1.03
Kepler-406 b,Kepler-406,2.42629,0.03599,0.0,1302.0,826.933,11.82,1.43,6.35,5538.0,0.18,0.0482,1.07,1.07
Kepler-249 c,Kepler-249,7.113702,0.058,0.0,429.0,12.529,4.61,1.51,2.89,3568.0,-0.34,-1.49485,0.510238,0.482
Kepler-162 c,Kepler-162,19.446355,0.137,0.0,681.0,77.052,1.86,3.03,9.43,5816.0,0.1,0.1554,1.053,0.958
Kepler-180 c,Kepler-180,41.885775,0.229,0.0,540.0,16.423,1.88,3.01,9.32,5731.0,0.03,-0.13204,0.95,1.063
Kepler-182 c,Kepler-182,20.684342,0.157,0.0,729.0,88.852,1.58,3.43,11.6,6250.0,0.072,0.34366,1.114,1.146
Kepler-82 c,Kepler-82,51.54,0.2626,0.007,450.0,8.035,0.494,5.34,13.9,5401.0,0.2107,-0.18507,0.91,0.898
Kepler-174 b,Kepler-174,13.98179,0.1,0.0,553.0,24.418,3.28,1.96,4.5,4880.0,-0.56,-0.5704,0.602,0.622
Kepler-176 c,Kepler-176,12.759712,0.102,0.0,633.0,39.631,0.487,2.6,1.33,5232.0,0.13,-0.40427,0.86,0.891
Kepler-96 b,Kepler-96,16.2385,0.1261,0.0,711.0,57.524,2.26,2.67,8.46,5690.0,0.04,-0.05231,1.0,1.02
Kepler-48 b,Kepler-48,4.778,0.05394,0.0,932.0,173.12,3.23,1.88,3.94,5194.0,0.17,-0.28926,0.88,0.89
HD 10180 e,HD 10180,49.748,0.2699,0.051,577.77,20.4541,0.881,5.39,25.1,5911.0,0.08,0.17319,1.06,1.109
Kepler-55 d,Kepler-55,2.211099,0.029,0.0,931.0,195.005,4.31,1.59,3.15,4503.0,-0.01,-0.76324,0.631,0.619
Kepler-187 c,Kepler-187,10.640263,0.099,0.0,963.0,324.134,2.2,2.67,7.61,6105.0,-0.04,0.49267,1.081,1.287
Kepler-233 b,Kepler-233,8.472382,0.077,0.0,751.0,85.131,2.48,2.43,6.48,5360.0,-0.09,-0.32754,0.855,0.758
Kepler-234 c,Kepler-234,7.21205,0.077,0.0,1025.0,273.304,1.54,3.51,12.1,6224.0,0.22,0.23955,1.129,1.113
MOA-2011-BLG-322L b,MOA-2011-BLG-322L,,4.3,,,,10.6,12.4,3690.0,,,,0.39,
CoRoT-24 b,CoRoT-24,5.1134,0.056,0.0,1070.0,79.826,0.9,3.7,5.7,4950.0,0.3,-0.60148,0.91,0.86
HD 10180 h,HD 10180,2205.0,3.381,0.095,163.24,0.1303,0.426,9.4,64.4,5911.0,0.08,0.17319,1.06,1.109
Kepler-440 b,Kepler-440,101.11141,0.242,0.34,229.0,1.2,3.52,1.86,4.12,4134.0,-0.3,-1.102,0.575,0.559
Kepler-251 c,Kepler-251,16.514043,0.122,0.0,655.0,38.953,2.09,2.77,8.1,5526.0,-0.06,-0.17197,0.891,0.89
Kepler-146 c,Kepler-146,76.732171,0.364,0.0,473.0,9.887,1.78,3.13,9.96,5948.0,-0.0261,0.14794,1.079,1.208
Kepler-150 d,Kepler-150,12.56093,0.104,0.0,734.0,65.142,2.07,2.79,8.2,5560.0,0.12,-0.16141,0.956,0.939
OGLE-2008-BLG-355L b,OGLE-2008-BLG-355L,,1.7,,,,3.84,12.9,1500.0,,,,0.37,
CoRoT-24 c,CoRoT-24,11.759,0.098,0.0,850.0,26.0656,1.3,5.0,28.0,4950.0,0.3,-0.60148,0.91,0.86
Kepler-186 f,Kepler-186,129.9441,0.432,0.04,177.0,0.3,5.87,1.17,1.71,3755.0,-0.26,-1.26,0.544,0.523
Kepler-252 c,Kepler-252,10.848463,0.08,0.0,499.0,20.507,2.91,2.15,5.27,4208.0,-0.13,-0.78566,0.61,0.549
Kepler-213 b,Kepler-213,2.46236,0.036,0.0,1326.0,833.469,4.21,1.62,3.26,5696.0,0.15,0.082,1.07,1.195
Kepler-159 c,Kepler-159,43.595792,0.218,0.0,275.0,4.791,1.59,3.41,11.5,4625.0,-0.04,-0.75443,0.628,0.663
Kepler-202 c,Kepler-202,16.282493,0.113,0.0,505.0,17.07,3.54,1.85,4.08,4668.0,-0.21,-0.63817,0.683,0.667
HD 35759 b,HD 35759,82.467,0.389,0.389,621.56,22.7689,2.99,13.0,1195.0408,6060.0,0.04,0.53724,1.15,1.759974
Kepler-477 b,Kepler-477,11.11990653,0.0911,0.0,649.0,38.71,3.06,2.07,4.94,5240.0,-0.04,-0.372,0.87,0.79
HD 67087 c,HD 67087,2374.0,3.86,0.76,193.42,0.2327,3.94,12.9,1540.0,6330.0,0.25,0.54,1.36,1.55
Kepler-6 b,Kepler-6,3.2346996,0.04852,0.0,1460.0,792.218,0.4,14.616536,212.31044,5647.0,0.34,0.18916,1.209,1.391
HD 220842 b,HD 220842,218.47,0.74,0.404,397.62,4.155,2.47,13.1,1010.6994,5960.0,-0.17,0.35703,1.13,1.41647
HIP 65407 c,HIP 65407,67.3,0.316,0.12,457.04,6.5252,0.51,13.9,249.17872,5460.0,0.25,-0.18603,0.93,0.952252
Kepler-505 b,Kepler-505,27.52197994,0.1445,0.0,314.0,3.641,2.27,2.6,7.27,3931.0,-0.19,-1.07864,0.55,0.53
CoRoT-29 b,CoRoT-29,2.85057,0.0386,0.082,1224.75,540.3673,1.45,10.0881,270.1555,5260.0,0.2,-0.09414,0.97,0.9
tau Boo b,tau Boo,3.3124568,0.049,0.011,1682.02,1333.7826,4.95,12.8,1891.0,6466.27,0.2642,0.50548,1.32,1.42588
Kepler-412 b,Kepler-412,1.7208604,0.02897,0.0038,1850.0,2144.307,0.52,15.031269,299.07803,5750.0,0.27,0.26854,1.167,1.287
HD 141399 b,HD 141399,94.44,0.415,0.04,493.71,9.2321,0.269,14.3,143.34133,5600.0,0.35,0.2014,1.07,1.387236
HD 141399 c,HD 141399,201.99,0.689,0.048,383.17,3.3493,0.923,13.6,422.7139,5600.0,0.35,0.2014,1.07,1.387236
Kepler-754 b,Kepler-754,14.5596237,0.116,0.0,758.0,216.473,3.18,2.01,4.7,5935.0,0.05,0.41554,1.06,1.08
Kepler-753 b,Kepler-753,5.747725012,0.054,0.0,641.0,41.674,3.4,1.91,4.31,4346.0,-0.03,-0.86467,0.68,0.65
HAT-P-54 b,HAT-P-54,3.799847,0.04117,0.074,818.0,88.6713,1.118,10.581296,241.5508,4390.0,-0.127,-0.9017,0.645,0.617
TrES-5 b,TrES-5,1.48224686,0.02459,0.0,1480.0,442.993,1.31,13.383546,568.9157,5171.0,0.2,-0.34382,0.901,0.868
KOI-13 b,KOI-13,1.763588,0.03641,0.00064,2550.0,25339.901,3.6,16.948008,2949.4624,7650.0,0.2,0.971,1.72,1.74
WASP-42 b,WASP-42,4.9816819,0.0561,0.062,1021.0,137.118,0.464,12.576498,167.49641,5315.0,0.29,-0.36094,0.951,0.892
Kepler-766 b,Kepler-766,6.10027804,0.066,0.0,990.0,227.15,1.61,3.39,11.4,5992.0,0.09,0.45132,1.1,1.15
Kepler-771 b,Kepler-771,8.73485836,0.0843,0.0,890.0,339.296,3.62,1.82,3.97,5906.0,0.01,0.3549,1.03,1.05
HD 100546 b,HD 100546,,53.0,,94.67,0.0113,0.0321,77.3421,2701.5414595,10500.0,,1.5,2.4,1.85288
Kepler-432 c,Kepler-432,406.2,,0.498,,,1.8,13.3,772.3269,4995.0,-0.07,0.92561,1.32,4.06
Kepler-76 b,Kepler-76,1.5449298,0.0274,0.0,2140.0,3583.673,1.1,15.24424,638.8383,6409.0,-0.1,0.45116,1.2,1.32
OGLE-2003-BLG-235L b,OGLE-2003-BLG-235L,,4.3,,,,1.98,13.2,830.0,,,,0.63,
Kepler-765 b,Kepler-765,27.6655226,0.1754,0.0,641.0,48.947,2.48,2.43,6.48,5901.0,0.04,0.14595,1.05,1.06
Kepler-432 b,Kepler-432,52.501129,0.301,0.5134,812.0,97.846,4.46,12.834305,1719.4603,4995.0,-0.07,0.92561,1.32,4.06
Kepler-5 b,Kepler-5,3.5484657,0.0538,0.0,1750.0,1822.758,0.4,15.984034,670.93913,6297.0,0.04,0.65242,1.374,1.793
Kepler-7 b,Kepler-7,4.8854892,0.06067,0.0,1630.0,1375.11,0.14,18.180998,140.16303,5933.0,0.11,0.69639,1.359,1.966
HIP 74890 b,HIP 74890,822.3,2.1,0.07,387.66,3.7188,1.78,13.3,762.792,4850.0,0.2,1.21484,1.74,5.77
K2-29 b,K2-29,3.2588321,0.04217,0.066,1171.0,293.0,0.53,13.33871,232.0159,5358.0,0.16,-0.29533,0.94,0.86
Kepler-767 b,Kepler-767,161.5280101,0.5874,0.0,366.0,9.365,0.67,6.64,35.7,5694.0,-0.05,0.47562,0.96,0.94
Kepler-773 b,Kepler-773,3.749100061,0.04682,0.0,1160.0,490.707,4.94,1.43,2.63,5850.0,0.05,0.09508,1.04,1.01
Kepler-774 b,Kepler-774,11.0895723,0.1082,0.0,1422.0,451.177,1.76,3.17,10.2,6403.0,0.04,0.75268,1.57,2.42
2MASS J02192210-3925225 b,2MASS J02192210-3925225,,156.0,,6.27,0.0,5.77,16.14096,4417.837,3064.0,,-2.23,0.108,0.281
WASP-41 c,WASP-41,421.0,1.07,0.294,241.0,0.5573,2.47,13.1,1010.6994,5545.0,0.06,-0.19512,0.93,0.87
HAT-P-50 b,HAT-P-50,3.1220109,0.0453,0.115,1862.0,2108.4362,0.78,14.437192,429.0705,6280.0,-0.18,0.60314,1.273,1.698
HD 133131 A b,HD 133131 A,649.0,1.44,0.33,227.72,0.4642,0.986,13.6,451.3186,5799.0,-0.306,-0.01658,0.95,0.955014
HATS-17 b,HATS-17,16.254611,0.1308,0.029,814.0,72.7,3.5,8.709393,425.25654,5846.0,0.3,0.09342,1.131,1.091
Kepler-772 b,Kepler-772,12.99207337,0.11153,0.0,866.0,264.576,3.62,1.82,3.97,5714.0,0.03,0.47515,0.98,1.11
Kepler-769 b,Kepler-769,7.42608998,0.0778,0.0,1037.0,241.128,1.95,2.92,8.85,6186.0,0.06,0.1791,1.19,1.28
Kepler-449 c,Kepler-449,33.6727,0.1979,0.05,661.0,45.09,2.1,2.764,8.07,5649.18,-0.1651,0.296,1.02,1.467
HD 133131 A c,HD 133131 A,3568.0,4.49,0.49,128.96,0.0477,0.251,14.3,133.4886,5799.0,-0.306,-0.01658,0.95,0.955014
WASP-92 b,WASP-92,2.1746742,0.0348,0.0,1871.0,1622.2528,0.346,16.376349,255.85315,6280.0,0.0,0.27461,1.19,1.341
Kepler-781 b,Kepler-781,13.2140732,0.1019,0.0,629.0,44.397,1.98,2.89,8.7,5162.0,-0.1,-0.38375,0.81,0.78
Kepler-92 d,Kepler-92,49.3568,0.28682,0.07,637.0,46.844,7.457871,2.067,11.8666806,5904.34,0.1381,0.55818,1.07,1.81719
Kepler-449 b,Kepler-449,12.58242,0.1027,0.03,917.0,167.41,3.09,2.056,4.88,5649.18,-0.1651,0.296,1.02,1.467
HD 1461 c,HD 1461,13.5052,0.1117,0.305,892.87,99.8365,2.77,2.23,5.59,5765.0,0.19,0.0954,1.02,1.152288
WASP-93 b,WASP-93,2.7325321,0.04211,0.0,1942.0,2531.1336,0.479,17.900773,467.2101,6700.0,0.07,0.61784,1.334,1.524
HD 128311 c,HD 128311,921.538,1.74,0.159,158.23,0.1017,3.01,13.0,1204.25787,4965.0,0.08,-0.5116,0.828,0.76
alf Tau b,alf Tau,628.96,1.46,0.1,1086.77,220.442,5.52,12.7,2056.3601,4055.0,-0.27,2.672,1.13,45.1
Kepler-450 d,Kepler-450,7.51464,0.0827,0.14,1199.0,557.205,77.0,0.837,17.6,6197.21,0.1278,0.55403,1.19,1.64162
OGLE-2005-BLG-169L b,OGLE-2005-BLG-169L,,3.5,,,,1.37,3.84,14.1,,,,0.69,
WASP-46 b,WASP-46,1.43036763,0.02335,0.0,1636.0,1281.2408,1.467,13.159366,607.0553,5600.0,-0.3,-0.11113,0.828,0.858
HD 60532 b,HD 60532,201.9,0.77,0.26,550.16,16.9008,0.704,13.8,336.8998,6245.0,-0.26,1.00089,1.5,2.57
HD 60532 c,HD 60532,600.1,1.6,0.03,381.66,3.9142,1.86,13.3,797.7533,6245.0,-0.26,1.00089,1.5,2.57
OGLE-2013-BLG-0102L b,OGLE-2013-BLG-0102L,,0.8,,,,12.1,12.3,4100.0,,,,0.096,
Kepler-41 b,Kepler-41,1.8555582,0.03101,0.0,1790.0,2036.749,0.33,14.46,177.98,5750.0,0.38,0.26161,1.15,1.29
HIP 107773 b,HIP 107773,144.3,0.72,0.09,957.11,142.9997,1.44,13.4,629.3034,4945.0,0.03,1.87,2.42,11.6
HATS-8 b,HATS-8,3.583893,0.04667,0.376,1324.0,510.8195,0.259,9.785457,43.86054,5679.0,0.21,-0.0252,1.056,1.086
Qatar-1 b,Qatar-1,1.4200242,0.02332,0.0,1418.0,382.328,1.076,12.811887,411.27202,5013.0,0.171,-0.43771,0.838,0.803
HAT-P-66 b,HAT-P-66,2.972086,0.04363,0.09,1896.0,1939.51,0.242,17.82231,248.86089,6002.0,0.035,0.6149,1.255,1.881
Kepler-75 b,Kepler-75,8.8849116,0.0818,0.57,767.0,106.484,11.0,11.77,3209.9,5200.0,0.3,-0.21487,0.91,0.89
Kepler-453 b,Kepler-453,240.503,0.7903,0.0359,273.62,0.9636,,6.204,16.0,5527.0,0.09,-0.2205,0.944,0.833
WASP-89 b,WASP-89,3.3564227,0.0427,0.193,1120.0,278.8533,7.0,11.65736,1875.197,5130.0,0.15,-0.34333,0.92,0.88
KIC 3558849 b,KIC 3558849,1322.3,,,,,0.637,6.9,38.1,6175.0,-0.42,0.40531,0.98,1.01
KIC 8540376 c,KOI-7892,75.2,,,,,2.52,2.4,6.35,6474.0,-0.16,0.2987,1.04,1.26
OGLE-2007-BLG-349L AB c,OGLE-2007-BLG-349L A,2557.0,2.59,,,,0.359,10.7,80.0,,,,0.41,
Kepler-56 d,Kepler-56,1002.0,2.16,0.2,324.75,1.7204,4.67,12.8,1784.0,4819.44,0.3631,0.90455,1.29,4.21799
Kepler-444 b,Kepler-444,3.6001053,0.04178,0.16,938.0,225.735,3.14,0.403,0.0374,5046.0,-0.55,-0.42455,0.758,0.752
K2-6 b,K2-6,30.94191,0.1898,,615.0,28.6,2.39,2.5,6.8,5850.0,-0.14,-0.12006,0.97,0.96
HD 42618 b,HD 42618,149.61,0.554,0.19,337.0,3.16,1.34,3.89,14.4,5727.0,-0.09,-0.00877,1.015,0.999
OGLE-2012-BLG-0950L b,OGLE-2012-BLG-0950L,,2.6,,,,0.681,6.56,35.0,,,,0.57,
Kepler-444 e,Kepler-444,7.743493,0.0696,0.1,727.0,81.344,4.8,0.546,0.1,5046.0,-0.55,-0.42455,0.758,0.752
K2-15 b,K2-15,11.8104,0.091,,676.0,48.0,2.42,2.48,6.71,5131.0,-0.46,-0.45314,0.72,0.68
K2-14 b,K2-14,8.36802,0.0627,0.14,488.0,8.0,1.02,4.81,20.7,3789.0,-0.37,-0.96847,0.47,0.45
K2-17 b,K2-17,17.96753,0.119,0.18,487.0,4.91,2.77,2.23,5.6,4320.0,0.15,-0.9966,0.71,0.66
K2-9 b,K2-9,18.4498,0.091,,314.0,1.36,2.74,2.25,5.69,3390.0,-0.25,-1.92082,0.3,0.31
WASP-36 b,WASP-36,1.53736596,0.02677,0.0,1733.0,1422.6075,1.26,14.874343,750.39663,5959.0,-0.26,0.00087,1.081,0.985
Kepler-26 b,Kepler-26,12.28,0.08551,0.021,431.0,7.6,1.26,2.78,5.12,3914.0,-0.13,-1.06048,0.544,0.512
HATS-13 b,HATS-13,3.0440499,0.04057,0.181,1244.0,315.9878,0.377,13.585308,172.58169,5523.0,0.05,-0.32121,0.962,0.887
HATS-14 b,HATS-14,2.7667641,0.03815,0.142,1276.0,505.884,1.191,11.646151,340.39593,5346.0,0.33,-0.17274,0.967,0.933
WASP-90 b,WASP-90,3.916243,0.0562,0.0,1840.0,1704.4939,0.193,18.27067,200.2329,6430.0,0.11,0.63014,1.55,1.98
HD 5583 b,HD 5583,139.35,0.53,0.076,964.55,145.0268,4.81,12.8,1837.0574,4830.0,-0.5,1.61,1.01,9.09
Kepler-26 c,Kepler-26,17.2559,0.10725,0.013,385.0,4.82,1.61,2.72,6.2,3914.0,-0.13,-1.06048,0.544,0.512
Kepler-447 b,Kepler-447,7.79430132,0.0769,0.123,882.0,119.039,0.4,18.49,435.41,5493.0,0.07,-0.19007,1.0,1.05
OGLE-2011-BLG-0265L b,OGLE-2011-BLG-0265L,,1.89,,,,0.573,13.9,280.0,,,,0.211,
HD 130322 b,HD 130322,10.70871,0.0925,0.029,720.0,67.9633,0.781,13.7,365.49,5387.0,-0.02,-0.23544,0.92,0.85
OGLE-2012-BLG-0563L b,OGLE-2012-BLG-0563L,,0.74,,,,0.262,13.6,120.0,,,,0.34,
Kepler-296 d,Kepler-296,19.850291,0.118,0.33,403.0,2.9,1.9,2.09,5.02,3740.0,-0.08,-1.50864,0.498,0.48
Pr0211 c,Pr0211,4850.0,5.5,0.71,99.1,0.0152,6.8,12.6,2475.8957,5300.0,0.18,-0.33603,0.935,0.827
BD+15 2375 b,BD+15 2375,153.22,0.576,0.001,883.68,111.9838,0.705,13.8,337.21763,4649.0,-0.22,1.57,1.08,8.95
Kepler-60 d,Kepler-60,11.8981,0.10203,0.002,929.0,161.0,2.91,1.99,4.16,5905.0,-0.09,0.36906,1.041,1.257
HD 1666 b,HD 1666,270.0,0.94,0.63,436.47,6.0778,5.47,12.7,2040.0,6317.0,0.37,0.73,1.5,1.93
HD 67087 b,HD 67087,352.2,1.08,0.17,365.67,2.9727,2.38,13.1,973.0,6330.0,0.25,0.54,1.36,1.55
Kepler-296 e,Kepler-296,34.14211,0.169,0.33,337.0,1.41,4.1,1.53,2.96,3740.0,-0.08,-1.50864,0.498,0.48
Kepler-872 b,Kepler-872,2.578855068,0.0362,0.0,1230.0,553.056,3.22,1.99,4.62,5902.0,0.04,-0.14573,1.05,1.08
Kepler-871 b,Kepler-871,22.0459018,0.1572,0.0,640.0,79.722,1.42,3.74,13.5,5993.0,0.09,0.30895,1.11,1.14
Kepler-603 c,Kepler-603,127.9075774,0.53439,0.0,401.0,8.8,0.69,6.5,34.5,5808.0,0.03,0.39156,1.01,1.01
Kepler-908 b,Kepler-908,1.340597468,0.02526,0.0,1783.0,3304.101,5.99,1.22,1.98,5973.0,0.15,0.26406,1.11,1.12
Kepler-499 b,Kepler-499,5.632528453,0.0598,0.0,844.0,148.456,2.88,2.17,5.35,5312.0,0.0,-0.27919,0.87,0.83
Kepler-801 b,Kepler-801,11.41928253,0.0795,0.0,419.0,14.442,3.2,2.0,4.66,4435.0,-0.17,-0.79815,0.67,0.63
Kepler-799 b,Kepler-799,133.4605235,0.5167,0.0,433.0,6.356,0.64,6.88,37.9,5681.0,-0.07,-0.09,0.95,0.93
Kepler-870 b,Kepler-870,21.3587621,0.1539,0.0,691.0,54.869,2.08,2.78,8.15,5857.0,-0.01,0.04289,1.01,1.02
Kepler-869 b,Kepler-869,40.4287755,0.2244,0.0,494.0,17.234,1.48,3.61,12.7,5664.0,0.02,-0.11047,0.97,0.95
Kepler-907 b,Kepler-907,15.86621821,0.1225,0.0,879.0,137.66,5.95,1.2,1.87,6106.0,-0.15,0.378,1.08,1.38
Kepler-912 b,Kepler-912,2.534756273,0.0339,0.0,1218.0,519.95,2.07,2.8,8.25,5998.0,0.02,0.55177,1.07,1.11
Kepler-797 b,Kepler-797,27.07237711,0.181,0.0,605.0,90.1,2.88,2.17,5.35,5680.0,-0.02,0.46974,0.96,0.95
Kepler-867 b,Kepler-867,150.242127,0.5375,0.0,327.0,2.72,1.07,4.64,19.4,5541.0,-0.02,0.11686,0.92,0.91
Kepler-868 b,Kepler-868,5.03251791,0.0575,0.0,1047.0,417.034,3.1,2.05,4.86,5614.0,-0.08,0.06838,0.93,0.89
Kepler-866 b,Kepler-866,2.617032536,0.0331,0.0,996.0,196.127,4.17,1.63,3.29,4751.0,-0.07,-0.70483,0.75,0.71
Kepler-913 b,Kepler-913,10.29672521,0.1009,0.0,1129.0,58.9,3.08,2.06,4.9,4687.0,-0.52,-0.28163,0.63,0.61
Kepler-910 b,Kepler-910,2.364369015,0.03752,0.0,1752.0,2108.073,4.75,0.82,0.477,6230.0,0.12,0.49442,1.26,1.5
Kepler-847 b,Kepler-847,2.343231895,0.0315,0.0,1054.0,292.31,5.89,1.18,1.76,4940.0,0.15,-0.5065,0.83,0.77
Kepler-846 b,Kepler-846,19.80792185,0.1399,0.0,624.0,35.276,2.42,2.48,6.71,5579.0,0.0,-0.21715,0.94,0.91
Kepler-795 b,Kepler-795,29.6193421,0.1803,0.0,580.0,28.9,4.01,1.68,3.46,5631.0,-0.02,-0.02178,0.94,0.96
Kepler-794 b,Kepler-794,11.13125132,0.10036,0.0,952.0,299.97,2.98,2.11,5.1,5839.0,0.34,0.50637,1.19,1.38
Kepler-865 b,Kepler-865,14.16399294,0.1057,0.0,694.0,46.362,2.41,2.49,6.76,5570.0,-0.01,-0.29754,0.93,0.92
Kepler-909 b,Kepler-909,13.93290318,0.11873,0.0,852.0,127.24,4.77,1.47,2.76,6154.0,0.08,0.273,1.17,1.23
Kepler-916 b,Kepler-916,32.2968798,0.1885,0.0,503.0,14.683,3.78,1.76,3.75,5248.0,-0.05,-0.27846,0.85,0.81
Kepler-845 b,Kepler-845,0.927859821,0.01668,0.0,1361.0,772.498,3.12,2.04,4.82,4913.0,0.01,-0.60474,0.79,0.75
Kepler-844 b,Kepler-844,2.613020856,0.0298,0.0,713.0,89.652,4.01,1.68,3.46,4128.0,-0.24,-0.92083,0.59,0.57
Kepler-792 b,Kepler-792,11.30119217,0.0988,0.0,852.0,176.032,3.28,1.96,4.5,5971.0,0.08,0.27379,1.09,1.12
Kepler-791 b,Kepler-791,14.5539759,0.1256,0.0,939.0,140.057,1.85,3.05,9.53,6383.0,0.06,0.40273,1.3,1.47
Kepler-862 b,Kepler-862,3.148664534,0.039,0.0,1097.0,547.293,2.81,2.21,5.52,5333.0,0.04,-0.10252,0.88,0.84
Kepler-861 b,Kepler-861,3.949631375,0.0463,0.0,966.0,197.29,2.7,2.28,5.82,5047.0,0.01,-0.42701,0.82,0.78
Kepler-930 b,Kepler-930,71.4517775,0.34593,0.0,561.0,16.851,2.95,2.13,5.18,6335.0,0.04,0.37758,1.25,1.4
Kepler-842 b,Kepler-842,1.21956827,0.0204,0.0,1252.0,588.95,4.28,1.6,3.19,4848.0,-0.02,-0.61238,0.78,0.73
Kepler-841 b,Kepler-841,124.4198398,0.479,0.0,416.0,1.648,0.914,5.23,23.8,5324.0,-0.09,-0.36224,0.85,0.81
Kepler-790 b,Kepler-790,13.73469807,0.101,0.0,634.0,38.274,2.86,2.18,5.39,5208.0,-0.05,-0.42384,0.84,0.8
Kepler-788 b,Kepler-788,8.39846269,0.0835,0.0,984.0,357.191,2.33,2.55,7.04,6159.0,0.05,0.33615,1.16,1.23
Kepler-860 b,Kepler-860,5.101379454,0.058,0.0,1050.0,233.621,1.71,3.24,10.6,5836.0,0.09,-0.15726,1.04,1.06
Kepler-924 b,Kepler-924,61.0370117,0.31318,0.0,610.0,19.997,1.83,3.07,9.64,6167.0,0.01,0.31382,1.14,1.23
Kepler-923 b,Kepler-923,6.93366476,0.07592,0.0,1104.0,390.636,5.19,1.38,2.48,5988.0,0.07,0.3325,1.11,1.26
Kepler-838 b,Kepler-838,15.74957994,0.1266,0.0,777.0,61.089,2.13,2.73,7.9,5770.0,-0.06,-0.09867,0.98,0.96
Kepler-837 b,Kepler-837,16.56059504,0.1144,0.0,701.0,55.966,2.32,2.56,7.08,5403.0,-0.18,-0.27122,0.85,0.81
Kepler-787 b,Kepler-787,0.928310498,0.0159,0.0,1115.0,493.553,5.71,1.28,2.18,4248.0,-0.09,-0.89537,0.65,0.62
Kepler-465 b,Kepler-465,9.940672466,0.09195,0.0,996.0,227.82,1.93,2.95,9.01,6310.0,0.09,0.33805,1.23,1.29
Kepler-856 b,Kepler-856,8.027680595,0.0787,0.0,824.0,153.497,0.432,9.3,63.3,5535.0,0.12,-0.02166,0.96,0.93
Kepler-890 b,Kepler-890,52.75875577,0.2944,0.0,540.0,30.227,0.458,8.89,58.6,5954.0,0.09,0.32651,1.09,1.13
Kepler-927 b,Kepler-927,9.1149903,0.0866,0.0,906.0,129.534,3.9,1.72,3.61,5743.0,0.03,-0.08583,0.99,0.99
Kepler-926 b,Kepler-926,52.0688601,0.2739,0.0,524.0,17.883,2.65,2.31,5.95,5806.0,0.03,0.17281,1.01,1.01
Kepler-892 b,Kepler-892,13.7521072,0.1015,0.0,556.0,18.196,2.06,2.81,8.3,4747.0,-0.04,-0.73492,0.75,0.72
Kepler-933 b,Kepler-933,14.20443009,0.1041,0.0,602.0,61.323,2.44,2.46,6.62,5346.0,-0.02,-0.21081,0.87,0.84
Kepler-826 b,Kepler-826,4.48758907,0.05202,0.0,1305.0,827.221,5.91,1.25,2.1,6079.0,-0.12,0.34865,1.05,1.15
Kepler-830 b,Kepler-830,11.29695137,0.1033,0.0,907.0,160.18,3.95,1.7,3.53,6037.0,-0.02,0.169,1.07,1.11
Kepler-829 b,Kepler-829,6.88337562,0.0678,0.0,857.0,247.47,2.98,2.11,5.1,5698.0,0.03,0.04004,0.98,0.97
Kepler-895 b,Kepler-895,2.806242328,0.0328,0.0,771.0,106.585,4.5,1.54,2.99,4315.0,-0.16,-0.85369,0.65,0.61
Kepler-743 b,Kepler-743,3.179262921,0.04166,0.0,1101.0,397.252,5.96,1.21,1.92,5486.0,0.01,-0.17633,0.94,0.85
Kepler-823 b,Kepler-823,4.16809082,0.0507,0.0,1277.0,803.353,4.39,1.57,3.09,5643.0,0.06,0.33549,0.98,0.96
Kepler-487 c,Kepler-487,38.6519976,0.21864,0.0,487.0,15.038,2.18,2.68,7.65,5444.0,0.0,-0.17269,0.91,0.88
Kepler-898 b,Kepler-898,5.8706191,0.0545,0.0,616.0,37.11,4.7,1.49,2.83,4223.0,-0.06,-0.87506,0.65,0.62
Kepler-899 b,Kepler-899,19.17891293,0.1392,0.0,640.0,62.198,2.18,2.68,7.65,5595.0,-0.06,0.04831,0.93,0.91
Kepler-747 b,Kepler-747,35.61760587,0.1916,0.0,456.0,10.19,0.905,5.27,24.1,5096.0,-0.03,-0.432,0.82,0.78
Kepler-821 b,Kepler-821,1.92279873,0.029,0.0,1215.0,496.82,5.55,1.31,2.27,5191.0,-0.03,-0.36439,0.84,0.8
Kepler-498 b,Kepler-498,9.61375356,0.0897,0.0,931.0,202.775,1.86,3.03,9.43,5744.0,-0.04,0.17242,0.98,0.96
Kepler-887 b,Kepler-887,20.42228798,0.15431,0.0,785.0,109.842,3.56,1.84,4.04,6194.0,0.08,0.44617,1.19,1.29
Kepler-901 b,Kepler-901,3.517494394,0.0378,0.0,704.0,68.723,5.24,1.37,2.45,4184.0,-0.3,-0.98404,0.59,0.57
Kepler-900 b,Kepler-900,6.9913086,0.0679,0.0,716.0,54.109,3.04,2.08,4.98,4836.0,-0.01,-0.6084,0.78,0.73
Kepler-751 b,Kepler-751,17.44490636,0.1263,0.0,679.0,39.01,2.44,2.46,6.62,5387.0,-0.06,-0.26401,0.87,0.84
Kepler-755 b,Kepler-755,1.269090374,0.02156,0.0,1331.0,889.888,3.78,1.76,3.75,5043.0,-0.01,-0.45664,0.82,0.77
Kepler-820 b,Kepler-820,127.8338098,0.56004,0.0,554.0,16.228,0.749,6.09,30.8,6260.0,0.09,0.6895,1.23,1.36
Kepler-817 b,Kepler-817,3.990106229,0.0493,0.0,1124.0,550.203,0.449,9.03,60.2,5861.0,0.02,0.08609,1.03,1.03
Kepler-886 b,Kepler-886,6.24146367,0.06428,0.0,1111.0,231.432,4.57,1.52,2.92,6098.0,-0.01,0.04165,1.1,1.16
Kepler-885 b,Kepler-885,18.11472949,0.14403,0.0,830.0,124.646,2.39,2.5,6.8,6187.0,0.11,0.41686,1.21,1.35
Kepler-904 b,Kepler-904,3.021668632,0.0417,0.0,1332.0,875.419,3.75,1.77,3.78,6160.0,0.05,0.15444,1.16,1.25
Kepler-905 b,Kepler-905,5.082746517,0.05689,0.0,928.0,185.771,5.04,1.41,2.57,5461.0,0.09,-0.21507,0.95,0.86
Kepler-756 b,Kepler-756,1.224866322,0.0219,0.0,1741.0,2174.33,5.71,1.12,1.46,5282.0,-0.19,-0.358,0.82,0.79
Kepler-757 b,Kepler-757,1.022678821,0.019,0.0,1734.0,3345.453,5.29,1.36,2.42,6014.0,0.02,0.16044,1.08,1.13
Kepler-815 b,Kepler-815,8.57503552,0.09473,0.0,1374.0,979.136,1.25,4.11,15.8,5028.0,-0.03,0.85698,1.25,3.42
Kepler-852 b,Kepler-852,44.9309804,0.27967,0.0,565.0,92.131,2.34,2.54,6.99,6100.0,0.22,0.827,1.19,1.16
Kepler-883 b,Kepler-883,12.98495573,0.10288,0.0,818.0,163.052,3.72,1.78,3.82,6116.0,-0.13,0.29567,1.06,1.09
Kepler-509 b,Kepler-509,41.74600392,0.23702,0.0,584.0,28.481,2.41,2.49,6.76,6060.0,0.01,0.23291,1.1,1.2
Kepler-466 c,Kepler-466,3.709213846,0.04658,0.0,1206.0,410.4,5.91,1.25,2.1,5927.0,-0.01,-0.06719,1.04,1.05
Kepler-502 b,Kepler-502,4.28686431,0.0535,0.0,1217.0,859.509,1.03,4.77,20.4,6125.0,0.05,0.34908,1.15,1.22
Kepler-758 b,Kepler-758,12.1097104,0.10754,0.0,1005.0,349.193,2.42,2.48,6.71,6228.0,-0.1,0.56281,1.16,1.42
Kepler-813 b,Kepler-813,19.12947337,0.1439,0.0,817.0,56.04,2.93,2.14,5.22,5743.0,-0.13,-0.0712,0.95,0.93
Kepler-811 b,Kepler-811,23.58447697,0.15911,0.0,730.0,78.59,2.16,2.7,7.75,5747.0,0.05,0.32275,1.01,1.24
Kepler-882 b,Kepler-882,3.989539666,0.04741,0.0,903.0,259.029,6.02,1.23,2.04,5476.0,-0.03,-0.27313,0.9,0.87
Kepler-880 b,Kepler-880,7.71468975,0.0915,0.0,1622.0,586.169,2.21,2.66,7.56,6761.0,0.03,0.66603,1.46,1.74
Kepler-474 b,Kepler-474,5.660672935,0.06092,0.0,1115.0,671.064,1.84,3.06,9.59,5785.0,-0.01,0.41682,0.99,1.08
Kepler-760 b,Kepler-760,8.70419416,0.08087,0.0,748.0,84.406,1.84,3.06,9.59,5322.0,0.08,-0.27997,0.89,0.85
Kepler-810 b,Kepler-810,4.59725385,0.055,0.0,1105.0,350.597,3.35,1.93,4.38,5803.0,0.1,-0.03156,1.03,1.04
Kepler-809 b,Kepler-809,55.63934,0.2901,0.0,478.0,13.155,1.88,3.01,9.32,5734.0,0.04,0.00145,0.99,0.98
Kepler-877 b,Kepler-877,18.45847097,0.1301,0.0,632.0,37.81,2.96,2.12,5.14,5261.0,-0.06,-0.343,0.85,0.81
Kepler-750 c,Kepler-750,4.08899022,0.05009,0.0,1537.0,778.592,4.21,1.62,3.26,6160.0,0.03,0.34371,1.15,1.23
Kepler-255 d,Kepler-255,1.045622658,0.0192,0.0,1710.0,1686.09,5.5,1.32,2.3,5431.0,0.02,-0.18311,0.9,0.86
Kepler-775 b,Kepler-775,0.974868926,0.01834,0.0,1612.0,1496.75,5.9,1.19,1.81,5468.0,-0.04,-0.26699,0.92,0.84
Kepler-500 b,Kepler-500,8.508324398,0.08361,0.0,909.0,193.68,2.3,2.58,7.18,5813.0,0.03,0.11615,1.02,1.03
Kepler-808 b,Kepler-808,0.631332353,0.01314,0.0,1322.0,1428.3,4.82,1.46,2.73,4653.0,0.05,-0.6837,0.76,0.71
Kepler-875 b,Kepler-875,27.5073799,0.1771,0.0,569.0,41.431,1.97,2.9,8.75,5958.0,0.03,0.13542,1.06,1.11
Kepler-732 c,Kepler-732,0.893041236,0.0143,0.0,893.0,199.846,5.77,1.27,2.15,3631.0,-0.01,-1.375,0.49,0.46
Kepler-777 b,Kepler-777,5.72812599,0.0519,0.0,569.0,33.953,4.77,1.47,2.76,4043.0,-0.17,-0.96766,0.58,0.56
Kepler-779 b,Kepler-779,7.09714223,0.0533,0.0,425.0,15.028,5.09,0.92,0.721,3804.0,-0.43,-1.2339,0.46,0.44
Kepler-804 b,Kepler-804,14.37457351,0.11287,0.0,779.0,83.427,3.33,1.94,4.42,5817.0,0.0,0.04956,1.01,1.05
Kepler-803 b,Kepler-803,50.28638192,0.26721,0.0,543.0,20.882,1.39,3.79,13.8,5919.0,0.02,0.24057,1.05,1.12
Kepler-1049 b,Kepler-1049,3.273460736,0.0349,0.0,625.0,50.427,5.18,0.95,0.809,3864.0,-0.33,-1.13956,0.51,0.49
Kepler-969 b,Kepler-969,34.1731714,0.19726,0.0,465.0,10.166,3.06,2.07,4.94,5214.0,0.22,-0.38876,0.92,0.82
Kepler-1137 b,Kepler-1137,23.9210791,0.1871,0.0,1020.0,197.846,2.83,2.2,5.48,6807.0,0.05,0.75429,1.5,1.84
Kepler-975 b,Kepler-975,1.970342457,0.02898,0.0,1599.0,328.698,4.73,1.48,2.79,4897.0,0.07,-0.51184,0.8,0.75
Kepler-995 b,Kepler-995,28.26731672,0.1701,0.0,517.0,11.92,2.16,2.7,7.75,5206.0,-0.07,-0.41918,0.83,0.8
Kepler-1054 b,Kepler-1054,4.30655689,0.05542,0.0,1177.0,760.524,2.24,2.63,7.41,6209.0,0.09,0.36867,1.22,1.34
Kepler-1033 b,Kepler-1033,7.56052806,0.0761,0.0,914.0,159.422,2.38,2.51,6.85,5547.0,0.06,-0.12579,0.94,0.92
Kepler-1040 b,Kepler-1040,201.1214,0.67249,0.0,300.0,2.121,3.04,2.08,4.98,5694.0,0.01,-0.04375,0.98,0.96
Kepler-1138 b,Kepler-1138,3.17060005,0.0415,0.0,1080.0,245.904,3.95,1.7,3.53,5582.0,0.04,-0.33299,0.95,0.92
Kepler-1139 b,Kepler-1139,0.813166719,0.01664,0.0,1693.0,1717.276,5.9,1.19,1.81,5550.0,0.05,-0.30419,0.94,0.91
Kepler-1060 b,Kepler-1060,46.8779367,0.2495,0.0,484.0,17.416,2.55,2.38,6.26,5797.0,-0.03,0.07184,0.99,0.99
Kepler-1003 b,Kepler-1003,3.554856915,0.04333,0.0,1157.0,814.925,3.72,1.78,3.82,6109.0,0.01,0.28151,1.11,1.17
Kepler-1055 b,Kepler-1055,2.295036233,0.0335,0.0,1304.0,647.256,6.02,1.23,2.04,5723.0,-0.02,-0.14818,0.98,0.94
Kepler-998 b,Kepler-998,5.65377733,0.0626,0.0,1020.0,409.917,2.64,2.32,5.99,6058.0,0.07,0.1929,1.12,1.18
Kepler-1017 b,Kepler-1017,7.23400469,0.07196,0.0,831.0,119.603,3.22,1.99,4.62,5473.0,0.04,-0.16138,0.93,0.87
Kepler-974 b,Kepler-974,4.194496514,0.0419,0.0,577.0,28.511,4.39,1.57,3.09,3687.0,0.07,-1.35426,0.52,0.5
Kepler-1045 b,Kepler-1045,26.41045478,0.1616,0.0,512.0,19.127,2.17,2.69,7.7,5301.0,-0.03,-0.33356,0.86,0.82
Kepler-980 b,Kepler-980,11.55102504,0.09993,0.0,845.0,170.137,2.2,2.67,7.61,5935.0,0.01,0.2618,1.05,1.06
Kepler-991 b,Kepler-991,82.5342519,0.3104,0.0,260.0,1.371,2.34,2.54,6.99,4392.0,-0.25,-0.83074,0.64,0.61
Kepler-1072 b,Kepler-1072,1.569066502,0.02742,0.0,1849.0,2944.0,4.35,1.58,3.12,6199.0,0.07,0.36531,1.2,1.32
Kepler-1018 b,Kepler-1018,49.1013514,0.253,0.0,498.0,12.098,2.3,2.58,7.18,5518.0,-0.05,-0.08221,0.91,0.88
Kepler-1004 b,Kepler-1004,5.28789787,0.06791,0.0,1661.0,1610.087,0.721,6.28,32.5,4972.0,-0.04,0.71341,1.11,3.39
Kepler-997 b,Kepler-997,2.707306716,0.04022,0.0,1709.0,1900.131,5.29,1.36,2.42,6150.0,0.05,0.49569,1.22,1.56
Kepler-1151 b,Kepler-1151,65.6478424,0.3197,0.0,485.0,4.86,2.79,2.22,5.56,5470.0,-0.11,-0.34196,0.88,0.85
Kepler-1064 b,Kepler-1064,16.54080322,0.1183,0.0,570.0,24.87,4.46,1.55,3.02,5153.0,0.0,-0.401,0.85,0.79
Kepler-971 b,Kepler-971,9.59070716,0.08679,0.0,1087.0,82.766,2.95,2.13,5.18,5431.0,-0.06,-0.29873,0.88,0.85
Kepler-1051 b,Kepler-1051,25.96200249,0.18395,0.0,850.0,87.457,1.61,3.4,11.5,6675.0,0.04,0.52413,1.43,1.73
Kepler-1007 b,Kepler-1007,5.185002073,0.048,0.0,652.0,42.62,4.91,1.44,2.67,4587.0,0.03,-0.56838,0.73,0.7
Kepler-968 b,Kepler-968,3.692983728,0.0389,0.0,745.0,103.909,3.2,2.0,4.66,4598.0,0.13,-0.7626,0.76,0.7
Kepler-1145 b,Kepler-1145,3.97076766,0.0443,0.0,958.0,198.43,5.09,1.4,2.54,5064.0,-0.13,-0.49839,0.79,0.75
Kepler-1147 b,Kepler-1147,10.62784997,0.0961,0.0,872.0,206.563,2.26,2.61,7.32,5941.0,0.11,0.23534,1.09,1.14
Kepler-1029 b,Kepler-1029,4.417696479,0.047,0.0,790.0,92.16,5.85,1.26,2.13,5030.0,0.01,-0.61975,0.82,0.77
Kepler-996 b,Kepler-996,3.770590584,0.0474,0.0,1272.0,723.081,3.24,1.98,4.58,6014.0,0.03,0.24247,1.09,1.14
Kepler-966 b,Kepler-966,99.747622,0.3907,0.0,391.0,10.972,1.25,4.13,16.0,5840.0,0.04,0.23291,1.02,1.02
Kepler-1047 b,Kepler-1047,56.1886887,0.29871,0.0,503.0,28.851,3.02,2.09,5.02,5754.0,0.29,0.42359,1.08,1.13
Kepler-1149 b,Kepler-1149,3.73089898,0.0473,0.0,1128.0,653.831,4.91,1.44,2.67,5833.0,0.02,0.16546,1.02,1.01
Kepler-1148 b,Kepler-1148,1.104463509,0.0188,0.0,1397.0,815.407,3.98,1.69,3.5,5054.0,-0.02,-0.53105,0.81,0.77
Kepler-1057 b,Kepler-1057,14.08827448,0.1138,0.0,724.0,69.213,1.62,3.36,11.2,5987.0,0.01,-0.0058,1.07,1.1
Kepler-1059 b,Kepler-1059,3.764191048,0.044,0.0,908.0,174.074,3.86,1.73,3.64,4906.0,-0.15,-0.52036,0.75,0.72
Kepler-965 b,Kepler-965,134.2527298,0.50998,0.0,393.0,4.98,1.62,3.38,11.4,5886.0,0.03,0.14794,1.05,1.15
Kepler-999 b,Kepler-999,5.991857017,0.06918,0.0,1355.0,740.173,2.61,2.34,6.08,6237.0,0.05,0.5381,1.29,1.65
Kepler-1112 b,Kepler-1112,14.36267939,0.1239,0.0,918.0,254.963,1.87,3.02,9.38,6496.0,0.04,0.54224,1.34,1.54
Kepler-952 b,Kepler-952,130.3546919,0.5183,0.0,369.0,5.046,0.557,7.65,45.4,5730.0,0.06,0.09668,1.0,0.99
Kepler-479 b,Kepler-479,12.49341307,0.09636,0.0,649.0,37.753,2.96,2.12,5.14,5247.0,-0.02,-0.40903,0.86,0.81
Kepler-934 b,Kepler-934,55.6738309,0.2658,0.0,384.0,4.716,3.02,2.09,5.02,5001.0,0.01,-0.47799,0.81,0.77
Kepler-977 b,Kepler-977,26.85328322,0.162,0.0,544.0,13.955,2.25,2.62,7.37,5315.0,-0.01,-0.47627,0.87,0.83
Kepler-1021 b,Kepler-1021,13.47469571,0.1034,0.0,634.0,50.37,2.62,2.33,6.04,5431.0,-0.05,-0.28836,0.89,0.86
Kepler-979 b,Kepler-979,8.0880135,0.0753,0.0,792.0,77.841,2.14,2.72,7.85,5310.0,-0.02,-0.31956,0.87,0.83
Kepler-982 b,Kepler-982,15.7738221,0.1277,0.0,955.0,185.203,2.74,2.25,5.69,6139.0,0.05,0.51095,1.16,1.29
Kepler-936 b,Kepler-936,10.56134221,0.0954,0.0,867.0,133.56,4.87,1.45,2.7,5482.0,0.05,-0.19,0.92,0.89
Kepler-938 b,Kepler-938,52.6298417,0.2689,0.0,544.0,8.57,2.79,2.22,5.56,5533.0,-0.03,-0.174,0.92,0.89
Kepler-1006 b,Kepler-1006,19.76172042,0.1464,0.0,791.0,153.493,4.5,1.54,2.99,5328.0,-0.4,-0.4,0.78,0.74
Kepler-1009 b,Kepler-1009,11.35011917,0.0796,0.0,403.0,11.561,2.88,2.17,5.35,4027.0,-0.12,-0.98735,0.59,0.57
Kepler-976 b,Kepler-976,105.9564148,0.4217,0.0,324.0,2.661,1.32,3.96,14.9,5232.0,0.07,-0.35971,0.87,0.83
Kepler-1052 b,Kepler-1052,34.8538276,0.20988,0.0,522.0,20.976,1.95,2.93,8.91,5888.0,0.0,-0.04685,1.03,1.03
Kepler-1120 b,Kepler-1120,2.949029052,0.0369,0.0,1027.0,206.874,5.19,1.38,2.48,4904.0,-0.04,-0.58813,0.78,0.74
Kepler-1123 b,Kepler-1123,4.33946454,0.0497,0.0,1061.0,190.016,4.05,1.67,3.43,5500.0,0.05,-0.29455,0.93,0.9
Kepler-940 b,Kepler-940,59.6225257,0.3059,0.0,486.0,10.519,1.64,3.34,11.1,5769.0,-0.08,-0.05668,0.97,0.96
Kepler-1035 b,Kepler-1035,2.714077555,0.03883,0.0,1301.0,1180.064,5.87,1.17,1.71,5763.0,-0.03,0.209,0.98,0.97
Kepler-1027 b,Kepler-1027,1.907805199,0.02911,0.0,1268.0,1162.51,4.99,0.89,0.64,5436.0,-0.06,0.01051,0.91,0.82
Kepler-986 b,Kepler-986,56.4349938,0.29131,0.0,465.0,10.857,2.58,2.36,6.17,5642.0,0.04,-0.04683,0.96,0.98
Kepler-1011 b,Kepler-1011,5.753221974,0.0633,0.0,920.0,108.788,2.0,2.87,8.6,5416.0,0.08,-0.37597,0.91,0.88
Kepler-1068 b,Kepler-1068,16.92344113,0.13038,0.0,702.0,55.933,1.47,3.63,12.8,5806.0,0.03,-0.02521,1.01,1.01
Kepler-917 b,Kepler-917,2.970414375,0.0378,0.0,991.0,228.11,3.4,1.91,4.31,5418.0,-0.38,0.76372,0.8,0.76
Kepler-918 b,Kepler-918,4.85386933,0.0569,0.0,1052.0,258.702,3.84,1.74,3.68,6028.0,0.06,-0.01801,1.11,1.14
Kepler-978 b,Kepler-978,49.6221509,0.2726,0.0,546.0,20.99,1.9,2.99,9.22,6002.0,-0.01,0.143,1.07,1.09
Kepler-1002 b,Kepler-1002,4.336429331,0.0564,0.0,1453.0,981.68,3.92,1.71,3.57,6144.0,0.04,0.501,1.22,1.57
Kepler-1128 b,Kepler-1128,61.6178167,0.302,0.0,424.0,6.451,1.46,3.65,12.9,5543.0,0.04,-0.19585,0.94,0.91
Kepler-920 b,Kepler-920,6.53192704,0.065,0.0,907.0,153.138,2.5,2.42,6.44,5403.0,0.0,-0.18293,0.89,0.85
Kepler-919 b,Kepler-919,11.04603384,0.0981,0.0,869.0,153.915,2.74,2.25,5.69,6113.0,0.07,0.16662,1.15,1.21
Kepler-921 b,Kepler-921,51.300634,0.2716,0.0,492.0,15.007,2.0,2.87,8.6,5663.0,-0.12,-0.0296,0.93,0.91
Kepler-1015 b,Kepler-1015,16.00494214,0.1345,0.0,1040.0,172.112,1.51,3.55,12.3,6769.0,0.06,0.55886,1.49,1.81
Kepler-1005 b,Kepler-1005,6.49801525,0.06717,0.0,1026.0,301.329,4.66,1.5,2.86,5782.0,0.02,0.1356,1.0,1.06
Kepler-972 b,Kepler-972,7.03932553,0.0734,0.0,1060.0,266.514,1.07,4.65,19.5,6146.0,0.04,0.19129,1.15,1.22
Kepler-1130 b,Kepler-1130,5.45298175,0.05963,0.0,904.0,162.65,4.69,0.8,0.437,5403.0,-0.06,-0.25964,0.9,0.81
Kepler-1131 b,Kepler-1131,3.53232449,0.0459,0.0,1159.0,453.142,4.31,1.59,3.15,5851.0,0.05,-0.02783,1.03,1.04
Kepler-1025 b,Kepler-1025,37.3229493,0.21607,0.0,1654.0,17.952,3.24,1.98,4.58,6089.0,-0.03,0.28708,1.09,1.13
Kepler-497 b,Kepler-497,3.573203671,0.0457,0.0,1210.0,1129.272,0.758,6.04,30.4,5834.0,0.24,0.25216,1.09,1.11
Kepler-994 b,Kepler-994,1.151166506,0.0177,0.0,957.0,243.984,4.28,1.6,3.19,3934.0,-0.13,-1.13919,0.56,0.54
Kepler-1132 b,Kepler-1132,62.8916228,0.2881,0.0,384.0,4.547,2.59,2.35,6.12,5298.0,-0.01,-0.37811,0.87,0.83
Kepler-1069 b,Kepler-1069,23.8990296,0.16587,0.0,823.0,78.175,4.28,1.6,3.19,5722.0,0.04,0.37196,0.99,0.98
Kepler-1034 b,Kepler-1034,12.12400943,0.0965,0.0,675.0,36.787,2.73,2.26,5.73,5198.0,-0.06,-0.43881,0.83,0.8
Kepler-944 b,Kepler-944,43.3167737,0.2288,0.0,459.0,20.174,2.24,2.63,7.41,5409.0,-0.11,-0.07777,0.86,0.83
Kepler-942 b,Kepler-942,44.96417488,0.22737,0.0,379.0,4.957,2.95,2.13,5.18,4861.0,0.09,-0.58453,0.81,0.75
Kepler-946 b,Kepler-946,11.79162572,0.1002,0.0,857.0,124.072,3.35,1.93,4.38,5665.0,-0.09,0.13422,0.94,0.93
HD 50554 c,HD 50554,5.969362,0.0652,0.0,1090.83,334.6171,,1.31,5.3,5968.0,-0.02,0.17543,1.04,1.146
Kepler-992 b,Kepler-992,20.16034462,0.13372,0.0,510.0,15.291,4.21,1.62,3.26,4944.0,-0.04,-0.56959,0.8,0.74
Kepler-1134 b,Kepler-1134,17.13263989,0.1242,0.0,611.0,29.864,2.23,2.64,7.46,5281.0,-0.1,-0.39721,0.84,0.81
Kepler-1135 b,Kepler-1135,76.957857,0.3436,0.0,451.0,25.76,3.54,1.85,4.08,5656.0,0.02,0.43703,0.96,0.94
Kepler-951 b,Kepler-951,71.52530845,0.3091,0.0,340.0,2.472,0.84,5.59,26.7,4834.0,-0.01,-0.64183,0.77,0.73
Kepler-967 b,Kepler-967,13.22713379,0.1027,0.0,638.0,39.1,2.59,2.35,6.12,5178.0,-0.03,-0.71759,0.84,0.8
Kepler-1013 b,Kepler-1013,18.93054959,0.137,0.0,766.0,16.101,2.91,2.15,5.27,4954.0,0.04,-0.53079,0.81,0.76
Kepler-1233 b,Kepler-1233,45.1263042,0.263,0.0,604.0,30.061,2.27,2.6,7.27,6198.0,0.02,0.22091,1.16,1.25
Kepler-1234 b,Kepler-1234,11.94014029,0.096,0.0,625.0,40.12,2.06,2.81,8.3,4967.0,0.01,-0.45387,0.8,0.76
Kepler-523 b,Kepler-523,5.835983111,0.06159,0.0,884.0,149.135,3.28,1.96,4.5,5515.0,-0.03,-0.27953,0.93,0.86
Gl 725 B c,Gl 725 B,37.9,0.139,,215.0,0.4742,4.08,1.66,3.4,3379.0,-0.28,-2.038,0.25,0.28
Kepler-1180 b,Kepler-1180,16.8601286,0.1246,0.0,765.0,175.855,3.22,1.99,4.62,6077.0,0.0,0.41746,1.09,1.14
Kepler-1181 b,Kepler-1181,4.89337519,0.0621,0.0,1374.0,831.143,4.39,1.57,3.09,6176.0,0.03,0.47243,1.17,1.3
Kepler-1189 b,Kepler-1189,3.78858982,0.0467,0.0,1158.0,449.936,3.75,1.77,3.78,6012.0,0.08,0.04086,1.11,1.16
Kepler-1236 b,Kepler-1236,31.0571618,0.1803,0.0,480.0,13.571,2.93,2.14,5.22,5337.0,-0.09,-0.37915,0.86,0.82
Kepler-1235 b,Kepler-1235,4.16055856,0.04836,0.0,985.0,265.325,4.66,0.79,0.418,5541.0,0.01,-0.15625,0.93,0.9
Kepler-518 b,Kepler-518,8.512035877,0.07996,0.0,839.0,133.317,2.98,2.11,5.1,5842.0,-0.23,-0.04002,0.96,0.88
Kepler-1276 b,Kepler-1276,12.5720095,0.10863,0.0,886.0,139.77,5.9,1.19,1.81,6188.0,-0.02,0.2204,1.14,1.21
Kepler-1277 b,Kepler-1277,40.8365012,0.21857,0.0,496.0,12.11,4.28,1.6,3.19,5578.0,-0.01,-0.19906,0.94,0.92
Kepler-1182 b,Kepler-1182,11.17394617,0.0981,0.0,796.0,197.882,2.51,2.41,6.39,5924.0,0.01,0.25605,1.04,1.05
Kepler-549 b,Kepler-549,42.9495649,0.23236,0.0,487.0,9.549,1.9,2.57,11.0,5360.0,-0.03,-0.30618,0.88,0.84
Kepler-1237 b,Kepler-1237,84.5733226,0.3778,0.0,366.0,4.042,2.01,2.86,8.55,5472.0,0.12,-0.25798,0.94,0.9
Kepler-1279 b,Kepler-1279,23.4774101,0.1785,0.0,738.0,190.851,3.8,1.75,3.71,6221.0,0.06,0.69281,1.21,1.33
Kepler-1280 b,Kepler-1280,66.5579057,0.33982,0.0,757.0,35.293,3.5,1.87,4.16,6227.0,0.04,0.6788,1.2,1.32
Kepler-1076 b,Kepler-1076,6.14727918,0.0611,0.0,770.0,83.18,4.69,0.8,0.437,4868.0,-0.01,-0.557,0.79,0.74
Kepler-1077 b,Kepler-1077,34.3511874,0.2101,0.0,576.0,26.928,2.09,2.77,8.1,5816.0,0.03,0.00638,1.02,1.02
Kepler-1193 b,Kepler-1193,2.832652134,0.04004,0.0,1453.0,1286.386,5.5,1.32,2.3,5908.0,0.12,0.35069,1.08,1.21
Kepler-1194 b,Kepler-1194,16.22371307,0.1212,0.0,676.0,49.35,4.61,1.51,2.89,5590.0,0.0,-0.127,0.94,0.92
Kepler-1238 b,Kepler-1238,4.14787559,0.0541,0.0,1389.0,1195.201,3.35,1.93,4.38,6386.0,0.05,0.58441,1.3,1.48
Kepler-1282 b,Kepler-1282,2.131946513,0.0335,0.0,1418.0,672.532,4.46,1.55,3.02,5504.0,0.01,-0.18287,0.92,0.89
Kepler-1078 b,Kepler-1078,3.00725242,0.0388,0.0,1122.0,373.99,3.42,1.9,4.27,5612.0,-0.01,0.50027,0.94,0.92
Kepler-1079 b,Kepler-1079,13.24503188,0.1092,0.0,887.0,195.353,4.17,1.63,3.29,5758.0,0.21,0.263,1.08,1.36
Kepler-1242 b,Kepler-1242,13.62798432,0.1039,0.0,639.0,28.998,2.73,2.26,5.73,4895.0,-0.05,-0.51639,0.77,0.74
Kepler-1243 b,Kepler-1243,16.8320729,0.1256,0.0,690.0,36.162,3.8,1.75,3.71,5667.0,0.01,-0.24358,0.96,0.94
Kepler-1081 b,Kepler-1081,3.856918547,0.04662,0.0,972.0,225.216,5.39,1.01,1.01,5345.0,0.01,-0.30601,0.88,0.84
Kepler-1199 b,Kepler-1199,15.0447198,0.11309,0.0,931.0,131.7,5.78,1.15,1.6,5889.0,-0.27,0.18707,0.94,1.17
Kepler-1202 b,Kepler-1202,28.6851324,0.179,0.0,547.0,23.876,1.94,2.94,8.96,5834.0,0.06,-0.13389,1.03,1.04
Kepler-519 b,Kepler-519,24.3078946,0.15932,0.0,532.0,19.87,3.0,2.1,5.06,5260.0,0.01,-0.33467,0.89,0.8
Kepler-1284 b,Kepler-1284,0.664073806,0.0143,0.0,1703.0,2190.082,5.96,1.21,1.92,5123.0,0.03,-0.39518,0.84,0.79
Kepler-1083 b,Kepler-1083,33.4177993,0.1899,0.0,448.0,10.148,1.62,3.36,11.2,5049.0,-0.02,-0.47303,0.81,0.77
Kepler-1203 b,Kepler-1203,0.588000765,0.0114,0.0,1188.0,723.806,5.54,1.06,1.2,4105.0,0.01,-0.85362,0.64,0.61
Kepler-1204 b,Kepler-1204,85.7350285,0.3877,0.0,448.0,7.021,1.85,3.05,9.53,5825.0,0.06,-0.05771,1.03,1.03
Kepler-1246 b,Kepler-1246,11.32271513,0.0848,0.0,554.0,26.451,5.29,1.36,2.42,4611.0,-0.03,-0.7266,0.73,0.69
Kepler-1289 b,Kepler-1289,7.99019627,0.0785,0.0,1113.0,223.442,4.57,1.52,2.92,6080.0,0.02,0.16032,1.1,1.17
Kepler-1087 b,Kepler-1087,0.693842855,0.01554,0.0,2161.0,3496.493,3.99,0.61,0.165,5589.0,0.01,-0.09746,0.96,0.94
Kepler-1086 b,Kepler-1086,18.78425728,0.1198,0.0,433.0,9.157,2.47,2.44,6.53,4350.0,0.06,-0.85997,0.7,0.66
Kepler-1088 b,Kepler-1088,23.12748644,0.16163,0.0,667.0,44.887,4.99,1.42,2.6,5975.0,0.05,0.09007,1.08,1.08
Kepler-1206 b,Kepler-1206,1.216997663,0.0201,0.0,1314.0,588.021,4.15,1.64,3.33,4877.0,0.07,-0.61957,0.8,0.75
Kepler-1205 b,Kepler-1205,1.078390352,0.0196,0.0,1667.0,1038.493,5.04,1.41,2.57,5226.0,-0.04,-0.41829,0.84,0.81
Kepler-1249 b,Kepler-1249,24.3347127,0.167,0.0,647.0,98.336,2.55,2.38,6.26,6202.0,0.06,0.42782,1.19,1.28
Kepler-1250 b,Kepler-1250,2.607543834,0.0393,0.0,1431.0,1866.193,3.38,1.92,4.35,5717.0,0.04,0.34255,0.99,0.98
Kepler-1293 b,Kepler-1293,5.57654784,0.06763,0.0,1183.0,929.122,5.24,0.97,0.871,6241.0,0.0,0.60386,1.18,1.28
Kepler-513 b,Kepler-513,28.86235584,0.1779,0.0,623.0,36.527,2.83,2.2,5.48,5849.0,-0.01,0.07874,1.02,1.06
Kepler-1092 b,Kepler-1092,58.6017925,0.2996,0.0,508.0,17.016,3.06,2.07,4.94,5862.0,-0.09,0.09586,0.99,1.0
Kepler-1209 b,Kepler-1209,25.369116,0.17515,0.0,755.0,63.246,4.61,1.51,2.89,6210.0,0.12,0.34256,1.23,1.38
Kepler-1252 b,Kepler-1252,15.0540329,0.1078,0.0,665.0,57.579,4.05,1.67,3.43,5949.0,0.03,-0.12958,1.06,1.09
Kepler-1253 b,Kepler-1253,68.8861915,0.31444,0.0,501.0,21.624,5.44,1.33,2.33,5850.0,-0.14,0.34479,0.97,1.1
Kepler-1156 b,Kepler-1156,11.89520511,0.09704,0.0,787.0,83.014,5.5,1.32,2.3,5778.0,0.02,-0.06802,1.0,1.0
Kepler-1155 b,Kepler-1155,33.469743,0.2006,0.0,609.0,32.52,3.14,2.03,4.78,5842.0,0.04,0.0472,1.03,1.03
Kepler-1093 b,Kepler-1093,25.0824626,0.17543,0.0,776.0,98.8,3.31,1.95,4.46,6166.0,-0.01,0.46038,1.13,1.2
Kepler-1094 b,Kepler-1094,78.1000231,0.3625,0.0,480.0,10.336,1.74,3.18,10.2,6112.0,0.06,0.17811,1.14,1.21
Kepler-1213 b,Kepler-1213,5.34982412,0.06026,0.0,1156.0,595.424,5.9,1.19,1.81,6050.0,0.13,0.39455,1.14,1.21
Kepler-1255 b,Kepler-1255,36.2919336,0.2226,0.0,694.0,39.671,2.64,2.32,5.99,6018.0,0.02,0.30726,1.08,1.12
Kepler-1256 b,Kepler-1256,12.4127754,0.10733,0.0,933.0,211.549,4.7,1.49,2.83,6129.0,0.05,0.42833,1.17,1.36
Kepler-1160 b,Kepler-1160,7.97034958,0.0755,0.0,839.0,93.308,2.93,2.14,5.22,5519.0,0.01,-0.34326,0.92,0.89
Kepler-1158 b,Kepler-1158,13.5396293,0.12643,0.0,1079.0,449.699,2.61,2.34,6.08,6203.0,0.18,0.84033,1.41,1.95
Kepler-1097 b,Kepler-1097,187.747029,0.5791,0.0,267.0,1.3,1.7,3.26,10.7,5211.0,-0.11,-0.40444,0.82,0.79
Kepler-1095 b,Kepler-1095,4.27103091,0.0514,0.0,1108.0,356.54,5.96,1.21,1.92,5658.0,-0.09,-0.09285,0.94,0.92
Kepler-1217 b,Kepler-1217,2.032325072,0.0326,0.0,1542.0,1302.948,3.22,1.99,4.62,5905.0,0.07,0.08509,1.06,1.08
Kepler-1216 b,Kepler-1216,4.37034536,0.0519,0.0,1191.0,415.553,5.14,1.39,2.51,5743.0,0.03,0.0729,0.99,0.98
Kepler-1257 b,Kepler-1257,2.668313762,0.0376,0.0,1252.0,546.908,4.57,1.52,2.92,5502.0,-0.09,-0.13622,0.9,0.87
Kepler-1260 b,Kepler-1260,19.1187753,0.1444,0.0,823.0,171.926,3.75,1.77,3.78,5961.0,0.01,0.52565,1.06,1.08
Kepler-1163 b,Kepler-1163,6.11786898,0.06868,0.0,1211.0,511.757,5.43,1.03,1.08,6302.0,0.02,0.39636,1.22,1.35
Kepler-1100 b,Kepler-1100,6.42200058,0.06745,0.0,1000.0,238.508,3.8,1.75,3.71,6247.0,0.05,0.08792,1.21,1.34
Kepler-1098 b,Kepler-1098,2.543072855,0.0358,0.0,1319.0,995.67,5.6,1.3,2.24,5794.0,-0.02,0.15655,0.99,0.99
Kepler-1261 b,Kepler-1261,48.4308991,0.239,0.0,396.0,4.744,2.73,2.26,5.73,5006.0,0.03,-0.5233,0.82,0.77
Kepler-1166 b,Kepler-1166,33.2406882,0.1975,0.0,486.0,14.188,3.98,1.69,3.5,5446.0,-0.02,-0.25594,0.9,0.86
Kepler-1167 b,Kepler-1167,1.003933739,0.0175,0.0,1419.0,1039.697,3.92,1.71,3.57,4971.0,-0.05,-0.53589,0.79,0.75
Kepler-1103 b,Kepler-1103,19.79191978,0.15336,0.0,736.0,160.282,2.71,2.27,5.77,6092.0,-0.01,0.52181,1.11,1.15
Kepler-1221 b,Kepler-1221,12.00096042,0.0906,0.0,632.0,37.81,3.47,1.88,4.19,5194.0,0.09,-0.355,0.87,0.82
Kepler-522 b,Kepler-522,38.58422849,0.25029,0.0,761.0,63.855,0.636,6.91,38.2,6392.0,0.41,0.65452,1.54,1.98
Kepler-1264 b,Kepler-1264,0.968526023,0.01839,0.0,1677.0,2367.804,5.89,1.18,1.76,5791.0,-0.02,-0.05475,0.99,0.98
Kepler-1169 b,Kepler-1169,6.11009134,0.06931,0.0,1125.0,348.046,5.15,0.94,0.779,6191.0,0.26,0.26202,1.24,1.23
Kepler-1168 b,Kepler-1168,55.8226539,0.2663,0.0,379.0,4.107,2.39,2.5,6.8,5157.0,0.13,-0.5302,0.87,0.82
Kepler-1106 b,Kepler-1106,1.252752174,0.0239,0.0,2199.0,2399.974,4.11,1.65,3.36,6104.0,0.0,0.15896,1.11,1.17
Kepler-1226 b,Kepler-1226,17.2923453,0.13945,0.0,809.0,140.376,4.87,1.45,2.7,5923.0,-0.08,0.35947,1.02,1.02
Kepler-1266 b,Kepler-1266,28.474748,0.16431,0.0,489.0,10.313,2.3,2.58,7.18,5044.0,-0.07,-0.52996,0.8,0.76
Kepler-1268 b,Kepler-1268,40.9903986,0.2383,0.0,627.0,40.652,3.14,2.03,4.78,5904.0,0.05,0.34483,1.06,1.09
Kepler-1171 b,Kepler-1171,1.44259224,0.0284,0.0,2700.0,10171.005,2.32,2.56,7.08,7044.0,-0.01,0.86922,1.58,1.95
Kepler-1172 b,Kepler-1172,26.0204423,0.168,0.0,675.0,26.356,1.73,3.2,10.3,5558.0,-0.04,-0.16073,0.92,0.89
Kepler-1109 b,Kepler-1109,37.6467384,0.2466,0.0,787.0,11.382,2.84,2.19,5.43,5893.0,0.04,-0.07583,1.05,1.06
Kepler-1110 b,Kepler-1110,9.69312032,0.0754,0.0,609.0,43.136,2.21,2.66,7.56,4781.0,-0.16,-0.63653,0.73,0.7
Kepler-1229 b,Kepler-1229,86.828989,0.3006,0.0,212.0,0.524,5.09,1.4,2.54,3784.0,-0.06,-1.533,0.54,0.51
Kepler-436 c,Kepler-436,16.79713874,0.11452,0.0,503.0,14.52,2.62,2.33,6.04,4685.0,0.02,-0.701,0.75,0.71
Kepler-1270 b,Kepler-1270,6.03356196,0.07045,0.0,1598.0,1217.395,1.65,3.32,11.0,5047.0,-0.02,0.71321,1.28,3.38
Kepler-804 c,Kepler-804,9.65185017,0.08654,0.0,890.0,141.839,5.75,1.14,1.55,5817.0,0.0,0.04956,1.01,1.05
Kepler-1230 b,Kepler-1230,9.95661537,0.0921,0.0,946.0,153.933,2.15,2.71,7.8,5961.0,0.01,0.09626,1.06,1.08
Kepler-1271 b,Kepler-1271,3.0255955,0.04233,0.0,1484.0,975.181,4.73,1.48,2.79,6143.0,-0.01,0.21871,1.13,1.23
Kepler-1273 b,Kepler-1273,28.625653,0.1857,0.0,573.0,14.877,2.41,2.49,6.76,5566.0,0.03,-0.3054,0.94,0.91
Kepler-1177 b,Kepler-1177,106.247547,0.4301,0.0,377.0,11.862,3.42,1.9,4.27,5712.0,0.02,0.34212,0.98,0.97
Kepler-1179 b,Kepler-1179,2.685057492,0.03497,0.0,1137.0,288.57,5.5,1.32,2.3,5212.0,-0.03,-0.44424,0.84,0.81
Kepler-1152 b,Kepler-1152,1.646801908,0.0223,0.0,806.0,139.601,4.92,0.87,0.59,3964.0,-0.25,-1.09668,0.55,0.53
Kepler-1186 b,Kepler-1186,16.07677615,0.1281,0.0,724.0,85.385,2.77,2.23,5.6,5635.0,0.0,0.06369,0.95,0.93
Kepler-535 b,Kepler-535,4.903321551,0.06011,0.0,1247.0,601.891,2.58,2.36,6.17,6123.0,0.13,0.3406,1.18,1.27
Kepler-1411 b,Kepler-1411,86.1150888,0.4001,0.0,441.0,8.927,2.05,2.82,8.35,5664.0,-0.04,0.04081,0.95,0.92
Kepler-1413 b,Kepler-1413,13.1829642,0.1066,0.0,661.0,42.825,3.62,1.82,3.97,5196.0,-0.05,-0.39085,0.84,0.8
Kepler-1317 b,Kepler-1317,0.568874427,0.0128,0.0,1796.0,2413.261,4.41,1.56,3.05,5144.0,-0.01,-0.41358,0.83,0.79
Kepler-1318 b,Kepler-1318,213.257663,0.6085,0.0,202.0,0.492,1.8,3.11,9.85,4598.0,-0.01,-0.72991,0.73,0.7
Kepler-1362 b,Kepler-1362,136.205626,0.4626,0.0,248.0,1.011,2.27,2.6,7.27,4857.0,0.06,-0.60131,0.8,0.74
Kepler-536 b,Kepler-536,1.827082299,0.02835,0.0,1877.0,892.812,1.81,3.1,9.8,5524.0,0.0,-0.21446,0.92,0.89
Kepler-1415 b,Kepler-1415,0.63642408,0.01416,0.0,1846.0,2138.079,5.66,1.29,2.21,5267.0,0.12,-0.29708,0.89,0.84
Kepler-1320 b,Kepler-1320,0.868386528,0.0163,0.0,1389.0,672.113,3.95,1.7,3.53,4817.0,0.1,-0.72896,0.8,0.74
Kepler-1321 b,Kepler-1321,11.12830484,0.0781,0.0,408.0,13.547,0.992,4.92,21.5,4094.0,-0.45,-0.8624,0.54,0.53
Kepler-1366 b,Kepler-1366,2.164570968,0.0273,0.0,783.0,134.981,4.94,1.43,2.63,4070.0,-0.02,-0.99602,0.62,0.6
Kepler-903 c,Kepler-903,62.9228557,0.30249,0.0,462.0,24.791,2.35,2.53,6.94,5682.0,0.05,0.36464,0.98,0.97
Kepler-758 e,Kepler-758,8.1934719,0.0829,0.0,1144.0,588.402,4.54,1.53,2.96,6228.0,-0.1,0.56281,1.16,1.42
Kepler-1417 b,Kepler-1417,20.3505213,0.14062,0.0,695.0,114.332,5.34,1.0,0.972,5839.0,0.02,0.39458,1.02,1.02
Kepler-1322 b,Kepler-1322,0.962867382,0.0183,0.0,1666.0,2651.424,4.24,1.61,3.22,5488.0,-0.07,-0.10053,0.9,0.87
Kepler-525 b,Kepler-525,18.68404933,0.14386,0.0,832.0,176.232,2.24,2.63,7.41,5573.0,0.11,0.525,0.95,1.15
Kepler-722 c,Kepler-722,105.144749,0.4471,0.0,401.0,5.48,2.05,2.82,8.35,5863.0,0.02,-0.03923,1.03,1.05
Kepler-1422 b,Kepler-1422,18.6051942,0.1499,0.0,833.0,156.9,3.16,2.02,4.74,6194.0,0.0,0.44726,1.15,1.23
Kepler-1327 b,Kepler-1327,14.88801098,0.11151,0.0,831.0,79.9,3.67,1.8,3.89,5885.0,-0.03,0.0362,1.02,1.03
Kepler-1368 b,Kepler-1368,0.675649486,0.0153,0.0,2085.0,4849.257,4.11,1.65,3.36,5906.0,0.1,0.05077,1.07,1.08
Kepler-769 c,Kepler-769,15.9870174,0.1297,0.0,803.0,86.761,3.7,1.79,3.86,6186.0,0.06,0.1791,1.19,1.28
Kepler-770 c,Kepler-770,1.475322314,0.0309,0.0,2740.0,833.588,5.95,1.2,1.87,5598.0,-0.01,0.05399,0.94,0.92
Kepler-1430 b,Kepler-1430,2.46050993,0.0304,0.0,969.0,208.54,5.89,1.18,1.76,4796.0,-0.03,-0.81553,0.77,0.72
Kepler-1431 b,Kepler-1431,5.86601526,0.0648,0.0,1064.0,469.819,4.77,1.47,2.76,5806.0,0.07,0.24349,1.03,1.03
Kepler-1328 b,Kepler-1328,4.52158888,0.052,0.0,1214.0,545.672,5.28,0.98,0.904,5780.0,0.0,0.2276,1.0,0.99
Kepler-1329 b,Kepler-1329,9.33646594,0.0747,0.0,577.0,26.645,2.88,2.17,5.35,4500.0,0.02,-0.77081,0.72,0.69
Kepler-527 b,Kepler-527,13.28535633,0.11646,0.0,1157.0,147.046,2.03,2.84,8.45,6388.0,0.03,0.32269,1.28,1.45
Kepler-1371 b,Kepler-1371,3.4462039,0.04214,0.0,1015.0,414.765,4.45,0.73,0.315,5361.0,-0.07,-0.19829,0.87,0.83
Kepler-770 d,Kepler-770,4.15244722,0.0616,0.0,1941.0,209.752,5.09,1.4,2.54,5598.0,-0.01,0.05399,0.94,0.92
Kepler-896 b,Kepler-896,144.547396,0.56378,0.0,303.0,1.99,2.35,2.53,6.94,5262.0,-0.1,0.48148,0.84,0.81
Kepler-1427 b,Kepler-1427,0.968972376,0.0197,0.0,1844.0,2730.51,5.66,1.1,1.37,5793.0,0.06,0.0156,1.01,1.01
Kepler-1332 b,Kepler-1332,11.87456832,0.09915,0.0,728.0,77.559,5.24,1.37,2.45,5581.0,0.0,-0.13733,0.95,0.9
Kepler-1330 b,Kepler-1330,10.10769068,0.0889,0.0,879.0,322.399,4.11,1.65,3.36,5608.0,0.08,0.42575,0.97,0.94
Kepler-1373 b,Kepler-1373,1.29123275,0.02598,0.0,1887.0,8385.9,5.81,1.16,1.65,6299.0,0.03,0.77358,1.22,1.33
Kepler-1374 b,Kepler-1374,10.65276707,0.0918,0.0,737.0,59.789,2.68,2.29,5.86,5323.0,-0.13,-0.36814,0.85,0.81
Kepler-1311 c,Kepler-1311,2.53573424,0.03753,0.0,1671.0,2144.553,5.99,1.22,1.98,5748.0,0.09,0.47186,1.05,1.4
Kepler-1428 b,Kepler-1428,10.67607169,0.11051,0.0,1049.0,817.579,4.15,1.64,3.33,6184.0,0.35,0.94388,1.28,1.36
Kepler-1429 b,Kepler-1429,4.48487493,0.055,0.0,1199.0,551.156,5.66,1.29,2.21,5902.0,0.04,0.13795,1.05,1.07
Kepler-1335 b,Kepler-1335,6.26406846,0.0615,0.0,809.0,80.741,4.87,1.45,2.7,4903.0,-0.07,-0.5555,0.77,0.74
Kepler-528 b,Kepler-528,19.78297415,0.14219,0.0,708.0,68.971,3.04,2.08,4.98,5807.0,0.02,0.15784,1.01,1.06
Kepler-1321 c,Kepler-1321,2.226491086,0.0267,0.0,697.0,115.909,2.52,2.4,6.35,4094.0,-0.45,-0.8624,0.54,0.53
Kepler-1433 b,Kepler-1433,4.13592271,0.0516,0.0,1226.0,535.42,4.41,1.56,3.05,6097.0,0.07,0.247,1.14,1.19
Kepler-1337 b,Kepler-1337,24.4002549,0.1441,0.0,437.0,9.183,2.51,2.41,6.39,4523.0,-0.09,-0.74221,0.7,0.67
Kepler-1339 b,Kepler-1339,1.341555127,0.02356,0.0,1642.0,3094.817,4.38,0.71,0.285,5586.0,0.01,0.18765,0.94,0.93
Kepler-1377 b,Kepler-1377,0.740928422,0.0153,0.0,1873.0,2909.21,5.91,1.25,2.1,5218.0,0.05,-0.29327,0.86,0.82
Kepler-1378 b,Kepler-1378,11.95398936,0.0885,0.0,525.0,14.867,2.83,2.2,5.48,4407.0,0.03,-0.90346,0.7,0.67
Kepler-1370 c,Kepler-1370,7.44142113,0.08084,0.0,1075.0,503.722,5.77,1.27,2.15,6202.0,0.05,0.45795,1.19,1.29
Kepler-1295 b,Kepler-1295,3.81371974,0.0464,0.0,1029.0,279.941,4.46,1.55,3.02,5486.0,0.04,-0.28279,0.92,0.89
Kepler-1296 b,Kepler-1296,8.3839865,0.0896,0.0,1285.0,399.015,5.05,0.91,0.693,5359.0,-0.04,0.48615,0.87,0.83
Kepler-1341 b,Kepler-1341,132.9968322,0.47267,0.0,241.0,1.141,1.9,2.99,9.22,4662.0,0.19,-0.63776,0.79,0.72
Kepler-529 b,Kepler-529,1.980357663,0.0309,0.0,1662.0,1808.41,3.52,1.86,4.12,6087.0,-0.1,0.207,1.07,1.14
Kepler-1380 b,Kepler-1380,10.3108245,0.0917,0.0,786.0,90.1,4.94,1.43,2.63,5570.0,0.1,0.47259,0.96,0.94
Kepler-1391 b,Kepler-1391,54.4092333,0.30045,0.0,513.0,33.335,4.01,1.68,3.46,5840.0,0.04,0.43939,1.03,1.1
Kepler-1392 b,Kepler-1392,15.1410397,0.1189,0.0,714.0,61.42,3.28,1.96,4.5,5479.0,-0.11,-0.231,0.88,0.85
Kepler-1297 b,Kepler-1297,1.68189002,0.0283,0.0,1790.0,2760.593,5.24,0.97,0.871,5818.0,-0.04,0.30193,0.99,0.99
Kepler-1343 b,Kepler-1343,3.35183158,0.0449,0.0,1294.0,1021.904,3.35,1.93,4.38,5759.0,-0.16,0.19529,0.95,0.93
Kepler-1344 b,Kepler-1344,4.7683049,0.05501,0.0,1219.0,425.169,3.56,1.84,4.04,5981.0,0.06,0.14599,1.09,1.13
Kepler-1383 b,Kepler-1383,13.9093583,0.11397,0.0,928.0,231.396,5.04,1.41,2.57,6370.0,0.03,0.56772,1.26,1.44
Kepler-1381 b,Kepler-1381,25.3842686,0.1728,0.0,649.0,29.701,2.74,2.25,5.69,5747.0,-0.1,-0.11708,0.96,0.94
Kepler-1393 b,Kepler-1393,2.44357812,0.0337,0.0,1249.0,574.37,4.69,0.8,0.437,5697.0,-0.09,0.15136,0.95,0.92
Kepler-1300 b,Kepler-1300,22.2419092,0.16005,0.0,954.0,149.409,5.24,1.37,2.45,6130.0,0.05,0.63621,1.29,1.79
Kepler-616 c,Kepler-616,90.4113556,0.4024,0.0,413.0,6.86,1.59,3.41,11.5,5753.0,-0.02,-0.11149,0.98,0.97
Kepler-1347 b,Kepler-1347,14.00947528,0.104,0.0,617.0,34.32,5.43,1.03,1.08,5193.0,-0.11,-0.388,0.82,0.79
Kepler-1345 b,Kepler-1345,44.6169557,0.26412,0.0,693.0,68.469,2.58,2.36,6.17,6449.0,0.04,0.69266,1.32,1.55
Kepler-1385 b,Kepler-1385,2.88879862,0.04262,0.0,1423.0,1591.477,4.86,0.85,0.543,5732.0,0.41,0.45032,1.15,1.29
Kepler-1384 b,Kepler-1384,15.36262753,0.1126,0.0,608.0,32.23,3.33,1.94,4.42,4919.0,-0.06,-0.539,0.78,0.74
Kepler-1397 b,Kepler-1397,47.449955,0.25861,0.0,551.0,58.103,3.9,1.72,3.61,6026.0,0.0,0.59141,1.09,1.12
Kepler-1398 b,Kepler-1398,2.78815679,0.03909,0.0,1510.0,1249.488,5.02,0.9,0.666,6126.0,0.01,0.31211,1.13,1.18
Kepler-1396 b,Kepler-1396,18.2206421,0.1406,0.0,786.0,71.816,3.06,2.07,4.94,6195.0,0.04,0.20377,1.18,1.27
Kepler-1302 b,Kepler-1302,8.83922659,0.0795,0.0,778.0,58.344,4.94,1.43,2.63,5236.0,0.04,-0.46714,0.86,0.82
Kepler-1304 b,Kepler-1304,16.1288853,0.1202,0.0,715.0,61.87,2.68,2.29,5.86,5259.0,-0.05,0.63938,0.85,0.81
Kepler-1350 b,Kepler-1350,4.4968604,0.0413,0.0,535.0,27.176,2.37,2.52,6.9,3827.0,-0.06,-1.2834,0.55,0.53
Kepler-1348 b,Kepler-1348,27.5722742,0.1834,0.0,636.0,49.665,3.33,1.94,4.42,5911.0,-0.01,0.20429,1.04,1.04
Kepler-1387 b,Kepler-1387,2.279526656,0.031,0.0,1123.0,300.312,5.12,0.93,0.749,5046.0,0.02,-0.56045,0.82,0.77
Kepler-1398 c,Kepler-1398,4.13827595,0.05087,0.0,1324.0,738.183,5.43,1.03,1.08,6126.0,0.01,0.31211,1.13,1.18
Kepler-1400 b,Kepler-1400,9.06689421,0.0771,0.0,725.0,44.517,4.21,1.62,3.26,5044.0,0.04,-0.57763,0.83,0.78
Kepler-1307 b,Kepler-1307,18.01621096,0.1369,0.0,768.0,41.185,2.43,2.47,6.66,5884.0,0.06,-0.20496,1.06,1.08
Kepler-1351 b,Kepler-1351,0.916140768,0.0156,0.0,1212.0,421.965,4.16,0.65,0.208,4439.0,-0.03,-0.98254,0.7,0.67
Kepler-521 b,Kepler-521,22.20813214,0.17116,0.0,803.0,160.612,1.74,3.18,10.2,6406.0,0.25,0.67119,1.34,1.46
Kepler-1390 b,Kepler-1390,6.48021673,0.0662,0.0,934.0,171.133,5.89,1.18,1.76,5753.0,-0.01,-0.10022,0.98,0.98
Kepler-531 b,Kepler-531,29.88485741,0.17446,0.0,453.0,10.007,2.08,2.78,8.15,4893.0,-0.03,-0.55216,0.78,0.75
Kepler-1389 b,Kepler-1389,99.2530951,0.38249,0.0,300.0,1.871,3.75,1.77,3.78,5078.0,-0.14,-0.53422,0.81,0.74
Kepler-1401 b,Kepler-1401,11.20066445,0.0975,0.0,808.0,100.91,4.01,1.68,3.46,5964.0,0.04,0.14,1.07,1.1
Kepler-1402 b,Kepler-1402,2.03387914,0.0322,0.0,1789.0,2491.119,4.54,0.76,0.363,5416.0,0.03,0.44774,0.9,0.87
Kepler-1308 b,Kepler-1308,2.104338119,0.025,0.0,662.0,58.108,3.65,0.52,0.0933,3468.0,-0.13,-1.50254,0.35,0.34
Kepler-1309 b,Kepler-1309,28.8432647,0.1679,0.0,491.0,13.77,2.56,2.37,6.21,5235.0,-0.03,-0.60322,0.85,0.8
Kepler-1352 b,Kepler-1352,1.877882748,0.02883,0.0,1701.0,1892.586,4.99,0.89,0.64,6118.0,0.0,0.263,1.11,1.16
Kepler-1353 b,Kepler-1353,24.7543966,0.153,0.0,491.0,10.767,3.67,1.8,3.89,4776.0,-0.06,-0.6146,0.76,0.72
Kepler-532 b,Kepler-532,12.92491623,0.10151,0.0,620.0,34.089,2.31,2.57,7.13,5192.0,0.0,-0.45789,0.87,0.79
Kepler-1403 b,Kepler-1403,5.19492202,0.064,0.0,1238.0,699.644,2.93,2.14,5.22,6060.0,0.03,0.37208,1.11,1.15
Kepler-1405 b,Kepler-1405,28.2274184,0.1778,0.0,565.0,33.802,1.32,3.96,14.9,5925.0,0.03,0.02238,1.05,1.07
Kepler-1310 b,Kepler-1310,0.679336272,0.01452,0.0,1883.0,2830.91,4.91,1.44,2.67,5549.0,-0.07,-0.19177,0.91,0.88
Kepler-1312 b,Kepler-1312,5.448325286,0.06053,0.0,978.0,219.117,3.0,2.1,5.06,5719.0,-0.02,-0.09874,0.99,0.92
Kepler-517 b,Kepler-517,60.92832271,0.28682,0.0,467.0,10.555,2.2,2.67,7.61,5690.0,-0.06,-0.01857,0.95,0.98
Kepler-1356 b,Kepler-1356,0.634002937,0.0136,0.0,1714.0,1966.057,4.54,1.53,2.96,5106.0,-0.02,-0.4863,0.82,0.78
Kepler-1354 b,Kepler-1354,76.613377,0.3521,0.0,466.0,18.86,1.91,2.97,9.11,6168.0,0.03,0.30208,1.16,1.24
Kepler-1050 c,Kepler-1050,21.1284569,0.15264,0.0,935.0,40.644,4.73,1.48,2.79,6010.0,0.03,0.05871,1.09,1.13
Kepler-1407 b,Kepler-1407,20.0711504,0.1502,0.0,826.0,78.667,2.74,2.25,5.69,6010.0,0.05,0.27131,1.1,1.15
Kepler-1313 b,Kepler-1313,3.833091178,0.04619,0.0,1012.0,227.198,3.78,1.76,3.75,5453.0,0.0,-0.3248,0.92,0.85
Kepler-1359 b,Kepler-1359,59.4970952,0.26657,0.0,369.0,2.451,2.04,2.83,8.4,4709.0,0.11,-0.7173,0.78,0.72
Kepler-1360 b,Kepler-1360,40.5286413,0.2866,0.0,933.0,82.564,1.61,3.4,11.5,6778.0,0.06,0.92337,1.51,1.83
Kepler-1611 b,Kepler-1611,5.1762429,0.0586,0.0,1243.0,146.22,4.73,0.81,0.457,5605.0,0.01,-0.113,0.94,0.93
Kepler-1463 b,Kepler-1463,25.15864,0.1694,0.0,619.0,57.634,3.52,1.86,4.12,5679.0,0.0,0.09195,0.96,0.95
Kepler-1543 b,Kepler-1543,6.96710269,0.0867,0.0,1774.0,375.651,2.15,2.71,7.8,6561.0,0.07,0.48688,1.39,1.65
Kepler-1578 b,Kepler-1578,1.450886907,0.0252,0.0,1700.0,1486.438,5.47,1.04,1.12,5545.0,-0.13,-0.16523,0.9,0.86
Kepler-626 b,Kepler-626,14.48585199,0.10913,0.0,784.0,69.795,2.68,2.29,5.86,5813.0,0.01,-0.04194,1.01,1.05
Kepler-1465 b,Kepler-1465,31.8277111,0.1939,0.0,668.0,6.246,3.75,1.77,3.78,4726.0,-0.06,-0.65202,0.75,0.71
Kepler-1466 b,Kepler-1466,31.1750448,0.17981,0.0,585.0,21.875,4.46,1.55,3.02,5884.0,-0.07,-0.02273,1.01,1.02
Kepler-1546 b,Kepler-1546,19.5974971,0.1366,0.0,671.0,36.302,1.78,3.13,9.96,5623.0,0.01,-0.12963,0.95,0.93
Kepler-1548 b,Kepler-1548,124.828679,0.4679,0.0,350.0,1.933,2.23,2.64,7.46,5706.0,0.05,-0.30667,0.99,0.97
Kepler-1613 b,Kepler-1613,1.5184299,0.02755,0.0,1926.0,6797.623,3.04,2.08,4.98,6005.0,0.01,0.63777,1.08,1.12
Kepler-1468 c,Kepler-1468,3.54553021,0.0466,0.0,1448.0,1479.567,5.78,1.15,1.6,5893.0,0.03,0.53118,1.04,1.05
Kepler-1582 b,Kepler-1582,4.83817712,0.0316,0.0,354.0,2.5,4.7,1.49,2.83,3208.0,0.48,-2.38864,0.28,0.3
Kepler-1469 b,Kepler-1469,21.8635301,0.1466,0.0,551.0,24.901,2.07,2.8,8.25,5507.0,0.02,-0.2739,0.92,0.89
Kepler-633 b,Kepler-633,8.50340718,0.08185,0.0,1021.0,454.5,4.17,1.63,3.29,5899.0,-0.05,0.16,1.02,1.15
Kepler-1550 b,Kepler-1550,225.582809,0.7681,0.0,348.0,2.305,1.87,3.02,9.38,5991.0,0.01,0.11945,1.07,1.11
Kepler-1552 b,Kepler-1552,184.771853,0.6011,0.0,268.0,1.854,2.43,2.47,6.66,5202.0,-0.07,-0.20141,0.85,0.78
Kepler-1584 b,Kepler-1584,13.3997099,0.1168,0.0,886.0,162.544,4.24,1.61,3.22,6069.0,0.0,0.25226,1.1,1.13
Kepler-556 b,Kepler-556,11.72292176,0.09833,0.0,766.0,81.641,2.76,2.24,5.65,5740.0,0.03,-0.04785,1.0,0.98
Kepler-629 b,Kepler-629,7.2385854,0.07107,0.0,816.0,103.147,5.19,1.38,2.48,5444.0,0.01,-0.28344,0.93,0.84
Kepler-630 b,Kepler-630,161.4743937,0.56201,0.0,343.0,5.568,1.74,3.18,10.2,5829.0,0.03,0.30233,1.02,1.04
Kepler-1470 b,Kepler-1470,16.2950903,0.116,0.0,574.0,23.918,5.56,1.07,1.24,4961.0,-0.01,-0.48551,0.8,0.76
Kepler-1475 b,Kepler-1475,82.177374,0.373,0.0,441.0,13.76,1.95,2.92,8.85,6214.0,0.03,0.25381,1.18,1.28
Kepler-1476 b,Kepler-1476,10.35863224,0.0932,0.0,860.0,75.641,4.05,1.67,3.43,5663.0,0.06,-0.2429,0.98,0.96
Kepler-154 f,Kepler-154,9.91935684,0.08832,0.0,838.0,139.884,4.66,1.5,2.86,5769.0,-0.04,0.03322,0.98,0.98
Kepler-1165 b,Kepler-1165,9.478522,0.0914,0.0,946.0,464.773,4.46,1.55,3.02,6080.0,0.05,0.55152,1.13,1.18
Kepler-1587 b,Kepler-1587,9.4060467,0.08747,0.0,981.0,254.701,5.44,1.33,2.33,5933.0,0.07,0.32586,1.08,1.22
Kepler-579 b,Kepler-579,9.66857723,0.0854,0.0,730.0,60.609,3.2,2.0,4.66,5636.0,0.13,-0.31094,0.99,0.96
Kepler-1619 b,Kepler-1619,23.6225913,0.15413,0.0,797.0,74.635,4.54,0.76,0.363,5852.0,-0.07,0.32575,1.0,1.0
Kepler-132 e,Kepler-132,110.2869374,0.43927,0.0,414.0,6.1,5.89,1.18,1.76,6023.0,-0.13,0.157,1.03,1.1
Kepler-1471 b,Kepler-1471,3.63899398,0.0453,0.0,1238.0,314.233,5.04,1.41,2.57,5660.0,-0.03,-0.19895,0.95,0.93
Kepler-1554 b,Kepler-1554,198.088774,0.59527,0.0,288.0,1.014,1.97,2.9,8.75,5297.0,-0.1,-0.39312,0.84,0.81
Kepler-541 b,Kepler-541,5.08005848,0.06447,0.0,1673.0,1452.904,1.62,3.36,11.2,6166.0,0.07,0.75505,1.41,2.06
Kepler-1589 b,Kepler-1589,0.991665274,0.0205,0.0,2102.0,5228.785,5.6,1.09,1.32,6166.0,0.08,0.32934,1.18,1.25
Kepler-1473 b,Kepler-1473,14.4273551,0.11606,0.0,783.0,111.011,5.9,1.19,1.81,6046.0,-0.01,0.19358,1.09,1.09
Kepler-1472 b,Kepler-1472,38.1312831,0.2322,0.0,613.0,57.079,3.42,1.9,4.27,6159.0,0.03,0.42003,1.16,1.25
Kepler-1474 b,Kepler-1474,36.4333452,0.2108,0.0,561.0,21.392,2.9,2.16,5.31,5870.0,0.04,0.0291,1.04,1.04
Kepler-1556 b,Kepler-1556,8.82713457,0.0829,0.0,797.0,92.138,3.28,1.96,4.5,5608.0,0.08,-0.23063,0.97,0.95
Kepler-542 b,Kepler-542,13.14497566,0.10703,0.0,698.0,61.573,4.39,1.57,3.09,5526.0,0.02,-0.12185,0.93,0.9
Kepler-1592 b,Kepler-1592,3.05710069,0.04,0.0,1202.0,1918.34,4.5,1.54,2.99,6213.0,0.04,0.50716,1.18,1.28
Kepler-1623 b,Kepler-1623,4.36128348,0.0518,0.0,1000.0,243.08,5.55,1.31,2.27,5772.0,0.04,-0.17154,1.0,1.0
Kepler-1622 b,Kepler-1622,10.8118737,0.10136,0.0,922.0,236.005,4.77,1.47,2.76,6436.0,0.04,0.37304,1.31,1.5
Kepler-631 b,Kepler-631,17.97979059,0.14017,0.0,828.0,94.137,1.97,2.9,8.75,6185.0,0.23,0.38915,1.24,1.33
Kepler-1477 b,Kepler-1477,11.55530021,0.0911,0.0,674.0,78.163,5.89,1.18,1.76,5100.0,-0.06,-0.19624,0.81,0.78
Kepler-1478 b,Kepler-1478,26.0840594,0.1681,0.0,598.0,85.282,3.86,1.73,3.64,5904.0,0.03,0.30415,1.04,1.06
Kepler-1558 b,Kepler-1558,3.50470358,0.04278,0.0,1019.0,189.886,4.26,0.68,0.244,5101.0,0.0,-0.48006,0.83,0.79
Kepler-1557 b,Kepler-1557,3.74032496,0.049,0.0,1287.0,645.543,4.54,1.53,2.96,6099.0,0.02,0.11938,1.11,1.17
Kepler-544 b,Kepler-544,21.41616926,0.15482,0.0,748.0,126.031,2.96,2.12,5.14,6206.0,0.02,0.52864,1.16,1.22
Kepler-1442 b,Kepler-1442,81.4162941,0.40814,0.0,522.0,25.972,1.33,3.93,14.7,6394.0,0.26,0.65109,1.34,1.44
Kepler-1435 b,Kepler-1435,4.45343281,0.05456,0.0,1331.0,893.886,4.89,0.86,0.566,6356.0,-0.03,0.4683,1.21,1.32
Kepler-1559 b,Kepler-1559,0.971915428,0.01835,0.0,1609.0,1620.063,4.4,0.72,0.299,5316.0,-0.04,-0.27638,0.86,0.82
Kepler-1596 b,Kepler-1596,66.373379,0.3237,0.0,471.0,33.378,3.42,1.9,4.27,5706.0,-0.11,0.43061,0.95,0.92
Kepler-403 d,Kepler-403,13.61159129,0.12178,0.0,958.0,285.295,4.99,1.42,2.6,6209.0,0.16,0.64405,1.25,1.45
Kepler-1443 b,Kepler-1443,2.41811321,0.03783,0.0,1602.0,2809.165,5.24,0.97,0.871,6289.0,0.0,0.56075,1.19,1.27
Kepler-1438 b,Kepler-1438,2.31942009,0.0346,0.0,1490.0,561.12,5.15,0.94,0.779,5530.0,0.2,0.12254,0.97,0.96
Kepler-1562 b,Kepler-1562,64.2737752,0.3308,0.0,554.0,31.768,1.51,3.55,12.3,5760.0,0.11,0.49073,1.02,1.05
Kepler-1561 b,Kepler-1561,1.005207007,0.0194,0.0,1682.0,2364.807,5.6,1.09,1.32,5957.0,0.04,-0.02044,1.07,1.11
Kepler-1598 b,Kepler-1598,4.34195123,0.05207,0.0,1236.0,308.46,5.18,0.95,0.809,5940.0,0.04,-0.03931,1.07,1.09
Kepler-1445 b,Kepler-1445,10.60052251,0.09587,0.0,987.0,248.548,5.22,0.96,0.84,6150.0,-0.03,0.33963,1.13,1.26
Kepler-511 b,Kepler-511,296.637865,0.85672,0.0,332.0,4.208,0.71,6.35,33.1,5770.0,0.01,0.49754,1.0,1.2
Kepler-1564 b,Kepler-1564,18.0540381,0.1327,0.0,635.0,41.514,4.77,1.47,2.76,5528.0,0.03,-0.13536,0.93,0.9
Kepler-1563 b,Kepler-1563,3.43276598,0.0442,0.0,1134.0,390.57,4.52,0.75,0.347,5765.0,0.02,-0.0102,1.0,0.99
Kepler-1565 b,Kepler-1565,1.538188437,0.0241,0.0,1234.0,510.566,5.9,1.19,1.81,4940.0,-0.16,-0.56447,0.76,0.73
Kepler-1602 b,Kepler-1602,11.17931605,0.09744,0.0,1159.0,124.507,5.39,1.34,2.36,6296.0,0.02,0.20142,1.22,1.36
Kepler-1448 b,Kepler-1448,12.27065865,0.1058,0.0,811.0,86.645,4.24,1.61,3.22,5774.0,-0.16,-0.06927,0.95,0.93
Kepler-1449 b,Kepler-1449,13.2274528,0.1176,0.0,867.0,271.885,4.01,1.68,3.46,5979.0,0.04,0.50864,1.08,1.1
Kepler-1566 b,Kepler-1566,0.539915238,0.01198,0.0,1871.0,2340.984,4.66,0.79,0.418,5254.0,-0.07,-0.43675,0.84,0.81
Kepler-1567 b,Kepler-1567,153.979578,0.552,0.0,330.0,2.723,2.13,2.73,7.9,5655.0,-0.03,-0.12183,0.95,0.93
Kepler-597 b,Kepler-597,13.02365861,0.10916,0.0,743.0,76.375,2.56,2.37,6.21,5683.0,-0.01,-0.0334,0.97,0.95
Kepler-1603 b,Kepler-1603,2.27163926,0.0351,0.0,1522.0,1269.46,5.66,1.29,2.21,6241.0,0.07,0.7055,1.21,1.31
Kepler-1450 b,Kepler-1450,54.5094166,0.2401,0.0,308.0,3.078,3.92,1.71,3.57,4524.0,-0.02,-0.7677,0.71,0.68
Kepler-1451 b,Kepler-1451,35.622233,0.2101,0.0,523.0,18.751,1.64,3.35,11.2,5782.0,0.01,-0.11938,1.0,0.99
Kepler-603 d,Kepler-603,6.2171292,0.07117,0.0,1098.0,497.4,5.5,1.32,2.3,5808.0,0.03,0.39156,1.01,1.01
Kepler-605 c,Kepler-605,2.358951515,0.03336,0.0,1278.0,513.03,4.89,0.86,0.566,5462.0,0.02,-0.24849,0.91,0.88
Kepler-1568 b,Kepler-1568,20.925392,0.15157,0.0,729.0,72.568,5.6,1.3,2.24,5956.0,0.09,0.25777,1.09,1.19
Kepler-1606 b,Kepler-1606,196.435224,0.6421,0.0,324.0,1.29,3.06,2.07,4.94,5422.0,0.01,-0.171,0.9,0.86
Kepler-1452 b,Kepler-1452,42.913751,0.25764,0.0,810.0,73.501,2.16,2.7,7.75,6101.0,0.14,0.72107,1.41,2.06
Kepler-1571 b,Kepler-1571,3.38555488,0.04287,0.0,1476.0,757.132,4.57,1.52,2.92,6297.0,0.04,0.194,1.23,1.39
Kepler-1570 b,Kepler-1570,26.548955,0.16699,0.0,836.0,76.457,5.56,1.07,1.24,5550.0,-0.04,0.41425,0.92,0.89
Kepler-1572 b,Kepler-1572,5.49548621,0.05838,0.0,1293.0,583.523,5.15,0.94,0.779,5618.0,0.08,0.37265,0.97,0.95
Kepler-1607 b,Kepler-1607,13.6473676,0.11978,0.0,913.0,449.632,5.09,0.92,0.721,6116.0,0.05,0.70881,1.14,1.21
Kepler-1609 b,Kepler-1609,114.34219,0.4679,0.0,429.0,12.975,2.79,2.22,5.56,6132.0,0.1,0.48383,1.18,1.27
Kepler-1457 b,Kepler-1457,51.1110243,0.26391,0.0,478.0,23.468,3.22,1.99,4.62,5866.0,-0.05,0.21547,1.01,1.01
Kepler-1458 b,Kepler-1458,47.9872764,0.24869,0.0,493.0,8.293,2.1,2.76,8.05,5653.0,0.02,-0.24032,0.96,0.94
Kepler-217 d,Kepler-217,3.88689525,0.0534,0.0,1574.0,2099.752,5.5,1.32,2.3,6341.0,0.09,0.75356,1.37,1.76
Kepler-625 c,Kepler-625,4.1653651,0.05379,0.0,1048.0,932.132,5.51,1.05,1.16,5789.0,0.1,0.40647,1.04,0.96
Kepler-653 c,Kepler-653,0.900376476,0.01855,0.0,2078.0,3743.275,4.62,0.78,0.399,5665.0,0.23,0.11872,1.02,1.19
Kepler-1575 b,Kepler-1575,2.55314213,0.0366,0.0,1312.0,803.679,5.55,1.31,2.27,5667.0,-0.07,-0.03716,0.95,0.92
Kepler-578 b,Kepler-578,1.616883696,0.0266,0.0,1774.0,496.898,3.2,2.0,4.66,5334.0,-0.03,-0.3369,0.87,0.83
Kepler-1461 b,Kepler-1461,29.3494775,0.1715,0.0,451.0,8.88,3.14,2.03,4.78,4919.0,-0.04,-0.64483,0.79,0.74
Kepler-1541 b,Kepler-1541,8.40691199,0.07555,0.0,1048.0,75.56,5.81,1.16,1.65,5282.0,-0.04,-0.33627,0.86,0.81
Kepler-1576 b,Kepler-1576,6.98471973,0.07211,0.0,1059.0,156.608,5.47,1.04,1.12,5876.0,0.05,-0.06329,1.05,1.06
Kepler-603 b,Kepler-603,21.05358596,0.16052,0.0,731.0,97.8,2.22,2.65,7.51,5808.0,0.03,0.39156,1.01,1.01
Kepler-640 b,Kepler-640,22.24813967,0.15418,0.0,609.0,35.062,2.32,2.56,7.08,5653.0,0.15,-0.02367,1.01,0.94
Kepler-722 b,Kepler-722,4.093573252,0.0514,0.0,1182.0,414.601,2.24,2.63,7.41,5863.0,0.02,-0.03923,1.03,1.05
Kepler-634 b,Kepler-634,5.16950177,0.05765,0.0,1309.0,808.844,3.44,1.89,4.23,6075.0,-0.18,0.42075,1.03,1.24
Kepler-701 b,Kepler-701,10.35533177,0.0895,0.0,777.0,75.623,2.03,2.84,8.45,5343.0,0.0,-0.27626,0.88,0.84
Kepler-709 b,Kepler-709,16.08524954,0.1173,0.0,613.0,28.216,1.95,2.92,8.85,5071.0,-0.08,-0.48148,0.8,0.77
Kepler-1625 b,Kepler-1625,287.378949,0.87762,0.0,350.0,3.3,0.756,6.06,30.6,5677.0,0.01,0.43696,0.96,0.94
Kepler-1501 b,Kepler-1501,14.5564533,0.11592,0.0,787.0,100.001,4.41,1.56,3.05,6229.0,0.04,0.20231,1.2,1.3
Kepler-1500 b,Kepler-1500,15.0330105,0.1236,0.0,928.0,131.818,5.95,1.2,1.87,5845.0,-0.05,0.27456,1.0,1.0
Kepler-1522 b,Kepler-1522,1.847889171,0.0288,0.0,1374.0,1513.457,3.86,1.73,3.64,5706.0,-0.07,0.09172,0.96,0.93
Kepler-702 b,Kepler-702,10.526294063,0.088,0.0,713.0,88.906,0.44,9.17,61.8,5419.0,0.0,-0.15908,0.9,0.86
Kepler-641 b,Kepler-641,9.48961571,0.0895,0.0,926.0,311.788,3.54,1.85,4.08,5713.0,0.15,0.39002,1.02,1.13
Kepler-1626 b,Kepler-1626,4.13962966,0.0537,0.0,1352.0,1328.654,3.16,2.02,4.74,6826.0,0.04,0.61079,1.51,1.85
Kepler-609 b,Kepler-609,6.521210666,0.0682,0.0,932.0,258.059,1.64,3.35,11.2,5971.0,0.06,0.06548,1.09,1.14
Kepler-724 b,Kepler-724,3.314946338,0.0433,0.0,1155.0,339.401,1.67,3.29,10.8,5437.0,-0.02,-0.22344,0.9,0.86
Kepler-1504 b,Kepler-1504,82.304003,0.3704,0.0,485.0,25.17,2.95,2.13,5.18,5393.0,-0.17,0.46829,0.85,0.81
Kepler-1505 b,Kepler-1505,30.8609366,0.18298,0.0,525.0,36.121,5.12,0.93,0.749,5686.0,-0.18,0.14944,0.93,0.86
Kepler-1524 b,Kepler-1524,70.9674603,0.3392,0.0,438.0,8.443,1.52,3.54,12.3,6179.0,0.04,-0.00637,1.17,1.25
Kepler-495 b,Kepler-495,3.413036221,0.0427,0.0,1200.0,310.021,0.914,5.23,23.8,5346.0,-0.07,-0.2375,0.86,0.83
Kepler-710 b,Kepler-710,4.347285527,0.0524,0.0,1174.0,710.872,3.47,1.88,4.19,5611.0,-0.04,0.26474,0.94,0.91
Kepler-540 b,Kepler-540,172.7049784,0.58822,0.0,355.0,4.525,2.15,2.71,7.8,5946.0,-0.1,0.20658,1.02,1.08
Kepler-1644 b,Kepler-1644,21.0907758,0.142,0.0,606.0,31.86,3.47,1.88,4.19,5499.0,-0.1,-0.215,0.89,0.86
Kepler-1507 b,Kepler-1507,16.0506213,0.11946,0.0,630.0,30.476,4.82,0.84,0.52,5410.0,-0.03,-0.32427,0.89,0.85
Kepler-1506 b,Kepler-1506,14.0329154,0.1168,0.0,783.0,235.807,5.5,1.32,2.3,5676.0,-0.05,0.42561,0.95,0.93
Kepler-1086 c,Kepler-1086,161.5163345,0.503,0.0,211.0,0.519,1.94,2.94,8.96,4350.0,0.06,-0.85997,0.7,0.66
Kepler-604 b,Kepler-604,25.85501786,0.1735,0.0,637.0,46.982,2.28,2.59,7.22,5890.0,-0.02,0.09179,1.02,1.03
Kepler-1627 b,Kepler-1627,7.20283653,0.0643,0.0,794.0,143.12,1.44,3.69,13.2,5445.0,-0.1,-0.30321,0.87,0.84
Kepler-1510 b,Kepler-1510,84.703921,0.4089,0.0,537.0,14.036,1.62,3.36,11.2,6200.0,0.04,0.37703,1.19,1.28
Kepler-1511 b,Kepler-1511,23.2382792,0.1753,0.0,903.0,228.219,4.01,1.68,3.46,6064.0,0.14,0.83813,1.17,1.29
Kepler-1526 b,Kepler-1526,3.908632005,0.0418,0.0,787.0,99.097,2.48,2.43,6.48,4601.0,-0.01,-0.70671,0.73,0.69
Kepler-643 b,Kepler-643,16.33889626,0.13485,0.37,963.0,211.711,1.68,10.16,321.0083,4908.0,0.13,0.47818,1.0,2.52
Kepler-642 b,Kepler-642,4.41745855,0.05631,0.0,1810.0,719.373,1.97,2.9,8.75,6570.0,0.06,0.39758,1.4,1.66
Kepler-711 b,Kepler-711,23.58914398,0.1429,0.0,487.0,15.569,1.59,3.41,11.5,5222.0,-0.04,-0.49939,0.84,0.8
Kepler-726 b,Kepler-726,21.80451088,0.1406,0.0,543.0,25.296,1.7,3.26,10.7,5452.0,-0.09,-0.31868,0.88,0.85
Kepler-401 d,Kepler-401,184.256405,0.66886,0.0,380.0,8.485,2.71,2.27,5.77,6184.0,0.02,0.56611,1.17,1.29
Kepler-1512 b,Kepler-1512,20.35972599,0.13693,0.0,322.0,1.6,5.89,1.18,1.76,4372.0,0.2,-1.695,0.73,0.67
Kepler-1528 b,Kepler-1528,1.791110205,0.0296,0.0,1549.0,1106.851,4.82,1.46,2.73,5857.0,0.03,-0.06429,1.03,1.03
Kepler-1529 b,Kepler-1529,5.33905686,0.0525,0.0,817.0,115.765,3.0,2.1,5.06,5048.0,-0.03,-0.52049,0.81,0.77
Kepler-1388 d,Kepler-1388,20.9568158,0.126,0.0,363.0,8.66,2.01,2.86,8.55,4098.0,0.02,-1.1068,0.63,0.61
Kepler-622 b,Kepler-622,14.28226676,0.0978,0.0,446.0,12.486,2.95,2.13,5.18,4201.0,-0.09,-0.86159,0.64,0.61
Kepler-1530 b,Kepler-1530,2.5904434,0.03553,0.0,1484.0,353.561,4.15,1.64,3.33,5477.0,0.03,-0.31086,0.92,0.88
Kepler-1530 c,Kepler-1530,5.3227406,0.05744,0.0,1167.0,135.179,4.11,1.65,3.36,5477.0,0.03,-0.31086,0.92,0.88
Kepler-1632 b,Kepler-1632,448.303558,0.6762,0.0,369.0,6.062,2.43,2.47,6.66,6137.0,0.0,0.40631,1.12,1.19
Kepler-1631 b,Kepler-1631,4.09513932,0.0511,0.0,1122.0,446.918,5.34,1.35,2.39,5679.0,0.04,0.00722,0.97,0.95
Kepler-1534 b,Kepler-1534,5.71668872,0.0599,0.0,955.0,196.51,3.44,1.89,4.23,5442.0,-0.01,-0.233,0.9,0.86
Kepler-1531 b,Kepler-1531,1.138543376,0.02204,0.0,2537.0,4457.2,5.67,1.11,1.41,6260.0,-0.03,0.30365,1.16,1.27
Kepler-1093 c,Kepler-1093,89.722292,0.41037,0.0,508.0,18.1,3.28,1.96,4.5,6166.0,-0.01,0.46038,1.13,1.2
Kepler-714 b,Kepler-714,8.098887986,0.0832,0.0,986.0,484.006,0.411,9.67,67.6,5995.0,0.04,0.4599,1.09,1.12
Kepler-1633 b,Kepler-1633,186.404271,0.3875,0.0,925.0,26.258,4.35,1.58,3.12,6256.0,0.02,0.64606,1.2,1.32
Kepler-713 b,Kepler-713,7.411141,0.0748,0.0,905.0,228.283,2.42,2.48,6.71,5785.0,-0.03,0.08457,0.98,0.99
Kepler-1480 b,Kepler-1480,22.12679948,0.1525,0.0,721.0,16.317,4.05,1.67,3.43,5156.0,0.07,-0.44868,0.85,0.81
Kepler-1479 b,Kepler-1479,14.53261362,0.11341,0.0,746.0,98.574,3.6,1.83,4.01,5796.0,-0.02,0.14528,0.99,0.98
Kepler-1481 b,Kepler-1481,5.94220998,0.059,0.0,797.0,71.94,6.02,1.23,2.04,4908.0,0.04,-0.58658,0.8,0.75
Kepler-990 c,Kepler-990,0.538354308,0.01232,0.0,2386.0,5272.4,4.54,1.53,2.96,5948.0,0.01,-0.05003,1.05,1.08
Kepler-969 c,Kepler-969,1.682934604,0.0265,0.0,1270.0,564.581,5.31,0.99,0.937,5214.0,0.22,-0.38876,0.92,0.82
Kepler-489 b,Kepler-489,17.276296119,0.12109,0.0,538.0,20.618,0.551,7.72,46.1,5014.0,0.0,-0.51802,0.82,0.76
Kepler-1532 b,Kepler-1532,1.093663559,0.0206,0.0,1681.0,1705.762,5.34,1.35,2.39,5559.0,-0.1,-0.14116,0.91,0.88
Kepler-605 b,Kepler-605,3.383538066,0.04244,0.0,1133.0,316.718,4.91,1.44,2.67,5462.0,0.02,-0.24849,0.91,0.88
Kepler-1635 b,Kepler-1635,469.63111,1.12664,0.0,200.0,0.4,1.47,3.64,12.9,5347.0,0.06,-0.27981,0.89,0.85
Kepler-1483 b,Kepler-1483,9.5085156,0.0958,0.0,1131.0,265.018,4.57,1.52,2.92,6337.0,0.04,0.39403,1.25,1.4
Kepler-545 b,Kepler-545,13.24934059,0.11248,0.0,806.0,101.143,2.17,2.69,7.7,5882.0,0.03,0.10684,1.04,1.07
Kepler-636 b,Kepler-636,16.080661147,0.1185,0.0,614.0,67.509,1.13,4.45,18.1,5203.0,-0.02,-0.374,0.85,0.8
Kepler-1016 c,Kepler-1016,105.6551369,0.43519,0.0,407.0,7.071,1.44,3.68,13.1,5821.0,-0.03,0.12363,0.99,1.0
Kepler-1535 b,Kepler-1535,138.9442,0.5329,0.0,384.0,5.384,2.33,2.55,7.04,6021.0,0.0,0.16473,1.08,1.11
Kepler-600 b,Kepler-600,23.67517607,0.1536,0.0,528.0,20.182,1.97,2.9,8.75,5279.0,-0.09,-0.33922,0.84,0.81
Kepler-717 b,Kepler-717,4.40840023,0.052,0.0,1139.0,398.0,2.5,2.42,6.44,5485.0,-0.12,0.60439,0.88,0.85
Kepler-1485 b,Kepler-1485,19.9157725,0.14732,0.0,728.0,85.176,4.77,1.47,2.76,6087.0,0.02,0.28006,1.11,1.12
Kepler-1484 b,Kepler-1484,30.4549136,0.1939,0.0,624.0,35.92,2.98,2.11,5.1,5730.0,-0.17,0.79551,0.94,0.92
Kepler-1486 b,Kepler-1486,54.6495759,0.2846,0.0,538.0,22.372,2.64,2.32,5.99,5965.0,0.06,0.31179,1.08,1.12
Kepler-342 e,Kepler-342,1.644224613,0.02909,0.0,1897.0,3111.322,4.96,0.88,0.615,6366.0,0.12,0.45345,1.26,1.34
Kepler-582 b,Kepler-582,18.49235668,0.1254,0.0,603.0,25.056,1.44,3.68,13.1,5564.0,0.01,-0.41418,0.93,0.91
Kepler-1129 c,Kepler-1129,76.5369586,0.35367,0.0,503.0,7.006,2.13,2.73,7.9,5831.0,-0.04,-0.0274,1.0,1.0
Kepler-1538 b,Kepler-1538,175.138819,0.6095,0.0,346.0,1.989,2.05,2.82,8.35,5837.0,0.02,-0.08496,1.03,1.03
Kepler-644 b,Kepler-644,3.173917103,0.04641,0.0,1655.0,2381.77,1.78,3.15,10.1,6747.0,0.08,0.71041,1.49,1.81
Kepler-1487 b,Kepler-1487,7.31946363,0.0898,0.0,1682.0,323.294,2.95,2.13,5.18,6541.0,0.04,0.55664,1.38,1.63
Kepler-581 b,Kepler-581,40.6069821,0.2259,0.0,521.0,12.39,2.24,2.63,7.41,5772.0,0.03,-0.16946,1.0,1.0
Kepler-1516 b,Kepler-1516,7.25931979,0.0718,0.0,967.0,615.253,3.8,1.75,3.71,5904.0,0.03,0.44571,1.04,1.07
Kepler-1047 c,Kepler-1047,3.18897601,0.04413,0.0,1309.0,1323.065,5.31,0.99,0.937,5754.0,0.29,0.42359,1.08,1.13
Kepler-1409 b,Kepler-1409,0.764864926,0.01553,0.0,1733.0,1552.133,5.47,1.04,1.12,5160.0,-0.03,-0.4219,0.83,0.79
Kepler-585 b,Kepler-585,2.752359753,0.03841,0.0,1178.0,489.149,2.04,2.83,8.4,5593.0,0.03,-0.16334,0.96,0.93
Kepler-1488 b,Kepler-1488,39.8189932,0.24153,0.0,650.0,73.335,3.52,1.86,4.12,5820.0,0.06,0.58748,1.05,1.31
Kepler-697 b,Kepler-697,3.709870645,0.0471,0.0,1151.0,472.236,1.25,4.13,16.0,5513.0,-0.01,-0.02543,0.92,0.88
Kepler-1425 b,Kepler-1425,14.4541302,0.11435,0.0,676.0,216.405,5.15,0.94,0.779,5718.0,-0.03,0.39762,0.97,0.95
Kepler-1350 c,Kepler-1350,1.766789062,0.0222,0.0,730.0,94.054,3.86,1.73,3.64,3827.0,-0.06,-1.2834,0.55,0.53
Kepler-719 b,Kepler-719,5.007317779,0.0556,0.0,998.0,234.28,0.484,8.52,54.5,5777.0,-0.02,0.44767,0.99,0.98
Kepler-1491 b,Kepler-1491,16.5861762,0.127,0.0,821.0,138.108,4.61,1.51,2.89,5728.0,0.06,0.35471,1.0,0.99
Kepler-1492 b,Kepler-1492,16.75255007,0.1262,0.0,801.0,11.523,4.7,1.49,2.83,4712.0,0.06,-0.75433,0.77,0.72
Kepler-698 b,Kepler-698,16.32976218,0.1255,0.0,727.0,172.557,1.44,3.68,13.1,5612.0,-0.03,0.38841,0.94,0.91
Kepler-1454 b,Kepler-1454,47.0319479,0.2447,0.0,492.0,9.08,3.47,1.88,4.19,5448.0,-0.02,-0.25509,0.9,0.86
Kepler-460 c,KIC 5437945,220.1303357,0.75318,0.0,389.0,7.4,0.853,5.52,26.1,6146.0,0.06,0.64137,1.17,1.26
Kepler-720 b,Kepler-720,4.708326542,0.0539,0.0,1162.0,384.561,0.493,8.41,53.4,5618.0,0.0,0.03222,0.95,0.92
Kepler-547 b,Kepler-547,6.010384289,0.058,0.0,768.0,87.713,1.3,4.0,15.1,4828.0,0.01,-0.55508,0.78,0.73
Kepler-1494 b,Kepler-1494,91.080482,0.3982,0.0,415.0,9.113,1.83,3.07,9.64,5659.0,0.01,0.07901,0.96,0.94
Kepler-1520 b,Kepler-1520,0.653553572,0.0129,0.0,1437.0,1134.386,0.804,5.77,28.1,4677.0,0.04,-0.67309,0.76,0.71
Kepler-1065 c,Kepler-1065,2.37030743,0.0344,0.0,1256.0,734.619,4.28,1.6,3.19,5635.0,-0.01,-0.11584,0.94,0.93
Kepler-707 b,Kepler-707,2.237492751,0.0325,0.0,1160.0,336.673,5.44,1.33,2.33,5099.0,-0.12,-0.5014,0.8,0.76
Kepler-602 b,Kepler-602,15.28469497,0.1224,0.0,852.0,128.783,3.02,2.09,5.02,6062.0,-0.02,0.32624,1.08,1.13
Kepler-606 b,Kepler-606,24.31575992,0.17,0.0,683.0,71.843,1.67,3.31,11.0,6161.0,0.01,0.25434,1.13,1.22
Kepler-721 b,Kepler-721,5.392025388,0.0583,0.0,850.0,138.751,2.23,2.64,7.46,5075.0,-0.01,-0.3619,0.82,0.78
Kepler-937 c,Kepler-937,153.343364,0.5545,0.0,377.0,6.93,2.2,2.67,7.61,6095.0,0.08,0.28097,1.15,1.22
Kepler-638 b,Kepler-638,6.07972888,0.06695,0.0,1111.0,872.567,3.6,1.83,4.01,5382.0,0.04,0.53162,0.88,0.93
Kepler-1073 c,Kepler-1073,4.02582254,0.0483,0.0,1169.0,357.082,4.15,1.64,3.33,5792.0,0.0,-0.01023,1.0,1.0
MOA-2010-BLG-353L b,MOA-2010-BLG-353L,,1.72,,,,0.346,11.1,86.0,,,,0.18,
HATS-30 b,HATS-30,3.1743516,0.04354,0.096,1414.0,718.9097,0.543,13.170575,224.38798,5943.0,0.06,0.09691,1.093,1.061
K2-84 c,K2-84,27.86,0.1768,,625.08,25.3,3.14,2.03,4.78,5652.0,0.278,-0.42274,0.95,0.93
K2-88 b,K2-88,4.6122,0.0345,0.26,464.6,7.8,6.02,1.23,2.04,3537.0,,-1.54478,0.258,0.256
Kepler-615 b,Kepler-615,10.35584657,0.085,0.0,620.0,19.18,3.84,1.74,3.68,4655.0,-0.07,-0.695,0.73,0.69
Kepler-506 b,Kepler-506,6.8834055,0.07437,0.0,1080.0,330.547,2.13,2.73,7.9,6236.0,0.09,0.28755,1.19,1.19
Kepler-668 b,Kepler-668,8.35390639,0.0768,0.0,790.0,77.619,2.16,2.7,7.75,5352.0,-0.06,-0.39647,0.87,0.82
Kepler-669 b,Kepler-669,4.125546869,0.0529,0.0,1243.0,826.765,1.01,4.83,20.8,6038.0,0.14,0.35828,1.15,1.2
HATS-15 b,HATS-15,1.74748753,0.02712,0.126,1505.0,2201.3363,1.97,12.385945,689.6911,5311.0,0.0,-0.20412,0.871,0.922
HATS-16 b,HATS-16,2.686502,0.03744,0.0,1592.0,994.8095,1.86,14.5717,1039.3041,5738.0,-0.1,0.17319,0.97,1.238
K2-89 b,K2-89,1.096026,0.01462,0.15,830.07,78.0,4.02,0.615,0.17,3691.0,,-1.32653,0.347,0.318
K2-91 b,K2-91,1.419549,0.0164,0.09,726.81,46.0,5.66,1.1,1.37,3622.0,,-1.84126,0.292,0.284
Kepler-737 b,Kepler-737,28.59915399,0.1422,0.0,298.0,2.297,3.28,1.96,4.5,3813.0,-0.24,-1.30149,0.51,0.48
Kepler-671 b,Kepler-671,4.280958588,0.0503,0.0,1012.0,331.438,2.17,2.69,7.7,5624.0,0.08,-0.08086,0.97,0.95
K2-5 c,K2-5,10.93241,0.0818,,456.0,10.2,2.73,2.26,5.73,3930.0,-0.33,-1.08341,0.61,0.57
K2-5 b,K2-5,5.73594,0.0532,,565.0,24.1,3.4,1.91,4.31,3930.0,-0.33,-1.08341,0.61,0.57
Kepler-223 c,Kepler-223,9.84564,0.09117,0.15,947.0,302.474,0.71,3.44,5.1,5803.0,0.1,0.37128,1.125,1.72
WASP-98 b,WASP-98,2.96264036,0.03762,0.0,1171.0,269.8828,0.764,12.823096,293.03926,5473.0,-0.49,-0.3578,0.809,0.741
Kepler-223 b,Kepler-223,7.38449,0.07525,0.078,1042.0,444.053,1.54,2.99,7.4,5803.0,0.1,0.37128,1.125,1.72
Kepler-672 b,Kepler-672,38.3774623,0.2163,0.0,529.0,16.36,2.39,2.5,6.8,5627.0,-0.01,-0.11219,0.95,0.92
Kepler-571 b,Kepler-571,4.798599388,0.0546,0.0,978.0,219.036,2.23,2.64,7.46,5527.0,0.01,-0.22253,0.93,0.9
K2-16 b,K2-16,7.6188,0.0667,,658.0,44.5,3.16,2.02,4.74,4742.0,-0.33,-0.76082,0.68,0.66
K2-16 c,K2-16,19.07863,0.1229,,485.0,13.1,2.34,2.54,6.99,4742.0,-0.33,-0.76082,0.68,0.66
K2-8 c,K2-8,5.06416,0.0532,,801.0,97.8,2.51,2.41,6.39,4870.0,-0.02,-0.55319,0.78,0.74
Kepler-223 d,Kepler-223,14.78869,0.11956,0.037,827.0,175.951,0.31,5.24,8.0,5803.0,0.1,0.37128,1.125,1.72
Kepler-653 b,Kepler-653,14.70748976,0.11945,0.0,819.0,90.384,3.31,1.95,4.46,5665.0,0.23,0.11872,1.02,1.19
Kepler-742 b,Kepler-742,8.360868238,0.0744,0.0,690.0,38.101,1.71,3.24,10.6,4642.0,0.07,-0.69172,0.76,0.71
Kepler-673 b,Kepler-673,3.728731093,0.0455,0.0,1023.0,253.456,0.684,6.54,34.8,5355.0,0.0,-0.34402,0.88,0.84
Kepler-154 d,Kepler-154,20.54981883,0.14354,0.0,657.0,53.002,1.37,3.84,14.1,5769.0,-0.04,0.03322,0.98,0.98
HD 87646 b,HD 87646,13.481,0.117,0.05,1012.7,665.812,11.4,12.4,3941.092,5770.0,-0.17,0.95972,1.12,1.55
Kepler-80 e,Kepler-80,4.64489,0.0491,0.0035,629.0,94.781,3.75,1.6,4.13,4540.0,0.04,-0.76955,0.73,0.678
Kepler-654 b,Kepler-654,13.72465129,0.11664,0.0,831.0,229.311,3.06,2.07,4.94,5865.0,0.04,0.4622,1.04,1.11
Kepler-148 d,Kepler-148,51.84688575,0.2607,0.0,413.0,6.532,0.473,8.68,56.3,5172.0,0.07,-0.38342,0.86,0.81
Kepler-676 b,Kepler-676,11.59822172,0.0798,0.0,396.0,8.241,1.85,3.04,9.48,3701.0,-0.02,-1.29468,0.51,0.49
OGLE-2012-BLG-0026L b,OGLE-2012-BLG-0026L,,4.0,,,,0.551,7.72,46.1,,,,1.06,
WASP-85 A b,WASP-85 A,2.6556777,0.039,0.0,1452.0,640.3258,0.88,13.89916,402.05495,6112.0,0.118,-0.07144,1.09,0.935
Kepler-80 f,Kepler-80,0.9867873,0.0175,0.186,1054.0,750.964,703.0,1.21,4459.73,4540.0,0.04,-0.76955,0.73,0.678
Kepler-656 b,Kepler-656,1.260259094,0.02231,0.0,1569.0,924.374,1.79,3.12,9.91,5281.0,-0.04,-0.29864,0.86,0.82
Kepler-655 b,Kepler-655,46.4063358,0.25697,0.0,588.0,28.767,2.15,2.71,7.8,6170.0,0.0,0.32385,1.15,1.24
Kepler-678 b,Kepler-678,7.27503724,0.0732,0.0,833.0,113.64,0.935,5.14,23.1,5520.0,0.07,0.44927,0.94,0.91
Kepler-572 b,Kepler-572,17.20523483,0.1192,0.0,553.0,26.889,2.3,2.58,7.18,5212.0,-0.1,-0.43426,0.83,0.79
WASP-114 b,WASP-114,1.5487743,0.02851,0.012,2043.0,2978.2048,0.97,15.008851,562.24127,5940.0,0.14,0.33294,1.289,1.43
WASP-113 b,WASP-113,4.54216874538,0.05885,0.0,1496.0,821.405,0.228,15.793481,150.96925,5890.0,0.1,0.51621,1.318,1.608
HD 59686 A b,HD 59686 A,299.36,1.086,0.05,783.08,56.2338,5.9,12.7,2199.3836,4658.0,0.15,1.82166,1.9,13.2
Kepler-679 b,Kepler-679,12.39358604,0.0983,0.0,677.0,56.002,1.88,3.01,9.32,5403.0,-0.09,-0.34758,0.87,0.84
Kepler-680 b,Kepler-680,3.689926291,0.0469,0.0,1147.0,706.62,2.5,2.42,6.44,5890.0,0.13,0.19729,1.08,1.11
K2-47 b,K2-47,31.6372,0.1779,,503.72,10.7,3.44,1.89,4.23,5054.0,-0.224,-0.48202,0.75,0.76
K2-48 b,K2-48,20.5065,0.1344,,550.56,15.3,2.76,2.24,5.65,4899.0,-0.19,-0.65663,0.77,0.73
Kepler-617 b,Kepler-617,1.682696148,0.0219,0.0,750.0,100.295,5.5,1.32,2.3,3712.0,-0.07,-1.30507,0.51,0.48
Kepler-588 b,Kepler-588,4.221625357,0.052,0.0,1176.0,718.075,2.24,2.63,7.41,5835.0,0.0,0.20713,1.01,1.0
Kepler-573 b,Kepler-573,22.18329658,0.14527,0.0,646.0,46.44,2.07,2.79,8.2,5746.0,0.02,0.0286,0.99,1.02
Kepler-681 b,Kepler-681,26.39435646,0.1635,0.0,489.0,14.151,1.82,3.08,9.69,5021.0,-0.04,-0.45672,0.8,0.76
K2-49 b,K2-49,2.77065,0.0309,,768.28,59.0,3.35,1.93,4.38,4175.0,,-0.77386,0.51,0.45
K2-58 b,K2-58,7.05254,0.0692,,920.17,118.0,2.18,2.68,7.65,5413.0,0.11,-0.39764,0.89,0.86
Kepler-1600 b,Kepler-1600,386.370548,0.98141,0.0,209.0,0.4,1.78,3.13,9.96,5214.0,0.07,-0.33945,0.86,0.82
Kepler-727 b,Kepler-727,5.154484417,0.0546,0.0,964.0,176.685,2.35,2.53,6.94,5441.0,-0.01,-0.3172,0.89,0.86
Kepler-589 b,Kepler-589,16.54964934,0.1196,0.0,656.0,32.142,2.71,2.27,5.77,5296.0,0.01,-0.34669,0.88,0.83
Kepler-660 b,Kepler-660,9.27358194,0.0759,0.0,649.0,44.09,2.31,2.57,7.13,4779.0,-0.07,-0.62564,0.75,0.71
K2-58 c,K2-58,2.53726,0.035,,1293.86,462.0,4.21,1.62,3.26,5413.0,0.11,-0.39764,0.89,0.86
K2-58 d,K2-58,22.8827,0.1517,,621.48,24.6,3.92,1.71,3.57,5413.0,0.11,-0.39764,0.89,0.86
Kepler-560 b,Kepler-560,18.47764449,0.0899,0.17,298.0,2.46,3.9,1.72,3.61,3556.0,-0.39,-1.717,0.34,0.33
Kepler-550 b,Kepler-550,8.600104109,0.0747,0.0,760.0,77.258,1.14,4.42,17.9,5322.0,-0.02,-0.38383,0.87,0.83
Kepler-496 b,Kepler-496,8.30864937,0.0747,0.0,747.0,62.926,2.64,2.32,5.99,5293.0,-0.03,-0.41551,0.86,0.82
KELT-10 b,KELT-10,4.1662739,0.0525,,1377.0,600.0,0.308,15.681391,215.80657,5948.0,0.09,0.21748,1.112,1.209
Kepler-712 c,Kepler-712,226.89047,0.66479,0.0,236.0,0.662,1.01,4.85,21.0,5148.0,-0.03,-0.48393,0.84,0.78
K2-59 c,K2-59,11.2954,0.0905,,692.77,38.3,2.66,2.3,5.9,5055.0,,-0.66037,0.774,0.731
K2-59 b,K2-59,20.6921,0.1354,,566.37,17.1,2.51,2.41,6.39,5055.0,,-0.66037,0.774,0.731
Kepler-650 b,Kepler-650,3.032145588,0.0421,0.0,1507.0,1218.88,1.92,2.96,9.06,5849.0,0.13,0.284,1.08,1.35
Kepler-728 b,Kepler-728,5.743477265,0.0625,0.0,982.0,484.51,1.64,3.34,11.1,5660.0,-0.03,0.22726,0.95,0.93
Kepler-663 b,Kepler-663,4.99678284,0.0559,0.0,917.0,167.979,2.27,2.6,7.27,5264.0,0.03,-0.31305,0.86,0.82
Kepler-1629 b,Kepler-1629,3.87595807,0.0485,0.0,1081.0,315.457,4.59,0.77,0.381,5776.0,0.05,-0.13437,1.01,1.01
K2-64 b,K2-64,6.53044,0.0619,,877.23,98.0,3.06,2.07,4.94,5312.0,,-0.23421,0.741,0.726
K2-63 b,K2-63,20.257,0.1627,,1033.44,188.0,1.73,3.22,10.5,6771.0,,0.21948,1.4,1.63
Kepler-729 b,Kepler-729,3.166353714,0.0432,0.0,1273.0,1089.549,1.5,3.58,12.5,5633.0,-0.05,0.26135,0.94,0.91
Kepler-618 b,Kepler-618,3.595769645,0.0449,0.0,1296.0,677.569,2.27,2.6,7.27,5860.0,0.08,0.1732,1.05,1.08
WASP-129 b,WASP-129,5.748145,0.0628,0.096,1100.0,345.7201,1.6,10.42437,317.83,5900.0,0.15,0.11182,1.0,0.9
WASP-133 b,WASP-133,2.176423,0.0345,0.17,1790.0,2054.7956,0.88,13.56289,368.6828,5700.0,0.29,0.30545,1.16,1.44
K2-69 b,K2-69,7.06599,0.0591,,573.61,17.9,2.64,2.32,5.99,4127.0,,-1.35611,0.551,0.491
K2-68 b,K2-68,8.05428,0.0708,,706.64,41.0,4.35,1.58,3.12,4746.0,-0.21,-0.67323,0.73,0.675
Kepler-590 b,Kepler-590,5.85296257,0.0647,0.0,1056.0,782.415,1.29,4.02,15.2,6000.0,0.07,0.47712,1.1,1.15
Kepler-664 b,Kepler-664,2.525593315,0.0374,0.0,1406.0,652.435,2.21,2.66,7.56,5754.0,0.07,-0.11113,1.01,1.02
MOA-2013-BLG-605L b,MOA-2013-BLG-605L,,0.93,,,,4.19,1.62,3.24,,,,0.024,
K2-75 b,K2-75,7.8142,0.081,,1268.65,430.0,2.2,2.67,7.61,5995.0,0.3,0.34943,1.16,1.56
K2-71 b,K2-71,6.98541,0.0559,,533.27,13.4,2.91,2.15,5.27,4006.0,,-1.51871,0.477,0.426
Kepler-591 b,Kepler-591,81.1694299,0.3554,0.0,436.0,5.615,1.61,3.39,11.4,5677.0,0.01,-0.078,0.97,0.94
HATS-25 b,HATS-25,4.2986432,0.05163,0.176,1277.0,454.8721,0.38,14.12334,194.82979,5715.0,0.02,0.06819,0.994,1.107
HATS-26 b,HATS-26,3.3023881,0.04735,0.245,1918.0,2236.5716,0.153,19.61575,206.5895,6071.0,-0.02,0.70415,1.299,2.04
K2-80 b,K2-80,19.0918,0.135,,666.05,32.5,3.18,2.01,4.7,5441.0,0.07,-0.43238,0.9,0.87
K2-75 c,K2-75,18.311,0.1429,,955.14,138.0,2.09,2.77,8.1,5995.0,0.3,0.34943,1.16,1.56
Kepler-736 b,Kepler-736,3.60147201,0.0428,0.0,996.0,233.031,1.95,2.93,8.91,5217.0,0.03,-0.34984,0.86,0.81
Kepler-735 b,Kepler-735,11.51516988,0.0965,0.0,657.0,32.679,1.93,2.95,9.01,5107.0,0.07,-0.51697,0.85,0.8
Kepler-569 b,Kepler-569,34.18890521,0.19784,0.0,526.0,19.314,1.76,3.16,10.1,5616.0,0.01,-0.10661,0.95,0.93
Kepler-592 b,Kepler-592,2.820192408,0.0397,0.0,1367.0,935.827,2.54,2.39,6.3,5913.0,-0.03,0.18506,1.04,1.04
HATS-27 b,HATS-27,4.637038,0.0611,0.581,1659.0,1342.5733,0.18,16.8135,168.4499,6438.0,0.09,0.66932,1.415,1.74
K2-83 c,K2-83,9.99767,0.07131,0.06,459.75,7.42,4.72,1.483,2.8,3910.0,,-1.20362,0.484,0.424
K2-84 b,K2-84,6.4215,0.0665,,1019.22,178.0,2.51,2.41,6.39,5652.0,0.278,-0.42274,0.95,0.93
Kepler-562 b,Kepler-562,18.009314436,0.1333,0.0,658.0,67.435,0.921,5.21,23.7,5575.0,-0.04,0.01578,0.93,0.9
Kepler-651 b,Kepler-651,21.38521506,0.14078,0.0,574.0,27.223,2.56,2.37,6.21,5522.0,-0.04,-0.25322,0.92,0.87
Kepler-593 b,Kepler-593,21.21708973,0.1508,0.0,706.0,61.02,2.0,2.87,8.6,5967.0,0.04,0.07929,1.08,1.1
Kepler-570 b,Kepler-570,4.301662003,0.0497,0.0,1009.0,214.04,2.45,2.45,6.57,5496.0,0.06,-0.29611,0.93,0.9
MOA-2016-BLG-227L b,MOA-2016-BLG-227L,,1.39,,,,2.13,13.2,890.0,,,,0.29,
Kepler-1650 b,Kepler-1650,1.53818001,0.0167,0.01,602.0,54.562,5.22,0.96,0.84,3410.0,-0.11,-1.871,0.326,0.334
K2-178 b,K2-178,8.747818,,,840.29,117.826,1.51,3.55790985,12.4,5525.0,0.09,-0.28382,0.95109,0.887267
K2-72 c,K2-72,15.189034,0.078,0.11,333.81,2.2,5.81,1.16,1.65,3360.47,,-1.83673,0.271365,0.330989
WASP-53 b,WASP-53,3.3098443,0.04101,0.03,1053.0,241.6656,2.28,12.038466,677.61356,4953.0,0.22,-0.46344,0.839,0.798
K2-60 b,K2-60,3.00265,0.045,0.0,1400.0,1212.0,1.7,7.655747,135.39558,5500.0,0.01,0.28233,0.97,1.12
Kepler-1651 b,Kepler-1651,9.87863917,0.0692,0.13,393.0,5.65,3.56,1.84,4.04,3713.0,-0.16,-1.368,0.522,0.503
BD+03 2562 b,BD+03 2562,481.9,1.3,0.2,985.04,296.5605,5.46,12.7,2034.112,4095.0,-0.71,2.7,1.14,32.35
K2-72 e,K2-72,24.158868,0.106,0.11,286.34,1.2,5.66,1.29,2.21,3360.47,,-1.83673,0.271365,0.330989
K2-72 d,K2-72,7.760178,0.05,0.11,416.92,5.4,5.39,1.01,1.01,3360.47,,-1.83673,0.271365,0.330989
K2-81 b,K2-81,6.102325,0.059,0.06,739.23,62.9,3.26,1.97,4.54,4674.13,,-0.5689,0.745273,0.634663
WASP-81 b,WASP-81,2.7164762,0.03908,0.066,1623.0,1034.0911,0.332,16.017661,231.69807,5870.0,-0.36,0.24551,1.08,1.283
HD 177565 b,HD 177565,44.505,0.246,0.0593,539.21,14.5941,1.3,4.0,15.1,5627.0,0.0812,-0.05395,1.0,0.971489
MOA-2012-BLG-505L b,MOA-2012-BLG-505L,,0.9,,,,2.41,2.48,6.7,,,,0.1,
K2-201 c,K2-201,22.779878,,,,,1.67,3.28568401,10.8,5507.0,0.13,-0.27594,0.956055,0.878161
K2-201 b,K2-201,1.05979,,,,,5.09,1.40006712,2.54,5507.0,0.13,-0.27594,0.956055,0.878161
GJ 1148 b,GJ 1148,41.38,0.166,0.38,232.94,0.4906,0.315,11.9,96.7,3287.0,0.1596,-1.86908,0.344045,0.358519
HD 17674 b,HD 17674,623.8,1.42,0.13,259.52,0.7946,0.566,13.9,276.5121,5904.0,-0.16,0.20472,0.98,1.18
HATS-22 b,HATS-22,4.7228124,0.05025,0.079,858.0,111.299,3.89,10.682177,870.8542,4803.0,0.0,-0.64589,0.759,0.689
TYC 4282-00605-1 b,TYC 4282-00605-1,101.54,0.422,0.28,1285.1,456.431,9.87,12.4,3426.2074,4300.0,-0.07,1.91,0.97,16.21
K2-206 b,K2-206,18.294549,,,,,2.07,2.79522879,8.22,5043.0,-0.14,-0.43502,0.789481,0.758046
K2-207 b,K2-207,12.48749,,,,,2.27,2.60585269,7.3,5522.0,0.11,-0.17314,0.941851,0.928158
K2-132 b,K2-132,9.1751,0.0916,0.29,1586.0,293.374,0.277,14.5717,155.7367,4840.0,-0.01,0.94349,1.08,3.85
WASP-153 b,WASP-153,3.332609,0.048,0.009,1700.0,1400.0,0.15,17.37395,123.9537,5914.0,0.34,0.45958,1.336,1.73
HATS-23 b,HATS-23,2.1605156,0.03397,0.114,1654.0,994.8004,0.29,20.84874,467.2101,5780.0,0.28,0.15534,1.121,1.199
HD 219134 b,HD 219134,3.092926,0.03876,0.0,1015.0,176.2,6.34,1.602,4.74,4699.0,0.11,-0.57741,0.81,0.778
HD 40956 b,HD 40956,578.6,1.4,0.24,580.56,23.5561,2.05,13.2,858.141,4869.0,0.14,1.66436,2.0,8.56
Ross 128 b,Ross 128,9.8658,0.0496,0.116,301.0,1.38,5.63,1.11,1.4,3192.0,-0.02,-2.44129,0.168,0.1967
K2-219 b,K2-219,3.901287,,,,,5.34,1.34762583,2.38,5753.0,0.13,0.15097,1.021545,1.189232
OGLE-2013-BLG-1721L b,OGLE-2013-BLG-1721L,,2.6,,,,0.392,14.1,200.0,,,,0.46,
HD 34445 c,HD 34445,214.67,0.7181,0.036,390.12,3.8979,0.492,8.42,53.5,5836.0,0.14,0.3032,1.07,1.38
HD 219134 d,HD 219134,46.859,0.237,0.138,410.5,4.72,,1.61,16.17,4699.0,0.11,-0.57741,0.81,0.778
HD 219134 f,HD 219134,22.717,0.1463,0.148,522.6,12.38,,1.31,7.3,4699.0,0.11,-0.57741,0.81,0.778
OGLE-2016-BLG-1190L b,OGLE-2016-BLG-1190L,1220.0,2.17,0.42,,,12.6,12.3,4253.0,,,,0.88,
HD 113996 b,HD 113996,610.2,1.6,0.28,798.69,113.6719,5.37,12.7,2002.329,4181.0,0.13,2.46389,1.49,25.11
K2-213 b,K2-213,8.13087,,,,,4.59,1.51398464,2.9,5794.0,0.25,0.24679,1.069596,1.20424
K2-215 b,K2-215,8.269648,,,,,2.96,2.12381238,5.16,5704.0,0.11,-0.02639,0.999987,0.974398
HD 34445 d,HD 34445,117.87,0.4817,0.027,476.32,8.6625,0.754,6.07,30.7,5836.0,0.14,0.3032,1.07,1.38
HD 34445 g,HD 34445,5700.0,6.36,0.032,131.09,0.0497,0.263,13.6,120.6,5836.0,0.14,0.3032,1.07,1.38
Kepler-20 g,Kepler-20,34.94,0.2055,0.15,524.0,16.2132,1.05,4.71,19.96,5495.0,0.07,-0.16451,0.948,0.9639
NGC 2682 Sand 978 b,NGC 2682 Sand 978,511.21,,0.16,,,1.62,13.3,692.8694,4200.0,-0.02,2.1567,1.37,21.017414
Kepler-80 g,Kepler-80,14.64558,,0.1303,418.0,,0.31,1.13,0.065,4540.0,0.04,-0.76955,0.83,0.678
K2-217 b,K2-217,14.074524,,,,,1.5,3.57854073,12.5,5967.0,0.04,0.23239,1.102661,1.333718
K2-218 b,K2-218,8.679885,,,,,2.31,2.56948149,7.13,5757.0,0.25,-0.00284,1.047488,1.008231
GJ 3293 c,GJ 3293,122.6196,0.36175,0.11,176.62,0.17,1.0,4.87,21.09,3466.0,0.02,-1.65758,0.42,0.404
GJ 3293 b,GJ 3293,30.5987,0.14339,0.06,280.54,1.07,0.925,5.19,23.54,3466.0,0.02,-1.65758,0.42,0.404
Wolf 1061 b,Wolf 1061,4.8869,0.0375,0.15,461.1,7.34,5.92,1.21,1.91,3342.0,-0.09,-1.9914,0.294,0.307
K2-80 d,K2-80,28.867253,,,,,2.33,2.55211506,7.04,5377.0,0.07,-0.43238,0.913111,0.841458
Kepler-1652 b,Kepler-1652,38.09722,0.1654,0.0,268.0,0.81,4.28,1.6,3.19,3638.0,-0.3,-1.638,0.404,0.382
Wolf 1061 c,Wolf 1061,17.8719,0.089,0.11,299.3,1.3,4.1,1.66,3.41,3342.0,-0.09,-1.9914,0.294,0.307
PSR J2322-2650 b,PSR J2322-2650,0.322963997,0.0102,0.0017,,,1.84,13.9,252.643067,,,,1.4,
HATS-50 b,HATS-50,3.8297015,0.05046,0.516,1275.39,625.3023,0.33,12.66617,123.9537,5990.0,,0.14301,1.168,1.117
tau Cet f,tau Cet,636.13,1.334,0.16,201.97,0.2782,3.64,1.81,3.93,5310.0,-0.52,-0.30539,0.783,0.83
WASP-91 b,WASP-91,2.798581,0.037,0.0,1160.0,332.5562,1.59,11.54527,425.8922,4920.0,0.19,-0.3827,0.84,0.86
HD 9174 b,HD 9174,1179.0,2.2,0.12,234.3,0.4979,0.754,13.7,352.7913,5577.0,0.39,0.38202,1.03,1.67
HD 68402 b,HD 68402,1103.0,2.18,0.03,196.26,0.2462,6.9,12.6,2510.8444153,5950.0,0.29,0.06819,1.12,1.02
GJ 3138 b,GJ 3138,1.22003,0.0197,0.19,902.98,118.1,5.95,1.18,1.78,3717.0,-0.3,-1.34679,0.681,0.5
MOA-2012-BLG-006L b,MOA-2012-BLG-006L,,10.2,,,,7.42,12.6,2700.0,,,,0.49,
WASP-105 b,WASP-105,7.87288,0.075,0.0,900.0,166.5368,2.65,10.76064,572.094,5070.0,0.28,-0.02427,0.89,0.9
HD 147873 c,HD 147873,491.54,1.36,0.23,373.68,3.2385,1.71,13.3,731.009,5972.0,0.03,0.77743,1.38,2.29
HD 128356 b,HD 128356,298.2,0.87,0.57,232.36,0.4756,0.579,13.9,282.8687,4875.0,0.17,-0.4437,0.65,0.85
GJ 3138 d,GJ 3138,257.8,0.698,0.32,151.7,0.1,1.71,3.23,10.5,3717.0,-0.3,-1.34679,0.681,0.5
TYC 3318-01333-1 b,TYC 3318-01333-1,562.0,1.414,0.098,470.43,8.1115,2.66,13.1,1086.9786,4776.0,-0.06,1.21,1.19,5.9
GJ 625 b,GJ 625,14.628,0.078361,0.13,335.59,2.0787,4.68,1.49,2.82,3499.0,-0.38,-1.894,0.3,0.31
GJ 3323 c,GJ 3323,40.54,0.1264,0.17,147.8,0.17,5.52,1.32,2.31,3159.0,-0.27,-2.56864,0.164,0.119
BD+48 740 b,BD+48 740,733.0,1.7,0.76,538.94,15.1044,1.21,13.5,540.311,4534.0,-0.13,1.64,1.09,10.33
K2-21 b,K2-21,9.325038,0.076,0.1,500.0,10.0,2.7,1.84,4.04,4222.06,-0.11,-0.98492,0.676023,0.646783
K2-4 b,K2-4,10.003417,0.078,0.08,563.0,15.6,3.0,2.1,5.06,4014.73,-0.12,-0.91516,0.635026,0.569359
K2-21 c,K2-21,15.50192,0.107,0.21,420.0,5.1,5.4,2.49,6.76,4222.06,-0.11,-0.98492,0.676023,0.646783
WASP-141 b,WASP-141,3.310651,0.0469,0.0,1540.0,1061.5542,1.98,13.56289,854.9627,5900.0,0.29,0.31468,1.25,1.37
K2-31 b,K2-31,1.25785,0.022,0.0,1688.0,1272.0,0.032,11.88154,563.83042,5280.0,0.08,-0.11028,0.91,0.78
GJ 3293 e,GJ 3293,13.2543,0.08208,0.21,370.79,3.34,4.16,1.63,3.28,3466.0,0.02,-1.65758,0.42,0.404
GJ 3293 d,GJ 3293,48.1345,0.19394,0.12,241.22,0.59,2.19,2.67,7.6,3466.0,0.02,-1.65758,0.42,0.404
K2-149 b,K2-149,11.332,0.083,,472.41,7.0,4.15,1.64,3.33,3745.0,0.11,-1.3098,0.595,0.568
KELT-21 b,KELT-21,3.6127647,0.05224,0.0,2051.0,2950.0,1.24,17.777474,1242.7153,7598.0,-0.405,0.90472,1.458,1.638
K2-125 b,K2-125,21.750264,0.121,0.08,321.22,2.0,2.86,2.18,5.39,3654.47,,-1.64124,0.494727,0.402049
V830 Tau b,V830 Tau,4.927,0.057,0.0,1213.95,370.0414,0.446,14.0,222.481,4250.0,-0.08,0.08,1.0,2.0
HATS-31 b,HATS-31,3.37796,0.0478,0.233,1823.0,1619.406,0.243,18.38276,279.6904,6050.0,0.0,0.61909,1.275,1.87
Kepler-150 f,Kepler-150,637.2093,1.24,,227.77,0.4485,1.47,3.64,12.9,5528.0,0.12,-0.16141,0.97,0.905339
Qatar-3 b,Qatar-3,2.5079204,0.03783,0.0,1681.0,1330.0,4.0,12.285064,1369.8473,6007.0,-0.041,0.27875,1.145,1.272
K2-160 b,K2-160,3.705871,,,,,1.75,3.17824034,10.2,5649.0,0.07,-0.13676,0.982829,0.913754
K2-128 b,K2-128,5.675819,0.056,0.23,803.1,68.8,4.99,1.42,2.6,4469.51,-0.26,-0.82159,0.711248,0.777569
HATS-34 b,HATS-34,2.1061607,0.03166,0.108,1445.0,691.8428,0.4,16.02887,299.07803,5380.0,0.25,-0.14026,0.955,0.98
KELT-18 b,KELT-18,2.8717518,0.0455,0.0,2085.0,3152.0,0.377,17.59813,375.0394,6670.0,0.09,0.81291,1.524,1.908
K2-163 b,K2-163,6.673117,,,,,2.44,2.46610713,6.65,4937.0,0.14,-0.54141,0.826112,0.762201
K2-165 b,K2-165,2.354992,,,,,5.76,1.27443657,2.17,5185.0,-0.05,-0.36982,0.834847,0.803827
K2-35 c,K2-35,5.608352,0.055,0.12,766.0,68.0,3.35,1.93,4.38,4402.71,0.04,-0.71881,0.701968,0.619575
HATS-35 b,HATS-35,1.8209993,0.03199,0.306,2037.0,2440.7,0.484,16.409976,388.38826,6300.0,0.21,0.46538,1.317,1.433
OGLE-2016-BLG-1195L b,OGLE-2016-BLG-1195L,,1.16,,,,5.75,1.11,1.43,,,,0.078,
K2-175 b,K2-175,9.525988,,,,,3.12,2.03803688,4.81,5909.0,0.05,0.41926,1.094693,1.420038
K2-165 c,K2-165,4.382745,,,,,4.44,1.55409035,3.03,5185.0,-0.05,-0.36982,0.834847,0.803827
K2-116 b,K2-116,4.655411,0.048,0.06,783.03,78.6,4.3,0.69,0.257,4348.35,0.01,-0.74639,0.694512,0.6694
K2-102 b,K2-102,9.915615,,0.1,,,5.6,1.3,2.24,4695.0,0.14,-0.65738,0.77,0.71
XO-6 b,XO-6,3.7650007,0.0815,0.0,1577.0,580.386,0.62,23.20263,1398.452,6720.0,-0.07,0.53614,1.47,1.93
HD 6434 b,HD 6434,21.998,0.14,0.17,786.83,57.2458,0.299,14.2,155.7367,5769.0,-0.55,0.05,1.1,1.12
HD 68988 b,HD 68988,6.27711,0.07,0.12,1179.39,340.126,1.43,13.4,626.1251,5932.0,0.35,0.22184,1.28,1.19
HD 220074 b,HD 220074,672.09998,1.6,0.14,1069.88,305.7049,16.0,12.2,5288.6912,3787.0,-0.25,2.89354,2.2,54.92
WASP-58 b,WASP-58,5.01718,0.0562,0.0,1270.0,404.7112,0.45,16.02887,308.2951,5800.0,-0.45,0.16,1.06,1.22
K2-231 b,K2-231,13.841901,,,,,2.39,2.5,6.8,5695.0,0.14,-0.11208,1.01,0.95
HATS-39 b,HATS-39,4.5776348,0.06007,0.275,1645.0,1547.1014,0.202,17.59813,200.2329,6572.0,0.0,0.64048,1.379,1.621
HD 137388 b,HD 137388,330.0,0.89,0.36,248.42,0.5807,0.431,9.32,63.566,5181.0,0.19,-0.33724,0.68,0.88
HD 13931 b,HD 13931,4218.0,5.15,0.02,139.38,0.0592,2.13,13.2,889.9195396,5867.0,0.05,0.1959,1.3,1.25
HD 75289 b,HD 75289,3.50927,0.05,0.03,1260.0,821.3488,0.299,14.2,155.7367,6117.0,0.26,0.31247,1.29,1.23
WASP-72 b,WASP-72,2.21673,0.03711,0.0,2210.0,6233.7915,0.87,14.45961,731.009,6250.0,-0.06,0.724,2.78,2.18
HATS-40 b,HATS-40,3.2642736,0.04997,0.312,2101.0,3163.3762,0.49,17.71022,505.3497,6460.0,0.01,0.90309,1.561,2.26
HATS-41 b,HATS-41,4.193649,0.0583,0.38,1710.0,1300.3125,5.1,14.90797,3082.951,6424.0,0.47,0.65321,1.496,1.71
HD 142022 A b,HD 142022 A,1928.0,2.93,0.53,155.74,0.1176,3.67,12.9,1433.40611557,5421.0,0.19,0.00432,0.9,1.04
HD 145377 b,HD 145377,103.95,0.45,0.31,442.98,7.7037,5.01,12.8,1913.3366,6014.0,0.11,0.19312,1.2,1.05
HD 76700 b,HD 76700,3.97097,0.05,0.09,1424.61,723.1837,0.415,9.6,66.7443,5644.0,0.31,0.25719,0.99,1.37
HD 82886 b,HD 82886,705.0,1.58,0.07,435.78,5.568,1.73,13.3,740.5439,4953.0,-0.31,1.14301,2.53,5.26
HD 24040 b,HD 24040,3668.0,4.92,0.04,143.81,0.0779,4.07,12.9,1589.142035,5802.0,0.19,0.27569,1.11,1.3
HD 222155 b,HD 222155,3999.0,5.14,0.16,164.93,0.1222,1.33,13.4,581.62598481,5701.0,-0.18,0.50892,1.21,1.85
HD 158996 b,HD 158996,820.2,2.1,0.13,960.27,234.6259,13.1,12.3,4449.62,4069.0,-0.2,3.01481,1.8,50.3
KPS-1 b,KPS-1,1.706291,0.0269,0.0,1459.0,729.0,1.31,11.54527,346.4347,5165.0,0.22,-0.35281,0.892,0.907
HD 154672 b,HD 154672,163.94,0.6,0.61,410.76,5.0225,4.47,12.8,1706.7471,5743.0,0.25,0.25722,1.18,1.32
KELT-6 b,KELT-6,7.8457,0.07939,0.22,1313.0,718.188,0.27,14.5717,165.2716,6102.0,-0.28,0.493,1.42,1.73
HAT-P-49 b,HAT-P-49,2.69155,0.04378,0.0,2131.0,4392.03,0.75,17.82231,699.226,6820.0,0.07,0.814,2.22,2.06
K2-155 c,K2-155,13.85,0.0946,,583.0,7.0,2.27,2.6,7.27,4258.0,-0.3,-1.22915,0.65,0.58
HD 158038 b,HD 158038,521.0,1.5,0.29,405.91,5.2889,1.09,13.5,486.2799,4860.0,0.19,1.07555,1.3,4.5
HR 810 b,HR 810,302.79999,0.92,0.14,329.57,2.116,5.29,12.7,1970.5361234,6167.0,0.16,0.25309,1.34,1.13
BD-13 2130 b,BD-13 2130,714.29999,1.66,0.21,744.77,40.0372,8.75,12.5,3108.3774,4545.0,-0.08,2.04268,2.12,19.17
HD 285507 b,HD 285507,6.0881,0.06,0.09,736.35,53.0123,0.651,13.8,311.4734,4503.0,0.13,-0.71932,0.82,0.69
WASP-117 b,WASP-117,10.02165,0.09459,0.3,1001.0,706.3929,0.3445,11.88154,95.349,6040.0,-0.11,0.27413,1.29,1.22
K2-155 d,K2-155,40.718,0.1937,,381.0,1.67,3.42,1.9,4.27,4258.0,-0.3,-1.22915,0.65,0.58
HD 16175 b,HD 16175,990.0,2.12,0.6,259.78,0.7164,4.91,12.8,1875.1876013,5981.0,0.3,0.50786,1.63,1.72
HD 16141 b,HD 16141,75.523,0.36,0.25,562.87,17.9052,0.351,10.9,82.6358,5757.0,0.13,0.36558,1.11,1.48
WASP-11 b,WASP-11,3.72247,0.0435,0.0,992.0,184.988,0.632,12.44199,251.0857,4800.0,0.0,0.0,1.42,0.89
WASP-13 b,WASP-13,4.35301,0.05362,0.0,1531.0,617.309,0.222,13.67498,114.4188,5950.0,0.0,0.43636,0.72,1.37
WASP-95 b,WASP-95,2.18467,0.03416,0.0,1570.0,2841.0562,0.84,13.78707,457.6752,5830.0,0.14,0.17781,1.46,1.23
WASP-97 b,WASP-97,2.07276,0.03303,0.0,1555.0,1414.87,1.21,12.77826,432.2488,5640.0,0.23,0.07149,1.18,1.08
11 UMi b,11 UMi,516.21997,1.53,0.08,896.43,114.8502,13.8,12.3,4684.8142,4213.0,-0.02,2.42951,2.78,29.79
HD 1690 b,HD 1690,533.0,1.36,0.64,841.73,17.8958,7.86,12.5,2793.7257,4374.0,-0.27,1.51983,1.86,21.66
WASP-14 b,WASP-14,2.24375,0.037,0.09,1872.0,1356.33,2.25,15.46842,2809.6172,6475.0,0.0,0.42732,1.62,1.4
WASP-101 b,WASP-101,3.58572,0.05057,0.0,1560.0,1089.171,0.24,16.02887,162.0933,6380.0,0.2,0.42052,1.41,1.31
BD-10 3166 b,BD-10 3166,3.48777,0.04,0.02,1240.38,402.4216,0.368,14.1,187.5197,5393.0,0.38,-0.1912,1.47,0.91
GJ 86 b,GJ 86,15.76491,0.11,0.04,661.12,33.7048,3.6,12.9,1404.8086,5182.0,-0.22,-0.38952,0.93,0.77
WASP-22 b,WASP-22,3.53269,0.047,0.02,1502.0,837.7034,0.444,13.78707,212.9461,6000.0,-0.05,0.245,1.46,1.24
HD 95127 b,HD 95127,482.0,1.28,0.11,1151.28,116.3001,9.74,12.4,3378.5329,4218.0,-0.18,2.28,3.7,41.01
WASP-82 b,WASP-82,2.70579,0.0447,0.0,2190.0,3557.29,0.354,18.15858,371.8611,6480.0,0.12,0.79422,1.48,2.1
HD 204941 b,HD 204941,1733.0,2.55,0.37,134.04,0.0477,0.39,10.1,73.1009,5026.0,-0.19,-0.50864,0.58,0.78
WASP-29 b,WASP-29,3.92273,0.0457,0.03,970.0,121.7724,0.65,8.63093,73.1009,4800.0,0.11,-0.52509,0.77,0.79
WASP-26 b,WASP-26,2.7566,0.04,0.0,1650.0,1225.5264,0.703,13.56289,270.1555,6034.0,0.16,0.28725,0.86,1.22
K2-164 b,K2-164,17.355066,,,,,1.7,3.24925008,10.6,5791.0,-0.23,0.59002,1.180894,2.196069
K2-169 b,K2-169,6.380803,,,,,5.75,1.27328671,2.16,5548.0,0.26,-0.16063,0.986144,0.919053
HAT-P-22 b,HAT-P-22,3.21222,0.0414,0.02,1463.0,325.569,2.14,12.89035,785.0401,5302.0,0.24,-0.114,1.13,1.11
HAT-P-24 b,HAT-P-24,3.35524,0.04651,0.07,1637.0,1294.929,0.44,14.5717,238.3725,6373.0,-0.16,0.408,1.37,1.38
HD 212301 b,HD 212301,2.24571,0.03,0.0,1870.75,1944.4444,0.311,14.2,162.0933,6239.0,0.18,0.24304,1.55,1.16
WASP-38 b,WASP-38,6.87188,0.07522,0.03,1250.0,501.5014,2.3,13.78707,1093.3352,6180.0,-0.02,0.45294,1.76,1.52
K2-170 b,K2-170,7.576544,,,,,5.01,1.41817537,2.6,5748.0,-0.11,0.0717,0.963657,0.981614
K2-171 b,K2-171,5.628466,,,,,2.18,2.68657205,7.69,5250.0,-0.09,0.51583,0.891587,1.717458
HAT-P-29 b,HAT-P-29,5.72319,0.0667,0.09,1281.0,433.0,0.710842,13.11453,279.6904,6087.0,0.21,0.31175,1.45,1.3
HD 213240 b,HD 213240,882.70001,1.89,0.42,257.7,0.7524,4.34,12.8,1655.88600047,5979.0,0.15,0.42935,1.57,1.51
WASP-41 b,WASP-41,3.0524,0.04022,0.0,1244.0,344.149,0.742,12.3299,270.1555,5545.0,0.06,-0.19512,0.81,0.83
WASP-48 b,WASP-48,2.14363,0.03444,0.0,2035.0,3410.2601,0.415,16.8135,254.264,5920.0,-0.12,0.58013,0.88,1.58
K2-172 b,K2-172,14.316941,,,,,4.06,1.66608079,3.42,5569.0,-0.06,-0.20215,0.934356,0.868889
K2-172 c,K2-172,29.62682,,,,,1.73,3.20569097,10.4,5569.0,-0.06,-0.20215,0.934356,0.868889
K2-190 b,K2-190,10.098858,,,,,5.3,1.35673729,2.41,5631.0,-0.19,-0.06781,0.904597,0.912206
HAT-P-5 b,HAT-P-5,2.78849,0.04073,0.0,1517.0,850.6754,0.668403,13.56289,311.4734,5960.0,0.24,0.187,1.04,1.12
HAT-P-6 b,HAT-P-6,3.85298,0.05239,0.0,1675.0,1099.44,0.558,16.58932,419.5356,6570.0,-0.13,0.55267,1.79,1.62
HD 218566 b,HD 218566,225.7,0.69,0.3,253.15,0.7414,0.431,9.32,63.566,4730.0,0.28,-0.45223,0.76,0.85
HD 240237 b,HD 240237,745.70001,1.92,0.4,1153.09,83.8296,15.3,12.2,5050.3187,3926.0,-0.25,2.49,8.76,71.23
XO-1 b,XO-1,3.94153,0.0488,0.0,1210.0,321.85,0.64,12.77826,263.7989,5750.0,0.02,-0.08628,0.88,0.88
XO-4 b,XO-4,4.12508,0.05524,0.0,1630.0,1112.27,0.83,14.01125,451.3186,6397.0,-0.04,0.53558,1.1,1.45
K2-191 b,K2-191,2.858646,,,,,4.36,1.57889322,3.12,5176.0,0.31,-0.34502,0.900994,0.839696
K2-200 b,K2-200,2.849883,,,,,5.26,1.3643987,2.43,5233.0,-0.04,-0.4288,0.860208,0.791736
HD 101930 b,HD 101930,70.46,0.3,0.11,417.04,5.4444,0.367,10.6,79.4575,5108.0,0.15,-0.3098,0.57,0.86
HD 2638 b,HD 2638,3.4442,0.04,0.0,1212.27,292.3345,0.251,14.3,133.4886,5186.0,0.13,-0.33,0.77,0.94
HD 30562 b,HD 30562,1157.0,2.34,0.76,235.27,0.5147,1.02,13.6,467.20775829,5882.0,0.2,0.45,1.12,1.61
KELT-2 A b,KELT-2 A,4.11379,0.05497,0.0,2080.0,3108.45,0.91,15.13215,540.311,6327.0,0.0,0.6889,1.54,1.93
Pr0201 b,Pr0201,4.4264,0.06,0.0,1303.39,487.9693,0.329,14.2,171.6282,6174.0,0.19,0.24469,1.24,1.15
K2-173 b,K2-173,5.868699,,,,,4.25,1.60826194,3.22,5580.0,-0.25,-0.05981,0.881538,0.843154
HD 102195 b,HD 102195,4.11377,0.05,0.0,1035.17,185.2,0.25,14.2,130.3103,5301.0,0.04,-0.33442,0.76,0.82
HD 102117 b,HD 102117,20.8133,0.15,0.12,780.86,63.8539,0.489,8.47,54.0311,5655.0,0.28,0.15737,1.06,1.23
HD 330075 b,HD 330075,3.38773,0.04,0.0,990.0,292.3345,0.287,14.3,152.5584,5000.0,0.05,-0.33,0.47,0.84
HD 34445 b,HD 34445,1049.0,2.07,0.27,231.47,0.4691,0.533,13.9,260.6206,5879.0,0.18,0.3032,1.14,1.38
HD 77338 b,HD 77338,5.7361,0.06,0.09,1035.54,152.7909,1.25,4.12,15.9,5341.0,0.32,-0.2596,1.37,0.97
HAT-P-40 b,HAT-P-40,4.45724,0.0608,0.0,1770.0,1747.4151,0.15,17.03768,152.5584,6080.0,0.22,0.778,1.03,1.94
HD 103197 b,HD 103197,47.84,0.25,0.0,474.97,7.52,0.793,5.83,28.6047,5250.0,0.22,-0.3279,0.8,0.88
HD 108874 b,HD 108874,394.48123,1.04,0.13,271.33,0.923,0.986,13.6,451.3186,5600.0,0.26,-0.00072,1.1,1.05
HD 40979 b,HD 40979,264.14999,0.85,0.25,354.69,2.7022,3.8,12.9,1484.2661,6165.0,0.2,0.29056,1.45,1.21
HD 4203 b,HD 4203,431.88,1.17,0.52,297.28,1.4338,1.66,13.3,708.7609,5596.0,0.4,0.29285,1.25,1.42
WASP-49 b,WASP-49,2.78174,0.0379,0.0,1400.0,615.4709,0.288,12.44199,117.5971,5600.0,-0.23,-0.05339,0.92,0.97
UKIRT-2017-BLG-001L b,UKIRT-2017-BLG-001L,,4.18,,,,0.87,13.7,407.0,,,,0.81,
HD 121504 b,HD 121504,63.33,0.33,0.03,523.32,14.2224,1.05,13.6,479.9233,6027.0,0.15,0.19,1.62,1.07
HD 47186 b,HD 47186,4.0845,0.05,0.04,1267.79,441.6068,0.966,5.02,22.2481,5657.0,0.24,0.04298,0.96,1.08
WASP-66 b,WASP-66,4.08605,0.0546,0.0,1569.7,1434.7739,1.144,15.6926,746.9005,6600.0,-0.31,0.63724,1.33,1.76
WASP-67 b,WASP-67,4.61442,0.05179,0.0,1003.0,188.1062,0.388,12.89035,136.6669,5200.0,-0.07,-0.29441,0.91,0.88
K2-197 b,K2-197,8.357881,0.0806,,848.0,118.4501,2.32,2.56,7.08,5667.0,0.08,-0.11379,1.0,0.93
HD 185269 b,HD 185269,6.83776,0.077,0.229,1455.61,832.9821,0.671,13.8,321.0083,5923.0,0.11,0.69362,1.3,2.0
HD 181342 b,HD 181342,564.1,1.592,0.022,410.15,5.836,1.93,13.2,807.2882,4945.0,0.26,1.17,1.69,4.71
K2-240 b,K2-240,6.034,0.0513,,586.0,20.1392,3.2,2.0,4.66,3810.0,-0.1,-1.27572,0.58,0.54
CoRoT-20 c,CoRoT-20,1675.0,2.9,0.6,168.16,0.1759,16.4,12.2,5403.11,5880.0,0.14,0.17,1.14,1.02
HD 89345 b,HD 89345,11.8143,0.1066,0.22,1089.0,275.6427,0.471,7.39794,34.9613,5576.0,0.421,0.42488,1.157,1.747
WASP-158 b,WASP-158,3.656333,0.0517,0.0,1590.0,903.013,3.1,11.99363,886.7457,6350.0,0.24,0.48338,1.38,1.39
HD 200964 b,HD 200964,606.3,1.565,0.087,425.95,4.7312,1.14,13.5,508.21017,4982.0,-0.15,1.064,1.39,4.92
K2-238 b,K2-238,3.20466,0.046,0.0,1587.0,1082.6407,0.56,14.5717,273.3338,5630.0,0.34,0.36,1.19,1.59
WASP-162 b,WASP-162,9.62468,0.0871,0.434,910.0,121.918,6.9,11.209,1652.716,5300.0,0.28,0.05436,0.95,1.11
WASP-168 b,WASP-168,4.153658,0.0519,0.0,1340.0,278.886,0.16,16.8135,133.4886,6000.0,-0.01,0.15518,1.08,1.12
HD 28678 b,HD 28678,380.2,1.18,0.149,561.84,16.4464,1.09,13.5,490.09386,4972.0,-0.11,1.35984,1.53,6.48
HD 30856 b,HD 30856,847.0,1.85,0.061,364.02,2.8926,1.1,13.5,491.68301,4895.0,-0.06,0.99564,1.17,4.4
OGLE-2014-BLG-1722L c,OGLE-2014-BLG-1722L,,1.7,,,,0.346,11.0,83.7,,,,0.4,
K2-244 b,K2-244,21.06884,0.1418,,638.0,37.9007,3.8,1.75,3.71,5677.0,-0.29,-0.118,0.86,0.92
K2-266 b,K2-266,0.658524,0.01306,,1515.0,879.5,1.72,3.3,11.26782377,4285.0,-0.12,-0.82333,0.686,0.703
K2-266 c,K2-266,7.814,0.0679,0.042,664.5,32.4,4.55,0.705,0.29013072,4285.0,-0.12,-0.82333,0.686,0.703
WASP-173 A b,WASP-173 A,1.38665318,0.0248,0.0,1880.0,1920.0,2.84,13.4508,1172.7927,5800.0,0.16,0.08279,1.05,1.11
OGLE-2011-BLG-0173L b,OGLE-2011-BLG-0173L,,8.0,,,,0.451,9.01,60.0,,,,0.41,
HD 5319 b,HD 5319,637.1,1.57,0.092,377.72,3.2825,1.1,13.5,494.54348,4871.0,0.15,0.908,1.27,4.06
K2-159 b,K2-159,12.42205,0.1013,,684.0,49.2934,2.73,2.26,5.73,5425.0,-0.07,-0.29599,0.9,0.83
K2-266 e,K2-266,19.482,0.1249,0.043,490.1,9.581,2.21,2.73,14.3,4285.0,-0.12,-0.82333,0.686,0.703
K2-266 d,K2-266,14.697,0.1035,0.047,538.3,13.95,2.03,2.93,8.9,4285.0,-0.12,-0.82333,0.686,0.703
WASP-147 b,WASP-147,4.60273,0.0549,0.0,1404.0,639.4923,0.263,12.498035,87.40325,5702.0,0.092,0.28685,1.044,1.429
WASP-160 B b,WASP-160 B,3.7684952,0.0452,0.0,1119.0,210.575,0.284,12.21781,88.35674,5298.0,0.27,-0.31796,0.87,0.868
HD 95089 c,HD 95089,1785.0,3.33,0.284,292.91,1.2174,2.68,13.1,1096.5135,4918.0,0.05,1.13033,1.54,5.08
K2-166 b,K2-166,8.52695,0.0858,,1140.0,390.3952,2.84,2.19,5.43,5960.0,0.09,0.45848,1.16,1.61
HATS-36 b,HATS-36,4.175186,0.0523,0.105,1203.0,561.0,2.12,12.92,1022.14128,5950.0,0.15,0.21484,1.1,1.1
WASP-165 b,WASP-165,3.465509,0.04823,0.0,1624.0,1373.5324,0.44,14.12334,209.13214,5599.0,0.33,0.42831,1.248,1.75
HD 96063 b,HD 96063,362.5,1.11,0.17,500.75,10.3076,0.863,13.7,403.6441,5020.0,-0.3,1.1038,1.37,4.75
K2-228 b,K2-228,2.69828,0.0338,,914.0,123.9803,5.96,1.21,1.92,4715.0,-0.25,-0.84881,0.71,0.65
K2-283 b,K2-283,1.921036,0.0291,,1186.0,353.6521,1.54,3.52,12.2,5060.0,0.28,-0.52364,0.89,0.82
K2-151 b,K2-151,3.835476,0.0373,,566.0,20.8,4.7,1.49,2.83,3695.0,-0.19,-1.55284,0.47,0.45
K2-281 b,K2-281,8.687721,0.0773,,665.0,37.7384,0.511,8.18,50.9,4812.0,0.22,-0.64686,0.82,0.76
K2-216 b,K2-216,2.1748,0.028,0.0,1103.0,248.0,8.2,1.75,8.0,4503.0,0.0,-0.72125,0.7,0.72
HD 5319 c,HD 5319,872.2,1.93,0.183,340.67,2.1721,0.7,13.8,334.67499,4871.0,0.15,0.908,1.27,4.06
K2-230 b,K2-230,2.86041,0.0409,,1529.0,1241.5334,3.28,1.96,4.5,5945.0,0.1,0.31741,1.11,1.39
K2-188 b,K2-188,1.742169,0.0289,,1692.0,1945.6975,5.34,1.35,2.39,5977.0,-0.01,0.21087,1.06,1.19
GJ 96 b,GJ 96,73.94,0.291,0.44,257.81,1.0486,1.06,4.67,19.66,3785.0,0.14,-1.05159,0.6,0.580612
KMT-2016-BLG-1820L b,KMT-2016-BLG-1820L,,1.08,,,,3.71,12.9,1450.0,,,,0.039,
HD 94834 b,HD 94834,1576.0,2.74,0.14,286.45,1.3107,0.856,13.7,400.4658,4798.0,0.12,0.99301,1.11,4.2
K2-153 b,K2-153,7.51574,0.0614,,497.0,11.8,3.2,2.0,4.66,3845.0,-0.09,-1.36653,0.55,0.53
HATS-11 b,HATS-11,3.619188,0.0507,0.34,1596.0,1027.296,0.315,18.03,263.7989,6563.0,0.03,0.40312,1.33,1.54
KMT-2016-BLG-2142L b,KMT-2016-BLG-2142L,,0.83,,,,14.9,12.2,4923.0,,,,0.073,
MOA-2015-BLG-337L b,MOA-2015-BLG-337L,,0.24,,,,0.7,6.42,33.7,,,,0.0094,
K2-241 b,K2-241,26.8199,0.1567,,507.0,14.5807,2.33,2.55,7.04,5262.0,-0.44,-0.44608,0.71,0.75
K2-117 c,K2-117,5.444017,0.0492,0.15,537.0,21.4,3.08,2.06,4.9,3778.0,-0.05,-1.35655,0.54,0.51
K2-284 b,K2-284,4.795069,0.04771,0.078,653.0,42.6,2.08,2.78,8.15,4140.0,0.0,-1.01323,0.63,0.607
MOA-2016-BLG-319L b,MOA-2016-BLG-319L,,0.95,,,,0.392,14.1,200.0,,,,0.15,
HD 12648 b,HD 12648,133.60001,0.54,0.04,1053.23,194.0796,1.42,13.4,622.9468,4835.0,-0.57,1.75277,0.67,11.02
K2-243 b,K2-243,11.54182,0.1087,,1035.0,226.095,2.88,2.17,5.35,6570.0,-0.03,0.42675,1.29,1.39
K2-117 b,K2-117,1.2916,0.0189,0.06,868.0,145.8,3.14,2.03,4.78,3778.0,-0.05,-1.35655,0.54,0.51
K2-312 c,HD 80653,871.32,1.882,0.8435,229.0,0.4596,4.41,12.8,1681.31227303,5959.0,0.255,0.21165,1.15,1.199
K2-245 b,K2-245,11.89307,0.0959,,923.0,83.0,1.17,4.34,17.4,5793.0,-0.45,0.1719,0.83,1.25
K2-270 c,K2-270,4.400028,0.0497,,848.0,122.7722,1.93,2.95,9.01,4877.0,0.26,-0.51819,0.85,0.77
HATS-59 b,HATS-59,5.416081,0.06112,0.129,1128.0,269.0,0.7,12.621334,256.17098,5670.0,0.18,-0.00436,1.038,1.036
KELT-15 b,KELT-15,3.32944,0.04613,0.0,1642.0,1612.7618,0.36,19.50366,416.3573,6003.0,0.05,0.41162,2.06,1.78
K2-247 b,K2-247,2.25021,0.0304,,979.0,142.1387,2.96,2.12,5.14,4667.0,-0.08,-0.88154,0.74,0.69
EPIC 211945201 b,EPIC 211945201,19.49221,0.1493,0.0,817.0,101.0,0.33,5.76,11.0,6069.0,0.1,0.37334,1.17,1.39
CoRoT-21 b,CoRoT-21,2.72474,0.0417,0.0,2044.44,2915.5997,1.36,14.5717,718.2958,6200.0,0.0,0.705,1.29,1.95
70 Vir b,70 Vir,116.688,0.481,0.3988,525.24,12.2183,6.54,12.6,2380.45,5495.0,-0.09,0.4513,1.09,1.89
K2-39 b,K2-39,4.60543,0.05708,0.0,1670.0,1356.0,0.93,6.27704,28.6047,4881.0,0.32,0.67409,0.66,2.97
K2-248 b,K2-248,7.17256,0.0699,,886.0,132.3323,2.31,2.57,7.13,5528.0,-0.1,-0.18938,0.88,0.92
K2-276 b,K2-276,18.718269,0.1291,,583.0,23.5921,1.4,3.77,13.7,5139.0,0.07,-0.40538,0.82,0.85
HD 102956 b,HD 102956,6.4947,0.0807,0.037,1804.96,1781.1928,0.638,13.8,305.1168,4985.0,0.19,1.06446,1.66,4.55
HD 108863 b,HD 108863,437.7,1.32,0.032,490.51,9.6419,1.79,13.3,767.24162,4878.0,0.2,1.22531,1.59,5.74
HATS-46 b,HATS-46,4.7423729,0.05367,0.559,1054.0,209.7699,0.28,10.121727,54.98459,5495.0,-0.06,-0.22988,0.917,0.853
HATS-7 b,HATS-7,3.185315,0.04012,0.17,1084.0,211.6178,0.83,6.310667,38.1396,4985.0,0.25,-0.43415,0.849,0.815
K2-252 b,K2-252,13.81513,0.1041,,639.0,36.0315,3.84,1.74,3.68,5152.0,-0.09,-0.40842,0.79,0.82
K2-188 c,K2-188,7.810253,0.0785,,1026.0,230.628,2.04,2.83,8.4,5977.0,-0.01,0.21087,1.06,1.19
HD 131496 b,HD 131496,896.0,2.01,0.181,347.3,2.4257,1.31,13.4,572.094,4846.0,0.25,0.99123,1.34,4.44
HD 1502 b,HD 1502,428.5,1.262,0.031,458.89,7.2835,2.09,13.2,874.0325,4947.0,0.09,1.06446,1.46,4.67
NGTS-3 A b,NGTS-3 A,1.6753728,0.023,,1434.44,1000.5679,0.31,16.58932,756.4354,5600.0,0.12,-0.144,1.017,0.93
K2-254 b,K2-254,4.09639,0.0448,,791.0,74.9905,4.17,1.63,3.29,4629.0,-0.14,-0.82244,0.71,0.67
K2-192 b,K2-192,4.162817,0.049,,939.0,181.7191,4.57,1.52,2.92,5222.0,0.15,-0.36021,0.9,0.81
K2-239 c,K2-239,7.775,0.0576,,427.0,4.8225,5.34,1.0,0.972,3420.0,-0.1,-1.79588,0.4,0.36
K2-258 b,K2-258,19.0921,0.149,,831.0,84.2989,1.89,3.0,9.27,6351.0,0.01,0.27219,1.21,1.31
HD 70642 b,HD 70642,2124.54,3.318,0.175,150.52,0.0934,3.1,13.0,1239.5307873,5732.0,0.22,0.01204,1.078,0.984
HATS-69 b,HATS-69,2.2252577,0.03211,0.519,1295.7,466.6,0.46,10.592505,183.38791,5137.0,0.377,-0.31758,0.892,0.8785
KMT-2017-BLG-1038L b,KMT-2017-BLG-1038L,,1.8,,,,1.46,13.4,640.0,,,,0.37,
HD 117618 b,HD 117618,25.8,0.18,0.15,745.79,50.4075,0.479,8.59,55.30242,5990.0,0.0283,0.21304,1.077,1.2
NGTS-4 b,NGTS-4,1.3373508,0.019,0.0,1650.0,886.9841,3.45,3.18,20.6,5143.0,-0.28,-0.3533,0.75,0.84
K2-295 b,K2-295,4.024867,0.0451,0.0,852.0,97.8595,0.612,10.054473,106.47305,4444.0,0.14,-0.71623,0.74,0.7
HIP 79098 AB b,HIP 79098 AB,,345.0,,2450.0,,20.2,12.1,6515.515,9193.75,,,3.75,
K2-133 c,K2-133,4.86784,0.04341,,570.6,17.6181,4.27,1.603,3.2,3655.0,,-1.47886,0.461,0.455
K2-133 d,K2-133,11.02454,0.07487,,734.0,48.3251,3.19,2.003,4.67,3655.0,,-1.47886,0.461,0.455
HAT-P-25 b,HAT-P-25,3.65281514,0.0466,0.023,1182.0,325.0,0.483,12.722215,180.84527,5519.0,0.294,-0.15181,1.012,0.919
HD 89744 b,HD 89744,256.78,0.917,0.677,462.62,7.4311,7.29,12.6,2653.8805,6291.0,0.2238,0.79579,1.86,2.13257
HD 65216 c,HD 65216,5370.0,5.75,0.17,105.87,0.0214,1.47,13.4,645.1949,5612.0,-0.1685,-0.1498,0.874,0.88
K2-133 e,K2-133,26.5841,0.1346,,296.0,1.8,3.86,1.73,3.64,3655.0,,-1.47886,0.461,0.455
EPIC 201497682 b,EPIC 201497682,2.13174,,,,,4.31,0.692,0.26,4991.0,-0.0892,-0.76627,0.78,0.554
OGLE-2015-BLG-1670L b,OGLE-2015-BLG-1670L,,2.62,,,,1.14,4.42,17.9,,,,0.55,
K2-290 c,K2-290,48.36685,0.305,0.0,676.0,28.2979,1.01,11.276254,246.00042,6302.0,-0.06,0.42035,1.194,1.511
HAT-P-34 b,HAT-P-34,5.452654,0.06774,0.432,1520.0,433.78,2.5,13.417173,1058.3739,6442.0,0.22,0.6003,1.392,1.53
EPIC 201754305 d,K2-16,2.71578,,,,,5.43,1.03,1.08,4761.0,-0.33,-0.76082,0.67,0.544
EPIC 201833600 c,K2-50,3.96151,,,,,5.34,1.0,0.972,4326.0,-0.1132,-0.87356,0.611,0.634
HAT-P-36 b,HAT-P-36,1.32734683,0.0241,0.063,1780.97,1821.0,1.175,14.313893,587.413406,5620.0,0.25,0.02243,1.03,1.041
K2-53 b,K2-53,12.20772,0.098,,665.0,52.5,2.27,2.6,7.27,5263.0,-0.037,-0.5788,0.851,0.807
K2-293 b,K2-293,13.1225,,,750.0,,2.45,2.45,6.57,5532.0,0.218,-0.18023,0.958,0.947
TOI-172 b,TOI-172,9.47725,0.0914,0.3806,1198.0,299.0,7.53,10.816685,1722.6386,5645.0,0.148,0.4609,1.128,1.777
EPIC 206024342 b,EPIC 206024342,4.50756,,,,,3.95,1.7,3.53,5724.0,-0.22,-0.16992,0.928,0.823
EPIC 206032309 b,EPIC 206032309,2.87814,,,,,5.39,1.01,1.01,3489.0,,-1.73006,0.221,0.37344
HAT-P-9 b,HAT-P-9,3.92281072,0.05287,0.084,1540.0,931.0,0.342,15.614137,238.05467,6350.0,0.12,0.4183,1.281,1.338
HATS-24 b,HATS-24,1.3484978,0.0238,0.0,2166.0,2706.9606,1.03,15.636555,718.2958,6125.0,-0.229,0.19,1.07,1.12
K2-90 b,K2-90,13.733314,0.096,0.07,502.0,10.2,2.27,2.6,7.27,4484.0,-0.225,-0.95318,0.629,0.619
K2-294 b,K2-294,2.50387,,,1425.0,,4.07,1.66,3.39,5612.0,0.194,0.08751,0.987,1.2
GJ 685 b,GJ 685,24.16,0.1344,0.0,368.84,3.0917,1.93,2.95,9.0,3816.0,-0.15,-1.253,0.55,0.54
EPIC 206317286 b,EPIC 206317286,1.58252,,,,,5.22,0.96,0.84,4752.0,0.019,-0.59336,0.711,0.669
K2-308 b,K2-308,3.38628,,,1213.76,512.9234,0.398,9.916,70.6,6100.0,-0.1,0.283,1.09,1.24
Kepler-9 c,Kepler-9,38.9853,0.227,0.06691,523.0,18.903,0.31,8.08,29.9,5774.0,0.05,-0.038,1.022,0.958
K2-124 b,K2-124,6.413651,0.049,0.08,442.0,8.7,1.97,2.9,8.75,3570.0,0.023,-1.65919,0.39,0.388
HD 92788 b,HD 92788,325.803,0.97,0.35,300.27,1.1129,2.99,13.0,1195.0408,5744.0,0.27,0.02,1.15,1.14
Kepler-25 c,Kepler-25,12.7207,0.1117,0.0061,934.0,210.172,0.588,5.217,15.2,6354.0,0.11,0.4216,1.165,1.316
WASP-33 b,WASP-33,1.21987,0.0239,0.0,2781.7,9392.0471,0.689,17.855937,665.21819,7430.0,0.1,0.81944,1.495,1.444
HD 134060 c,HD 134060,1291.5646,2.3928,0.11,200.67,0.2515,0.78,5.91,29.29,5966.0,0.14,0.15836,1.095,1.164285
WASP-177 b,WASP-177,3.071722,0.03957,,1142.0,279.7736,0.172,17.71022,161.45764,5017.0,0.25,-0.41167,0.876,0.885
WASP-181 b,WASP-181,4.5195064,0.05427,,1186.0,382.4492,0.237,13.271456,95.03117,5839.0,0.09,0.04879,1.04,0.965
Kepler-25 b,Kepler-25,6.238297,0.0695,0.0029,1185.0,542.96,2.32,2.748,8.7,6354.0,0.11,0.4216,1.165,1.316
WASP-161 b,WASP-161,5.4060425,0.0673,,1557.0,990.0,2.2,12.811887,791.3967,6400.0,0.16,0.64738,1.39,1.712
WASP-163 b,WASP-163,1.6096884,0.0266,,1638.0,1200.0,1.42,13.473218,594.3421,5500.0,-0.34,-0.07572,0.97,1.015
HD 20781 b,HD 20781,5.3135,0.0529,0.1,1006.1,175.0994,5.99,1.21,1.93,5256.0,-0.11,-0.3098,0.7,0.833609
HD 20003 b,HD 20003,11.8482,0.0974,0.36,814.93,75.8952,1.59,3.43,11.66,5494.0,0.04,-0.14267,0.875,0.921637
Kepler-47 c,Kepler-47,303.227,0.9638,0.044,267.82,0.9037,0.17,4.65,3.17,5636.0,-0.25,-0.076,0.957,0.936
Gl 49 b,Gl 49,13.8508,0.0905,0.363,435.99,6.0291,2.75,2.24,5.63,3805.0,0.13,-1.30645,0.515,0.511
HD 21693 b,HD 21693,22.6786,0.1455,0.12,656.39,29.2864,2.06,2.8,8.23,5430.0,0.0,-0.20761,0.8,0.914378
HD 20781 c,HD 20781,13.8905,0.1004,0.09,730.3,48.6103,2.87,2.17,5.33,5256.0,-0.11,-0.3098,0.7,0.833609
Kepler-47 d,Kepler-47,187.366,0.6992,0.024,314.44,1.7171,0.3,7.04,19.02,5636.0,-0.25,-0.076,0.957,0.936
LSPM J2116+0234 b,LSPM J2116+0234,14.4399,0.0876,0.183,371.68,2.6063,1.43,3.71,13.3,3475.0,-0.05,-1.69897,0.43,0.431
K2-285 e,K2-285,14.76289,0.18041,0.0,500.9,10.5,,1.95,10.7,4975.0,0.0,-0.42183,0.83,0.787
K2-285 d,K2-285,10.45582,0.1178,0.0,619.9,24.61,,2.48,6.5,4975.0,0.0,-0.42183,0.83,0.787
HD 31527 b,HD 31527,16.5535,0.1254,0.1,832.2,76.3108,1.72,3.22,10.47,5898.0,-0.17,0.07918,0.96,1.073694
HD 31527 d,HD 31527,271.6737,0.8098,0.24,327.48,1.8299,1.57,3.46,11.82,5898.0,-0.17,0.07918,0.96,1.073694
HD 21749 c,GJ 143,7.78993,0.0695,,701.0,305.9425,31.93,0.892,3.7,4640.0,0.003,-0.6862,0.73,0.695
HD 114729 b,HD 114729,1121.79,2.067,0.079,237.89,0.617,0.537,13.9,262.20975,5844.0,-0.33,0.42095,0.936,1.473
K2-286 b,K2-286,27.359,0.1768,,347.0,2.8792,3.0,2.1,5.06,3926.0,0.0,-1.04576,0.64,0.62
Qatar-9 b,Qatar-9,1.540731,0.0234,0.0,1134.0,210.669,1.43,11.309881,378.2177,4309.0,0.252,-0.82102,0.719,0.696
NGTS-5 b,NGTS-5,3.3569866,0.0382,0.0,952.0,101.253,0.194,12.733424,72.78307,4987.0,0.12,-0.51087,0.661,0.739
HD 126525 b,HD 126525,960.41,1.837,0.035,198.47,0.2701,0.379,10.3,75.32571,5638.0,-0.1,-0.0403,0.897,0.979
HD 117207 b,HD 117207,2621.75,3.787,0.157,147.2,0.0811,1.53,13.4,669.34662514,5732.0,0.19,0.06566,1.053,1.074
HD 143361 b,HD 143361,1039.15,1.988,0.197,180.26,0.205,3.54,12.9,1382.55357045,5507.0,0.14,-0.09151,0.968,0.916
K2-288 B b,K2-288 B,31.393463,0.164,,226.36,0.4368,3.42,1.9,4.27,3341.0,-0.21,-1.93,0.33,0.32
HATS-60 b,HATS-60,3.560829,0.04708,0.191,1528.0,903.9,0.537,12.923977,210.40346,5688.0,0.335,0.30016,1.097,1.46
HD 20781 e,HD 20781,85.5073,0.3374,0.06,398.38,4.3043,1.37,3.83,14.03,5256.0,-0.11,-0.3098,0.7,0.833609
HD 45184 c,HD 45184,13.1354,0.11,0.07,884.78,93.3884,1.96,2.91,8.81,5869.0,0.04,0.05308,1.03,1.075139
HD 152079 b,HD 152079,2918.92,4.187,0.532,147.84,0.073,2.02,13.2,845.74563,5907.0,0.29,0.10721,1.147,1.128
HATS-62 b,HATS-62,3.2768837,0.04163,0.298,1237.0,387.4,0.076,11.825495,56.89157,5416.0,0.133,-0.17328,0.896,0.933
HATS-63 b,HATS-63,3.0566527,0.04026,0.136,1398.3,634.1,0.67,13.529263,305.1168,5627.0,0.081,0.01199,0.931,1.07
HATS-70 b,HATS-70,1.8882378,0.03632,0.18,2730.0,9110.0,6.64,15.513256,4100.007,7930.0,0.041,1.07918,1.78,1.881
K2-264 b,K2-264,5.840002,0.05023,0.5,496.0,13.0794,2.78,2.231,5.61,3660.0,-0.013,-1.48149,0.496,0.473
KMT-2016-BLG-1107L b,KMT-2016-BLG-1107L,,0.342,,,,2.55,13.1,1043.0,,,,0.087,
HD 103949 b,HD 103949,120.878,0.439,0.19,302.65,1.3983,1.64,3.35,11.2,4792.0,-0.07,-0.56946,0.77,0.753113
HIP 35173 b,HIP 35173,41.516,0.217,0.16,444.34,6.4967,1.48,3.61,12.7,4881.0,,-0.51439,0.79,0.773404
HD 23127 b,HD 23127,1211.17,2.37,0.406,223.4,0.5038,1.08,13.5,485.32641,5843.0,0.29,0.45175,1.208,1.49
HD 25171 b,HD 25171,1802.29,2.971,0.042,190.04,0.2141,0.595,13.9,290.81445,6125.0,-0.12,0.27646,1.076,1.23
HATS-65 b,HATS-65,3.105161,0.04497,0.062,1634.0,1178.0,0.3,16.824709,260.93843,6277.0,0.199,0.37658,1.257,1.31
HATS-66 b,HATS-66,3.1414391,0.04714,0.064,1998.0,2637.0,2.34,15.815899,1694.0339,6626.0,-0.017,0.76716,1.411,1.841
HD 1397 b,HD 1397,11.53533,0.1097,0.251,1228.3,356.0,0.477,11.500434,131.89945,5521.0,0.29,0.65992,1.324,2.336
HD 64114 b,HD 64114,45.791,0.246,0.12,518.51,12.0441,1.14,4.41,17.8,5676.0,,-0.13735,0.95,0.882858
HD 206255 b,HD 206255,96.045,0.461,0.23,596.48,21.0939,0.694,6.47,34.2,5635.0,,0.65156,1.42,2.221489
HD 38801 b,HD 38801,685.25,1.623,0.017,287.8,1.7311,8.67,12.5,3082.31534,5338.0,0.25,0.65896,1.207,2.029
HATS-67 b,HATS-67,1.6091788,0.03032,0.057,2193.0,3821.0,0.374,18.887165,460.8535,6594.0,0.332,0.54654,1.435,1.441
HATS-68 b,HATS-68,3.5862202,0.05071,0.036,1741.0,1521.0,0.856,13.809488,410.0007,6147.0,0.21,0.59218,1.351,1.748
Gl 378 b,Gl 378,3.822,0.039435,0.109,830.0,38.5823,1.46,3.66,13.02,3879.0,0.06,-1.22185,0.56,0.56
WASP-190 b,WASP-190,5.367753,0.0663,0.0,1500.0,747.132,0.815,12.89035,317.83,6400.0,-0.02,0.69146,1.35,1.6
Kepler-1610 c,Kepler-1610,44.9851885,0.2323,0.0,433.0,8.34,3.02,2.09,5.02,5295.0,-0.1,-0.48291,0.825,0.8
XO-7 b,XO-7,2.8641424,0.04421,0.038,1743.0,1540.0,0.34,15.389957,225.34147,6250.0,0.432,0.43132,1.405,1.48
HATS-55 b,HATS-55,4.2042001,0.05412,0.092,1367.0,355.909,0.587,14.022459,292.72143,6214.0,0.108,0.22891,1.1955,1.126
Kepler-1996 c,Kepler-1996,92.7297248,0.3608,0.0,276.0,1.38,2.06,2.81,8.3,4580.0,0.08,-0.65721,0.748,0.675
Kepler-1988 b,Kepler-1988,11.49500229,0.1038,0.0,1105.0,351.79,4.54,1.53,2.96,6033.0,-0.1,0.582,1.127,1.788
TOI-813 b,TOI-813,83.8911,0.423,0.0,610.0,23.1,0.662,6.71,36.4,5907.0,0.1,0.61906,1.32,1.94
GJ 433 b,GJ 433,7.3705,0.062,0.04,473.94,5.2029,2.63,2.33,6.043,3461.0,-0.17,-1.69897,0.48,0.5
HATS-58 A b,HATS-58 A,4.2180896,0.05798,0.168,1721.0,382.7103,0.96,12.273855,327.3649,7175.0,,0.68931,1.461,1.433
HR 5183 b,HR 5183,27000.0,18.0,0.84,171.0,0.0077,2.57,13.1,1052.01202717,5794.0,0.1,0.39748,1.07,1.53
Kepler-1991 b,Kepler-1991,13.26079792,0.1065,0.0,760.0,78.79,4.77,1.47,2.76,5478.0,0.16,-0.1085,0.914,1.053
Kepler-1471 c,Kepler-1471,11.6044881,0.0981,0.0,841.0,118.5,3.47,1.88,4.19,5533.0,0.16,-0.19895,0.934,1.166
GJ 180 b,GJ 180,17.133,0.092,0.07,344.43,1.5359,2.49,2.43,6.49,3371.0,,-1.88606,0.43,0.413049
WASP-169 b,WASP-169,5.6114118,0.0681,0.0,1604.0,1486.8579,0.33,14.616536,178.30263,6110.0,0.06,0.78882,1.337,2.011
Kepler-1998 b,Kepler-1998,3.03267135,0.0405,0.0,1187.0,468.31,3.97,0.6,0.156,5640.0,0.06,-0.0658,0.962,0.921
Kepler-164 e,Kepler-164,94.886902,0.4025,0.0,429.0,7.99,1.2,4.24,16.7,5888.0,-0.1,0.11291,0.966,1.097
Kepler-1994 b,Kepler-1994,4.61225043,0.053,0.0,1032.0,268.27,3.6,0.51,0.087,5495.0,0.16,-0.04165,0.932,0.961
Kepler-1984 b,Kepler-1984,1.992812339,0.0238,0.0,675.0,48.82,0.649,6.81,37.3,3638.0,-0.14,-1.55,0.45,0.42
GJ 433 d,GJ 433,36.059,0.178,0.07,279.71,0.6312,2.93,2.14,5.223,3461.0,-0.17,-1.69897,0.48,0.5
GJ 3082 b,GJ 3082,11.949,0.079,0.22,457.53,5.521,2.07,2.79,8.2,3910.0,,-1.46273,0.47,0.465216
WASP-175 b,WASP-175,3.0652907,0.04403,0.0,1571.0,649.429,0.74,13.540472,314.6517,6229.0,0.15,0.78882,1.212,1.204
Kepler-619 d,Kepler-619,11.67894236,0.1021,0.0,830.0,112.07,1.23,4.17,16.2,6122.0,-0.18,-0.04002,1.041,0.964
Kepler-1126 c,Kepler-1126,199.66876,0.6193,0.0,305.0,2.06,4.87,1.45,2.7,5678.0,-0.4,-0.09926,0.794,0.921
EPIC 249893012 b,EPIC 249893012,3.5951,0.047,0.06,1616.0,1037.0,6.39,1.95,8.75,5430.0,0.2,0.35568,1.05,1.71
Kepler-1661 b,Kepler-1661,175.06,0.633,0.057,243.0,0.88,1.6,3.87,17.0,5100.0,-0.12,-0.51299,0.841,0.762
OGLE-2016-BLG-1067L b,OGLE-2016-BLG-1067L,,1.7,,,,0.263,14.3,140.0,,,,0.3,
Kepler-1987 c,Kepler-1987,3.64830183,0.0427,0.0,860.0,129.44,5.44,1.33,2.33,4769.0,0.12,-0.61631,0.799,0.714
Kepler-1985 b,Kepler-1985,3.42064689,0.0426,0.0,1129.0,382.68,2.71,2.27,5.77,5370.0,0.14,-0.155,0.877,0.966
Kepler-1987 b,Kepler-1987,2.345863002,0.0318,0.0,997.0,233.38,6.02,1.23,2.04,4769.0,0.12,-0.61631,0.799,0.714
Kepler-1801 c,Kepler-1801,116.583183,0.4572,0.0,371.0,4.47,1.96,2.91,8.8,5738.0,-0.06,-0.22269,0.936,0.981
EPIC 249893012 c,EPIC 249893012,15.624,0.13,0.07,990.0,160.0,1.62,3.67,14.67,5430.0,0.2,0.35568,1.05,1.71
EPIC 249893012 d,EPIC 249893012,35.747,0.22,0.15,752.0,53.0,0.91,3.94,10.18,5430.0,0.2,0.35568,1.05,1.71
WASP-180 A b,WASP-180 A,3.409264,0.048,0.0,1540.0,918.3877,0.61,13.89916,286.047,6600.0,0.1,0.31533,1.3,1.19
WASP-2 b,WASP-2,2.152175,0.03144,0.0054,1311.0,492.0,0.914,12.116929,295.89973,5180.0,0.12,-0.31336,0.895,0.866
Kepler-949 c,Kepler-949,20.99757968,0.1394,0.0,582.0,27.2,1.91,2.97,9.11,5211.0,0.08,-0.44164,0.817,0.895
Kepler-311 d,Kepler-311,232.040326,0.7326,0.0,327.0,2.71,3.1,2.05,4.86,5903.0,-0.1,0.19328,0.974,1.156
WASP-44 b,WASP-44,2.423804,0.03453,0.0,1337.0,533.0,0.811,12.3299,276.5121,5420.0,-0.003,-0.19777,0.935,0.906
WASP-45 b,WASP-45,3.126089,0.03963,0.0,1153.0,294.0,1.418,10.603714,306.38812,5150.0,-0.03,-0.33555,0.85,0.855
Kepler-1834 c,Kepler-1834,0.766691517,0.015,0.0,1541.0,1334.22,5.99,1.22,1.98,4821.0,0.16,-0.57662,0.765,0.788
HATS-47 b,HATS-47,3.9228038,0.04269,0.088,852.9,87.73,0.331,12.520453,117.27927,4512.0,-0.113,-0.79615,0.674,0.6564
GJ 15 A c,GJ 15 A,7600.0,5.4,0.27,46.14,0.0008,0.667,6.67,36.0,3607.0,-0.34,-1.655,0.38,0.38
Kepler-763 c,Kepler-763,4.09667624,0.0466,0.0,938.0,182.9,4.99,1.42,2.6,4999.0,0.18,-0.3339,0.8,0.843
Kepler-347 d,Kepler-347,85.517344,0.3802,0.0,482.0,12.75,1.85,3.04,9.48,5592.0,0.16,0.34232,1.0,1.451
EPIC 248847494 b,EPIC 248847494,3650.0,4.5,0.0,183.0,0.19,,12.44199,4131.79,4898.0,-0.23,0.54805,0.9,2.7
WASP-184 b,WASP-184,5.1817,0.0627,0.0,1480.0,669.018,0.32,14.90797,181.1631,6000.0,0.12,0.50133,1.23,1.65
WASP-185 b,WASP-185,9.38755,0.0904,0.24,1160.0,662.3252,0.66,14.01125,311.4734,5900.0,-0.02,0.41219,1.12,1.5
Kepler-290 d,Kepler-290,0.764017553,0.0154,0.0,1589.0,1503.79,4.89,0.86,0.566,5142.0,-0.06,-0.58591,0.84,0.755
Kepler-549 d,Kepler-549,24.61480613,0.1575,0.0,586.0,27.93,1.22,4.2,16.4,5312.0,0.16,-0.30618,0.859,0.986
KMT-2017-BLG-0165L b,KMT-2017-BLG-0165L,,3.45,,,,0.696,6.45,34.0,,,,0.76,
Kepler-865 c,Kepler-865,6.20920207,0.061,0.0,914.0,164.98,4.99,0.89,0.64,5440.0,-0.24,-0.29754,0.782,0.885
TOI-150.01,TOI-150,5.857487,0.07037,0.262,1404.5,750.922,1.68,14.067295,797.7533,6255.0,0.28,0.49651,1.351,1.526
GJ 682 c,GJ 682,57.32,0.176,0.1,190.08,0.0646,1.98,2.89,8.7,3028.0,,-2.69897,0.27,0.298255
OGLE-2015-BLG-1649L b,OGLE-2015-BLG-1649L,,2.07,,,,1.93,13.2,807.0,,,,0.34,
Kepler-2000 c,Kepler-2000,20.6180348,0.1228,0.0,359.0,3.92,4.39,1.57,3.09,3757.0,0.48,-1.05272,0.581,0.576
Kepler-448 c,KOI-12,2500.0,4.2,0.65,184.72,0.2399,22.2,12.0,6992.26,6635.0,0.0815,0.62645,1.5,1.4
MOA-bin-29 b,MOA-bin-29,,0.48,,,,0.372,14.1,190.0,,,,0.03,
TOI-4562 c,TOI-4562,3990.0,5.219,0.122,138.11,0.0657,4.81,12.8,1833.86990839,6096.0,0.08,0.25285,1.192,1.152
HD 50554 d,HD 50554,28.0694,0.1831,0.0,651.11,42.4756,,1.41,10.4,5968.0,-0.02,0.17543,1.04,1.146
HD 97048 b,HD 97048,,130.0,,63.44,0.0024,1.86,13.3,794.575,10000.0,,1.60206,2.4,2.25
7 CMa b,7 CMa,735.1,1.758,0.06,387.33,3.7372,1.34,13.4,587.9855,4826.0,0.21,1.06258,1.34,4.87
Kepler-1983 b,Kepler-1983,7.32851947,0.0689,0.0,807.0,100.13,2.62,2.33,6.04,5135.0,0.12,-0.48076,0.812,0.874
NGTS-8 b,NGTS-8,2.4997,0.035,0.01,1345.0,503.0,0.89,12.21781,295.5819,5241.0,0.24,-0.20993,0.89,0.98
EPIC 205950854 c,K2-168,8.050722,,,960.6,,5.55,1.31,2.27,5502.7,-0.13,-0.17649,0.877,0.83
7 CMa c,7 CMa,996.0,2.153,0.08,350.0,2.4917,0.566,13.9,276.5121,4826.0,0.21,1.06258,1.34,4.87
Kepler-1990 c,Kepler-1990,4.06844957,0.0504,0.0,1170.0,442.08,5.28,0.98,0.904,5751.0,0.21,0.11702,1.028,1.071
HD 220197 b,HD 220197,1728.0,2.729,0.187,164.22,0.1332,0.431,9.32,63.566,5683.0,-0.55,-0.00343,0.91,0.98
K2-43 c,K2-43,2.198884,,,1093.7,,2.5,2.42,6.44,3840.6,,-1.21241,0.571,0.542
Kepler-763 d,Kepler-763,6.50327035,0.0634,0.0,804.0,98.81,4.05,1.67,3.43,4999.0,0.18,-0.3339,0.8,0.843
Kepler-1162 c,Kepler-1162,59.284064,0.2832,0.0,401.0,6.14,3.64,1.81,3.93,5225.0,0.14,-0.32228,0.861,0.859
HD 213885 b,HD 213885,1.008035,0.02012,0.0,2128.0,1882.94,9.15,1.745,8.83,5978.0,-0.04,0.13862,1.068,1.1011
Kepler-896 c,Kepler-896,29.5422566,0.1792,0.0,515.0,16.56,1.78,3.15,10.1,5510.0,-0.16,0.48148,0.877,0.803
Kepler-1982 b,Kepler-1982,3.82315697,0.0511,0.0,1282.0,638.38,4.59,0.77,0.381,6202.0,0.21,0.37137,1.213,1.122
HD 213885 c,HD 213885,4.78503,0.056798,0.0,1265.4,426.5327,1.05,4.71,19.95,5978.0,-0.04,0.13862,1.068,1.1011
HAT-P-69 b,HAT-P-69,4.7869491,0.06555,0.0,1930.0,2320.18,1.02,18.786284,1137.8314,7394.0,-0.069,1.0,1.648,1.926
Kepler-2000 b,Kepler-2000,6.383159135,0.0562,0.0,530.0,18.73,2.13,2.73,7.9,3757.0,0.48,-1.05272,0.581,0.576
TOI-763 c,TOI-763,12.2737,0.1011,0.04,800.0,64.3196,2.82,2.63,9.32,5450.0,0.01,-0.15377,0.917,0.897
TOI-905 b,TOI-905,3.739494,0.04666,0.024,1192.0,337.0,0.515,13.125739,211.99261,5570.0,0.14,-0.13668,0.968,0.918
TOI-564 b,TOI-564,1.651144,0.02734,0.072,1714.0,1423.0,1.7,11.43318,464.98529,5640.0,0.143,0.03262,0.998,1.088
Kepler-29 b,Kepler-29,10.33974,0.08482,0.0,777.0,55.9,1.65,2.55,5.0,5378.0,-0.44,-0.29687,0.761,0.732
Kepler-1674 b,Kepler-1674,62.5611,0.3017,0.0,417.0,7.13,1.73,3.2057749,10.4,5473.91,0.0562,-0.20584,0.96,0.877273
Kepler-1675 b,Kepler-1675,63.0382,0.32185,0.0,465.0,11.8,1.79,3.12483349,9.93,5853.19,0.2537,0.12938,1.06,1.12865
HD 108236 b,HD 108236,3.795963,0.04527,0.045,1099.0,312.1807,4.23,1.615,3.24,5660.0,-0.28,-0.14997,0.869,0.877
HD 164922 c,HD 164922,75.74,0.341,0.12,400.5,6.29,1.46,3.66,13.0,5390.0,0.18,-0.14874,0.926,0.946
KMT-2019-BLG-0842L b,KMT-2019-BLG-0842L,,3.31,,,,1.74,3.19,10.28,,,,0.76,
HD 108236 e,HD 108236,19.590025,0.1367,0.058,636.0,35.0031,1.82,3.083,9.71,5660.0,-0.28,-0.14997,0.869,0.877
WASP-150 b,WASP-150,5.644207,0.0694,0.3775,1460.0,854.7074,8.54,11.99363,2688.8418,6218.0,0.156,0.55826,1.394,1.651
NGTS-13 b,NGTS-13,4.119027,0.0549,0.086,1605.0,1096.0,4.02,12.800678,1538.2972,5819.0,0.25,0.5172,1.3,1.788
MOA-2009-BLG-319L b,MOA-2009-BLG-319L,,2.03,,,,0.413,9.64,67.3,,,,0.524,
Kepler-1685 b,Kepler-1685,20.4905,0.1485,0.0,625.0,36.01,2.3,2.57673985,7.16,5484.0,0.21,-0.24507,0.96,0.835451
Kepler-1686 b,Kepler-1686,9.30987,0.08827,0.0,913.0,167.2,4.97,1.42553017,2.62,5714.96,0.0775,0.14075,1.02,1.19951
KMT-2016-BLG-2397L b,KMT-2016-BLG-2397L,,3.64,,,,2.0,13.2,836.0,,,,0.64,
OGLE-2017-BLG-0604L b,OGLE-2017-BLG-0604L,,4.06,,,,0.307,14.2,160.0,,,,0.7,
OGLE-2017-BLG-1375L b,OGLE-2017-BLG-1375L,,3.04,,,,10.3,12.4,3585.0,,,,0.81,
NGTS-14 A b,NGTS-14 A,3.5357173,0.0403,0.0,1143.0,191.782,1.395,4.976796,29.24036,5187.0,0.1,-0.31088,0.898,0.842
HD 13808 b,HD 13808,14.1815,0.10519,0.071,661.56,33.2278,1.64,3.35,11.2,5035.0,-0.21,-0.43455,0.771,0.781
OGLE-2015-BLG-1771L b,OGLE-2015-BLG-1771L,,0.85,,,,0.259,14.3,138.0,,,,0.077,
OGLE-2018-BLG-1700L b,OGLE-2018-BLG-1700L,,2.8,,,,3.58,12.9,1400.0,,,,0.42,
Kepler-1687 b,Kepler-1687,5.77954,0.0532,0.0,598.0,30.22,4.09,1.65623882,3.38,4132.0,-0.14,-0.85865,0.65,0.726119
Kepler-1689 b,Kepler-1689,8.483,0.0784,0.0,879.0,149.3,5.17,0.94678642,0.799,5731.43,-0.1455,-0.01555,1.023,0.996208
Kepler-462 b,Kepler-462,84.6866,0.4172,0.042,611.0,31.269,9.3,3.0,53.9,7500.0,0.05,0.92588,1.59,1.57
HD 4760 b,HD 4760,434.0,1.14,0.23,1198.67,654.9231,13.0,12.3,4417.837,4076.0,-0.91,2.93,1.05,42.4
HD 110113 c,HD 110113,6.744,0.068,0.045,990.0,199.9,6.11,2.11384817,10.5,5732.0,0.14,-0.03235,0.997,0.968
HD 96992 b,HD 96992,514.0,1.24,0.41,557.72,19.1936,0.774,13.7,362.3262,4725.0,-0.45,1.47,0.96,7.43
KMT-2018-BLG-1292L b,KMT-2018-BLG-1292L,,6.03,,,,3.58,12.9,1400.0,,,,1.09,
OGLE-2012-BLG-0838L b,OGLE-2012-BLG-0838L,,4.43,,,,0.494,8.39,53.1,,,,0.4,
Kepler-1691 b,Kepler-1691,3.8482,0.0495,0.0,1283.0,641.53,3.58,1.83470985,4.02,6000.0,0.16,0.17462,1.11,1.13152
Kepler-1692 b,Kepler-1692,5.95966,0.0646,0.0,897.0,153.48,5.68,1.11177184,1.42,5146.0,0.36,-0.32425,0.87,0.866139
EPIC 201170410.02,EPIC 201170410,6.7987,0.0349,0.0,500.03,10.3359,5.51,1.047,1.15,3648.0,-0.048,-1.9,0.287,0.282
Kepler-160 c,Kepler-160,13.699429,0.1192,0.0,771.0,84.848,1.41,3.76,13.6,5471.0,0.2,0.00432,1.003,1.118
Kepler-1694 b,Kepler-1694,3.89526,0.0449,0.0,956.0,197.66,5.89,1.17986031,1.76,4954.0,0.14,-0.50811,0.82,0.756284
Kepler-716 c,Kepler-716,3.96999,0.04548,0.0,992.0,151.8,5.12,1.39281536,2.52,5012.0,-0.06,-0.50424,0.83,0.742183
EPIC 201757695.02,EPIC 201757695,2.0478,0.0296,0.0,1025.29,494.202,5.05,0.90819,0.688,4520.0,-0.003,-0.36351,0.727,0.655
HD 110082 b,HD 110082,10.18271,0.113,0.2,957.2,198.3948,1.73,3.2,10.3,6200.0,0.08,0.28103,1.21,1.19
Kepler-1664 b,Kepler-1664,14.3868,0.1137,0.0,776.0,85.46,1.86,3.03320653,9.45,5735.81,0.3698,0.0501,0.944,1.072
Kepler-1001 c,Kepler-1001,9.18186,0.08296,0.0,804.0,72.4,4.35,1.57799279,3.11,5376.0,0.04,-0.27856,0.93,0.836475
TOI-954 b,TOI-954,3.6849729,0.04963,0.14,1526.0,1393.0,0.35,9.550068,55.30242,5710.0,0.215,0.53529,1.201,1.892
K2-329 b,K2-329,12.4551225,0.1016,0.0697,650.0,45.7,0.694,8.675766,82.6358,5282.0,0.098,-0.32514,0.901,0.822
HATS-49 b,HATS-49,4.1480467,0.04515,0.071,834.8,80.45,0.986,8.574885,112.19399,4405.0,0.208,-0.78489,0.7133,0.6977
TYC 8998-760-1 c,TYC 8998-760-1,,320.0,,1240.0,0.0,5.59,12.3299,1906.98,4573.0,,-0.34,1.0,1.02
Wendelstein-1 b,Wendelstein-1,2.663416,0.0282,0.012,2198.0,113.6142,0.72,11.5609626,188.15536,4251.0,,-0.9377,0.65,0.61
MOA-2013-BLG-220L b,MOA-2013-BLG-220L,,3.03,,,,2.08,13.2,871.0,,,,0.88,
KMT-2016-BLG-1836L b,KMT-2016-BLG-1836L,,3.5,,,,1.63,13.3,700.0,,,,0.49,
OGLE-2013-BLG-0911L b,OGLE-2013-BLG-0911L,,0.39,,,,8.5,12.5,3020.0,,,,0.29,
BD-11 4672 c,BD-11 4672,74.2,0.3,0.4,320.21,1.7444,1.28,4.04,15.37,4550.0,-0.35,-0.8041,0.651,0.639
BD-11 4672 b,BD-11 4672,1634.0,2.36,0.05,114.17,0.0282,0.405,14.1,206.5895,4550.0,-0.35,-0.8041,0.651,0.639
HIP 65 A b,HIP 65 A,0.9809734,0.01782,0.0,1411.0,661.0,0.48,22.75427,1021.18779,4590.0,0.18,-0.67799,0.781,0.7242
TOI-481 b,TOI-481,10.33111,0.097,0.153,1370.0,253.126,1.96,11.09691,486.2799,5735.0,0.26,0.43457,1.14,1.66
TIC 237913194 b,TIC 237913194,15.168865,0.1207,0.575,974.0,83.3856,1.847,12.520453,617.22586,5788.0,0.14,0.07773,1.026,1.088
OGLE-2016-BLG-1227L b,OGLE-2016-BLG-1227L,,3.4,,,,0.512,13.9,250.0,,,,0.1,
TOI-157 b,TOI-157,2.0845435,0.03138,0.0,1588.0,1062.0,0.686,14.414774,375.0394,5404.0,0.24,0.01995,0.948,1.167
TOI-169 b,TOI-169,2.2554477,0.03524,0.0,1715.0,1443.0,0.76,12.172974,251.40353,5880.0,0.24,0.25261,1.147,1.288
Kepler-1700 b,Kepler-1700,234.239,0.76094,0.0,329.0,2.2,1.97,2.90129941,8.76,6031.0,0.07,0.15405,1.12,1.0937
Kepler-1666 b,Kepler-1666,25.8476,0.1761,0.0,672.0,48.23,1.99,2.88273782,8.66,6293.0,-0.2,0.26839,1.23,1.14586
Gl 686 b,Gl 686,15.53,0.091,0.05,379.0,3.5638,2.45,2.46,6.624,3656.0,-0.23,-1.53,0.426,0.427
HD 180617 b,HD 180617,105.911,0.343,0.101,201.8,0.2751,1.53,3.53,12.214,3534.0,-0.04,-1.49,0.484,0.481
HD 158259 e,HD 158259,7.951,,,,,2.61,2.34,6.08,5801.89,,0.21233,1.08,1.21
HD 158259 c,HD 158259,3.432,,,,,2.77,2.23,5.6,5801.89,,0.21233,1.08,1.21
HATS-37 A b,HATS-37 A,4.3315366,0.04913,0.0,1085.0,229.7,0.55,6.792654,31.46517,5326.0,0.051,-0.25571,0.843,0.877
GJ 687 b,GJ 687,38.142,0.163,0.17,263.65,0.801,1.17,4.32,17.2,3413.0,0.0631,-1.672,0.4,0.4183
GJ 2056 b,GJ 2056,69.971,0.283,0.72,310.74,1.5537,1.23,4.17,16.2,4069.95,,-0.90505,0.62,0.709495
TOI-237 b,TOI-237,5.436098,0.0341,0.0,388.0,3.7,4.91,1.44,2.67,3212.0,-0.3443,-2.38722,0.179,0.211
HD 216520 c,HD 216520,154.43,0.528,0.12,295.22,1.2669,1.86,3.03,9.44,5103.0,-0.16,-0.452,0.82,0.76
CoRoT-30 b,CoRoT-30,9.06005,0.0844,0.007,894.6,89.2872,3.45,11.309881,921.707,5650.0,0.02,-0.19653,0.98,0.91
CoRoT-31 b,CoRoT-31,4.62941,0.0586,0.02,1664.86,727.7611,0.33,16.36514,266.9772,5700.0,0.0,0.39778,1.25,2.15
HIP 38594 b,HIP 38594,60.722,0.256,0.17,308.29,1.3216,2.09,2.77,8.1,4086.3,,-1.06243,0.61,0.626646
WASP-186 b,WASP-186,5.026799,0.06,0.33,1378.4,853.1355,3.821,12.44199,1341.2426,6361.0,-0.08,0.50022,1.22,1.47
Kepler-29 c,Kepler-29,13.28613,0.10027,0.0,715.0,34.4,1.91,2.34,4.5,5378.0,-0.44,-0.29687,0.761,0.732
Kepler-783 c,Kepler-783,7.05395,0.06903,0.0,840.0,113.3,2.62,2.33153725,6.04,5411.49,-0.03,-0.23092,0.94,0.872088
Kepler-1667 b,Kepler-1667,83.5781,0.35905,0.0,655.0,9.3,1.9,2.98385261,9.19,5941.54,-0.2603,0.12316,1.09,1.08751
HIP 4845 b,HIP 4845,34.15,0.176,0.25,358.21,2.9859,1.34,3.89,14.4,4010.0,,-1.0339,0.62,0.603999
HIP 48714 b,HIP 48714,17.818,0.112,0.5,446.47,5.5708,0.943,5.11,22.9,4015.5,,-1.15565,0.58,0.595456
TOI-251 b,TOI-251,4.93777,0.05741,0.0,1041.19,277.7462,,2.74,317.83,5875.0,-0.106,-0.0804,1.036,0.881
HAT-P-68 b,HAT-P-68,2.29840551,0.02996,0.041,1027.8,184.8,0.727,12.016048,230.10892,4508.0,-0.059,-0.77911,0.6785,0.6701
Kepler-177 b,Kepler-177,36.8601,0.21101,0.0,549.0,30.4,0.75,3.5,5.84,5732.0,-0.11,0.24,0.921,1.324
Kepler-36 b,Kepler-36,13.86825,0.11419,0.0,978.0,247.0,6.26,1.498,3.83,5979.0,-0.18,0.51005,1.034,1.634
KOI-1783.01,KOI-1783,134.4628,0.52661,0.0,412.0,5.7,0.56,8.86,71.0,5922.0,0.11,0.21302,1.076,1.143
Kepler-1668 b,Kepler-1668,15.434,0.124,0.0,721.0,63.79,1.16,4.34764405,17.4,5542.0,0.07,-0.05567,0.98,1.01738
Kepler-598 c,Kepler-598,86.4945,0.36672,0.0,367.0,3.7,1.87,3.02420941,9.4,5245.0,0.03,-0.25753,0.9,0.900316
KMT-2019-BLG-1953L b,KMT-2019-BLG-1953L,,,,,,0.392,14.1,200.0,,,,0.31,
Kepler-1514 c,Kepler-1514,10.514181,0.0997,0.32,1066.0,193.0,5.88,1.1758241,1.74,6145.0,0.119,0.32838,1.196,1.289
KOI-1783.02,KOI-1783,284.215,0.86695,0.0,321.0,2.49,0.51,5.44,15.0,5922.0,0.11,0.21302,1.076,1.143
HD 156668 c,HD 156668,811.3,1.57,0.089,166.08,0.1169,0.737,6.17,31.49679513,4903.69,0.0493,-0.54025,0.785167,0.774528
HD 211403 b,HD 211403,223.8,0.768,0.084,380.0,3.44,4.61,12.8,1760.76937478,6273.0,0.18,0.36406,1.2,1.206
K2-344 b,K2-344,3.35585,,,722.0,37.2966,4.31,1.59,3.15,4374.0,-0.95,-1.22508,0.51,0.49
HD 24040 c,HD 24040,515.4,1.3,0.11,287.75,1.1163,0.429,9.35,63.88350981,5776.49,0.1971,0.27569,1.10394,1.387296
HD 3765 b,HD 3765,1211.0,2.108,0.298,152.85,0.0863,0.482,8.56,54.98431441,5049.8,0.1716,-0.41634,0.851785,0.83061
HD 213472 b,HD 213472,17000.0,13.0,0.53,91.76,0.0114,2.72,13.1,1112.3994245,5729.54,0.1249,0.28533,1.048132,1.433902
K2-348 c,K2-348,12.550171,,,655.0,,2.2,2.67,7.61,5077.0,0.13,-0.38844,0.83,0.85
CD Cet b,CD Cet,2.2907,0.0185,,464.0,8.6,3.6,1.82,3.95,3130.0,0.13,-2.53254,0.161,0.175
G 264-012 b,G 264-012,2.30538,0.02279,,587.0,20.5,5.12,1.39,2.5,3326.0,0.1,-1.97224,0.297,0.305
K2-352 d,K2-352,14.871387,,,727.0,,2.77,2.23,5.6,5791.0,-0.05,-0.06326,0.98,0.95
K2-339 b,K2-339,19.507428,,,508.0,,3.38,1.92,4.35,4857.0,-0.11,-0.65173,0.74,0.72
K2-282 b,K2-282,4.169783,0.0499,,1057.0,245.0004,2.39,2.5,6.8,5499.0,-0.23,-0.21463,0.94,1.0
K2-156 b,K2-156,0.813143,0.0149,,1347.0,654.0363,5.66,1.1,1.37,4460.0,-0.33,-0.83803,0.66,0.62
TOI-257 b,TOI-257,18.38818,0.1528,0.0,1027.0,186.0,0.65,7.16253867,43.86032017,6095.0,0.175,0.63649,1.407,1.867
HAT-P-58 b,HAT-P-58,4.0138379,0.04994,0.073,1622.0,1146.0,0.194,14.93036229,118.2321674,6078.0,-0.224,0.45637,1.031,1.53
HAT-P-59 b,HAT-P-59,4.1419771,0.05064,0.03,1277.8,441.4,1.347,12.58768533,489.45574678,5678.0,0.217,0.05385,1.008,1.1038
K2-268 d,K2-268,4.528598,,,888.0,,4.7,1.49,2.83,5106.0,0.03,-0.42942,0.84,0.78
TOI-269 b,TOI-269,3.6977104,0.0345,0.425,531.0,19.0,2.28,2.77,8.8,3514.0,-0.29,-1.64675,0.3917,0.398
K2-268 f,K2-268,26.27057,,,492.0,,2.77,2.23,5.6,5106.0,0.03,-0.42942,0.84,0.78
K2-187 b,K2-187,0.77401,0.0164,,1815.0,2367.252,5.95,1.2,1.87,5438.0,0.0,-0.19607,0.966999,0.83
K2-210 b,K2-210,0.57023,,,,,4.89,0.86,0.566,5500.0,0.0,-0.24869,0.911717,0.89
K2-32 b,K2-32,8.992,0.0795,0.03,837.0,79.5,0.55,5.299,15.0,5271.0,-0.06,-0.29607,0.83,0.86
K2-32 e,K2-32,4.34934,0.04899,0.043,1066.0,210.7222,6.3,1.212,2.1,5271.0,-0.06,-0.29607,0.83,0.86
HAT-P-64 b,HAT-P-64,4.007232,0.05387,0.101,1766.0,1611.0,0.144,19.08889413,184.34047606,6457.0,-0.113,0.66839,1.298,1.735
Kepler-129 c,Kepler-129,82.2,0.39,0.2,525.0,17.554,14.8,2.52,43.0,5770.0,0.29,0.46365,1.178,1.653
K2-331 b,K2-331,9.398977,,,909.0,,3.7,1.79,3.86,5994.0,0.08,0.05943,1.1,1.06
EPIC 228836835 b,EPIC 228836835,0.728113,,,932.0,,5.66,1.1,1.37,3782.0,-0.18,-1.61153,0.418179,0.32
K2-223 c,K2-223,4.562546,0.0549,,1091.0,305.7945,4.66,1.5,2.86,5859.0,0.19,-0.03543,1.06,1.0
K2-32 c,K2-32,20.66093,0.13843,0.049,634.0,26.2,1.43,3.134,8.1,5271.0,-0.06,-0.29607,0.83,0.86
K2-32 d,K2-32,31.71701,0.18422,0.05,550.0,14.8,0.87,3.484,6.7,5271.0,-0.06,-0.29607,0.83,0.86
KIC 10068024 b,KIC 10068024,2.073549,,,,,1.45,13.4,635.656814,6118.4,0.01,0.496,1.22,1.574
K2-350 b,K2-350,4.163873,,,1158.0,,4.5,1.54,2.99,5789.0,-0.02,-0.01175,0.98,1.04
K2-353 b,K2-353,15.466805,,,735.0,33.0649,0.845,5.55,26.3,5698.0,-0.21,-0.07632,0.87,0.99
K2-137 b,K2-137,0.179719,0.0058,0.0,1471.0,975.5731,,0.64,158.915,3697.0,-0.059,-1.48388,0.463,0.29
EPIC 206042996 b,EPIC 206042996,5.2986,,,,,3.95,1.7,3.53,4114.0,0.006,-0.97996,0.565,0.5
NGTS-15 b,NGTS-15,3.27623,0.0441,0.0,1146.0,425.0,0.74,12.32987877,238.68913366,5600.0,0.15,-0.08571,0.995,0.954
K2-354 b,K2-354,3.793306,,,543.0,,4.41,1.56,3.05,3669.0,-0.04,-1.6137,0.43,0.41
K2-330 b,K2-330,13.774798,,,969.0,114.929,2.09,2.77,8.1,6232.0,-0.03,0.47702,1.23,1.5
TOI-1333 b,TOI-1333,4.720219,0.0626,0.073,1679.0,1112.85,1.08,15.647764,753.2571,6274.0,0.119,0.71349,1.464,1.925
HD 238090 b,HD 238090,13.671,0.0932,0.3,469.6,8.1,2.37,2.52,6.89,3933.0,-0.03,-1.15366,0.578,0.57
NGTS-18 b,NGTS-18,3.05125,0.0448,0.0,1381.0,845.0,0.28,13.56286665,129.99181846,5610.0,0.15,0.2703,1.003,1.392
HD 136352 b,HD 136352,11.57797,0.0964,0.0,905.0,111.6,5.623888,1.664,4.72,5664.0,-0.24,0.0162,0.87,1.058
K2-336 b,K2-336,21.194733,,,569.0,,5.99,1.22,1.98,5424.0,-0.17,-0.34534,0.86,0.8
GJ 414 A b,GJ 414 A,50.8,0.2324,0.45,308.6,2.2033,2.3,2.63,7.6,4120.0,0.24,-0.92445,0.65,0.68
BD+55 362 b,BD+55 362,265.59,0.78,0.27,259.06,0.7996,0.458,14.0,228.83645304,5012.0,0.18,-0.31295,0.909,0.896193
HD 136352 d,HD 136352,107.245,0.425,0.0,431.0,5.74,2.878108,2.562,8.82,5664.0,-0.24,0.0162,0.87,1.058
K2-337 b,K2-337,16.273563,,,850.0,,2.25,2.62,7.37,5869.0,-0.27,0.24964,0.94,1.32
K2-138 c,K2-138,3.56004,0.04461,0.045,1012.0,279.0,2.8,2.299,6.31,5356.3,0.14,-0.28654,0.935,0.863
KOI-1831 d,Kepler-324,34.169,0.19924,0.0,475.0,11.8,9.95,1.13,2.23,5233.0,0.18,-0.30825,0.901,0.835
K2-340 b,K2-340,29.740451,,,606.0,,1.62,3.36,11.2,5532.0,0.08,-0.00232,0.93,1.13
K2-138 d,K2-138,5.40479,0.05893,0.043,888.0,160.0,3.1,2.39,7.92,5356.3,0.14,-0.28654,0.935,0.863
K2-138 e,K2-138,8.26146,0.0782,0.077,757.0,91.1,1.8,3.39,12.97,5356.3,0.14,-0.28654,0.935,0.863
EPIC 212297394 c,EPIC 212297394,5.213965,,,866.0,,2.71,2.27,5.77,5171.0,-0.03,-0.46654,0.83,0.8
K2-138 f,K2-138,12.75758,0.10447,0.062,653.0,51.0,0.4,2.904,1.63,5356.3,0.14,-0.28654,0.935,0.863
K2-100 b,K2-100,1.6739035,0.0301,0.0,1841.0,1915.0,2.04,3.88,21.8,5945.0,0.22,0.24969,1.15,1.24
TOI-2202 c,TOI-2202,24.6744,0.15544,0.0622,560.61,16.431,0.268,13.4,117.27868218,5144.0,0.04,-0.40121,0.823,0.794
KMT-2019-BLG-1715L b,KMT-2019-BLG-1715L,,3.32,,,,1.94,13.2,813.64072192,,,,0.61,
K2-349 b,K2-349,9.032178,,,518.0,,5.19,1.38,2.48,4385.0,-0.66,-0.36582,0.54,0.49
K2-350 c,K2-350,19.991944,,,687.0,,2.12,2.74,7.95,5789.0,-0.02,-0.01175,0.98,1.04
K2-351 b,K2-351,7.806164,,,934.0,,2.34,2.54,6.99,5769.0,0.08,0.02389,1.02,1.05
GJ 740 b,GJ 740,2.37756,0.029,0.24,829.0,79.0,4.54,1.53,2.96,3913.0,0.08,-1.206,0.58,0.56
HD 60292 b,HD 60292,495.4,1.5,0.27,889.53,110.1333,5.54,12.7,2065.895,4348.0,-0.17,2.3941,1.7,27.0
TOI-1749 b,TOI-1749,2.38839,0.0291,0.14,831.0,83.8379,,1.39,57.0,3985.0,-0.26,-1.15649,0.58,0.55
TOI-1749 d,TOI-1749,9.0497,0.0707,0.062,533.0,14.2074,,2.52,15.0,3985.0,-0.26,-1.15649,0.58,0.55
KMT-2018-BLG-1025L b,KMT-2018-BLG-1025L,,1.305,,,,2.6,2.34,6.059,,,,0.219,
K2-185 b,K2-185,10.616384,,,809.0,,5.78,1.15,1.6,5788.0,-0.1,-0.09029,0.96,0.94
EPIC 212587672 c,EPIC 212587672,23.228555,,,658.0,,2.64,2.32,5.99,6004.0,-0.18,0.03848,0.99,0.98
HD 221420 b,HD 221420,10090.0,10.15,0.14,123.49,0.0389,23.1,12.0,7278.2705203,5847.0,0.33,0.60293,1.351,1.947
K2-185 c,K2-185,52.713494,,,477.0,,2.54,2.39,6.3,5788.0,-0.1,-0.09029,0.96,0.94
TOI-1201 b,TOI-1201,2.4919863,0.0287,0.0,703.0,40.6,2.45,2.415,6.28,3476.0,0.05,-1.46852,0.512,0.508
HD 136925 b,HD 136925,4540.0,5.13,0.103,134.25,0.0518,0.546,13.9,266.97586188,5773.19,-0.2172,0.13441,0.875104,1.193078
HD 109286 b,HD 109286,520.1,1.259,0.338,259.4,0.709,2.27,13.2,950.30693693,5694.0,0.05,-0.08393,0.98,1.089
Kepler-1771 b,Kepler-1771,88.64399719,0.3815,0.0,391.0,5.51,1.28,4.05537256,15.5,5661.0,0.0,-0.0924,0.941,0.934
Kepler-1786 b,Kepler-1786,78.5460968,0.35722,0.0,501.0,10.7,1.75,3.16305828,10.1,5808.0,0.14,0.15863,1.058,1.397
Kepler-1834 b,Kepler-1834,4.603010178,0.04911,0.0,848.0,105.2,4.83,1.4593834,2.73,4821.0,0.16,-0.57662,0.765,0.788
TOI-559 b,TOI-559,6.9839095,0.0723,0.151,1180.0,404.915,5.74,12.22899794,1910.14872607,5925.0,-0.069,0.22737,1.026,1.233
Kepler-418 c,Kepler-418,12.21829987,0.10632,0.0,835.0,107.6,0.915,5.22108654,23.7,5822.0,-0.06,0.11114,0.957,1.081
Kepler-1801 b,Kepler-1801,10.44089985,0.0915,0.0,829.0,111.52,2.16,2.70926154,7.8,5738.0,-0.06,-0.22269,0.936,0.981
Kepler-1838 b,Kepler-1838,12.14680004,0.11082,0.0,1097.0,271.6,4.08,1.66049425,3.4,5877.0,0.04,0.53674,1.187,1.963
Kepler-1839 b,Kepler-1839,5.056759834,0.0583,0.0,1049.0,286.32,3.31,1.9493759,4.46,5926.0,-0.04,0.19174,1.03,0.939
TOI-530 b,TOI-530,6.387597,0.052,0.0,565.0,14.259,0.93,9.30345398,127.1313628,3659.0,0.376,-1.3098,0.53,0.54
Kepler-1749 b,Kepler-1749,14.53409958,0.0956,0.0,420.0,7.34,4.23,1.61301783,3.23,3957.0,-0.16,-0.94989,0.551,0.553
Kepler-1841 b,Kepler-1841,25.88599968,0.1606,0.0,542.0,20.35,4.69,1.48912557,2.82,5190.0,0.12,-0.27843,0.823,0.899
Kepler-1842 b,Kepler-1842,14.02639961,0.116,0.0,822.0,108.07,2.59,2.35388681,6.14,5970.0,0.06,-0.02604,1.057,1.131
HAT-P-43 b,HAT-P-43,3.3326414,0.0444,0.0,1353.0,521.877,0.39,13.63,210.395,5693.0,0.2,0.05986,1.03,1.08
Kepler-1742 b,Kepler-1742,49.47819901,0.2587,0.0,462.0,10.73,2.86,2.1782413,5.38,5776.0,-0.18,-0.18376,0.939,0.849
Kepler-1743 b,Kepler-1743,7.649710178,0.084,0.0,1144.0,515.0,4.28,1.59887007,3.18,5855.0,0.4,0.59938,1.266,1.613
Kepler-1741 b,Kepler-1741,2.757590055,0.0296,0.0,615.0,33.79,5.75,1.273,2.16,3683.0,-0.22,-1.24232,0.454,0.424
Kepler-1810 b,Kepler-1810,101.1330032,0.4137,0.0,380.0,4.91,1.33,3.91815325,14.6,5492.0,0.16,-0.15834,0.921,1.016
Kepler-1812 b,Kepler-1812,7.165219784,0.0765,0.0,1034.0,270.34,2.63,2.3249424,6.01,6174.0,0.1,0.27988,1.162,1.103
Kepler-1845 b,Kepler-1845,11.60649967,0.0885,0.0,584.0,27.47,2.47,2.43836702,6.52,4703.0,-0.14,-0.57817,0.686,0.701
Kepler-1716 b,Kepler-1716,35.58100128,0.18836,0.0,408.0,6.3,2.49,2.4247685,6.46,4894.0,-0.24,-0.62363,0.753,0.684
K2-95 b,K2-95,10.1346454,0.0525,0.16,474.0,8.4172,1.67,3.31,11.0,3566.0,0.1,-1.63451,0.41,0.4
Kepler-1746 b,Kepler-1746,321.2120056,0.94082,0.0,310.0,3.4,0.455,8.93504475,59.1,6018.0,0.06,0.496,1.09,1.286
Kepler-1745 b,Kepler-1745,3.016190052,0.0408,0.0,1449.0,1044.49,3.35,1.92872921,4.38,5611.0,0.16,0.00651,0.995,1.4
Kepler-1814 b,Kepler-1814,2.935359955,0.03765,0.0,1022.0,216.9,2.56,2.36961357,6.21,4922.0,0.2,-0.50574,0.79,0.823
Kepler-1813 b,Kepler-1813,2.818160057,0.0364,0.0,1059.0,298.2,5.03,1.413,2.58,5167.0,-0.04,-0.4,0.812,0.787
Kepler-1815 b,Kepler-1815,12.19139957,0.0984,0.0,763.0,80.01,2.11,2.7489262,7.99,5516.0,-0.06,-0.03006,0.856,0.967
Kepler-1856 b,Kepler-1856,1.302000046,0.0215,0.0,1344.0,772.73,3.85,1.73447868,3.66,4948.0,0.14,-0.33065,0.782,0.816
K2-101 b,K2-101,14.6762429,0.1124,0.1,618.0,20.1207,3.2,2.0,4.66,4927.0,0.07,-0.59482,0.82,0.76
Kepler-1669 c,Kepler-1669,1.609320045,0.0228,0.0,958.0,199.28,3.41,1.90120972,4.27,4224.0,-0.2,-0.80265,0.609,0.603
Kepler-1165 c,Kepler-1165,29.96870041,0.1969,0.0,644.0,40.76,1.62,3.36093385,11.2,6249.0,-0.04,0.55152,1.13,1.076
Kepler-1816 b,Kepler-1816,91.50099945,0.35647,0.0,310.0,2.0,3.27,1.9679397,4.53,5051.0,-0.24,-0.53145,0.786,0.706
Kepler-1847 b,Kepler-1847,11.12969971,0.0989,0.0,843.0,119.44,2.12,2.74516914,7.97,6122.0,-0.18,0.09941,1.041,0.964
K2-355 b,K2-355,5.7385647,0.0632,,1066.0,192.2722,2.74,2.25,5.69,5790.0,-0.12,-0.11465,0.96,0.92
K2-356 b,K2-356,21.0267366,0.1599,,624.0,22.3128,2.68,2.29,5.86,5568.0,-0.11,-0.24375,0.9,0.86
Kepler-1757 b,Kepler-1757,19.65640068,0.1335,0.0,549.0,21.5,1.93,2.94660251,8.99,5288.0,-0.24,-0.36941,0.828,0.74
Kepler-1758 b,Kepler-1758,9.977210045,0.0919,0.0,1028.0,93.64,2.31,2.57059831,7.13,5557.0,0.16,0.48544,1.035,1.616
Kepler-1819 b,Kepler-1819,16.48690033,0.1337,0.0,760.0,78.99,1.34,3.90351256,14.5,6090.0,0.21,0.0865,1.173,1.071
Kepler-1817 b,Kepler-1817,44.29919815,0.2348,0.0,463.0,10.85,2.71,2.27349126,5.79,5316.0,0.16,-0.38044,0.878,0.915
K2-357 b,K2-357,16.3488637,0.145,,735.0,40.8918,1.43,3.72,13.4,5794.0,-0.02,-0.06563,0.98,1.0
K2-358 b,K2-358,11.2510285,0.0863,,888.0,92.6053,2.18,2.68,7.65,5650.0,-0.07,-0.16134,0.93,0.91
Kepler-1731 b,Kepler-1731,21.76129913,0.1399,0.0,486.0,13.3,1.94,2.93295657,8.92,4859.0,0.0,-0.59961,0.781,0.72
Kepler-1762 b,Kepler-1762,29.53910065,0.204,0.0,714.0,61.49,2.1,2.76022913,8.05,6572.0,0.07,0.33126,1.298,1.238
Kepler-1820 b,Kepler-1820,31.03249931,0.1964,0.0,561.0,23.41,1.79,3.11883067,9.9,5841.0,0.07,-0.02202,1.047,0.931
Kepler-1821 b,Kepler-1821,16.45809937,0.1244,0.0,644.0,40.61,2.28,2.59248115,7.24,5475.0,0.14,-0.12374,0.946,0.884
Kepler-1788 b,Kepler-1788,2.800120115,0.0343,0.0,956.0,197.81,2.55,2.37850461,6.25,4786.0,-0.2,-0.61055,0.686,0.704
Kepler-1859 b,Kepler-1859,2.729599953,0.0394,0.0,1455.0,1056.15,4.33,1.58313575,3.13,5887.0,0.16,0.15429,1.09,1.235
Kepler-1860 b,Kepler-1860,12.73719978,0.10625,0.0,697.0,56.3,5.77,1.13863767,1.55,5420.0,0.0,-0.18091,0.874,0.868
K2-184 b,K2-184,16.9780102,0.1685,,533.0,14.0501,4.77,1.47,2.76,5245.0,-0.1,-0.39912,0.84,0.75
Kepler-1712 b,Kepler-1712,13.81499958,0.0903,0.0,391.0,5.52,2.69,2.28372556,5.83,3732.0,0.02,-1.17916,0.515,0.509
Kepler-1763 b,Kepler-1763,1.480280042,0.0257,0.0,1822.0,2597.27,5.8,1.14651332,1.59,5897.0,0.02,0.27421,1.026,1.259
Kepler-1764 b,Kepler-1764,70.46829987,0.3512,0.0,511.0,16.17,1.09,4.55527871,18.8,6461.0,-0.14,0.41465,1.162,1.131
Kepler-1790 b,Kepler-1790,31.58889961,0.20989,0.0,682.0,49.2,1.77,3.1446145,10.0,5866.0,0.0,0.38334,1.02,1.367
Kepler-1791 b,Kepler-1791,7.720860004,0.0761,0.0,1021.0,257.14,1.79,3.12103321,9.91,5887.0,-0.06,0.176,0.985,1.177
EPIC 220554210 c,K2-282,0.70531,,,,,4.28,1.6,3.19,5499.0,-0.23,-0.21463,0.94,1.0
K2-273 b,K2-273,11.7195663,0.0729,,849.0,83.5129,1.85,3.05,9.53,5161.0,0.2,-0.35279,0.89,0.85
K2-104 b,K2-104,1.9741954,0.0242,0.09,798.0,62.1,3.7,1.79,3.86,3712.0,0.18,-1.43415,0.51,0.48
Kepler-1792 b,Kepler-1792,4.1957798,0.0488,0.0,1047.0,283.78,2.37,2.51990972,6.89,5229.0,0.32,-0.50826,0.878,1.005
Kepler-1090 c,Kepler-1090,42.42720032,0.22622,0.0,496.0,13.8,1.68,3.29265785,10.9,5330.0,0.18,-0.14595,0.869,1.013
EPIC 220492298 b,EPIC 220492298,0.762406,,,,,5.31,0.99,0.937,5620.0,0.28,-0.0088,0.95,0.89
EPIC 206024342 c,EPIC 206024342,0.911724,,,,,5.09,1.4,2.54,5724.0,-0.22,-0.16992,0.928,1.1
Kepler-1760 b,Kepler-1760,38.3260994,0.2084,0.0,480.0,12.56,2.68,2.28995546,5.86,5229.0,0.08,-0.26,0.821,0.903
Kepler-1777 b,Kepler-1777,12.18420029,0.10301,0.0,819.0,71.3,2.94,2.13189678,5.19,5771.0,0.06,-0.03321,0.984,1.068
K2-275 c,K2-275,8.4388385,0.0881,,653.0,45.7572,2.81,2.21,5.52,4841.0,-0.06,-0.59332,0.77,0.69
K2-275 b,K2-275,3.2809626,0.0277,,1166.0,161.2476,2.61,2.34,6.08,4841.0,-0.06,-0.59332,0.77,0.69
Kepler-1775 b,Kepler-1775,85.65399933,0.39565,0.0,522.0,9.9,1.46,3.64762153,12.9,5818.0,0.24,0.24607,1.149,1.647
Kepler-1797 b,Kepler-1797,23.3593998,0.1637,0.0,684.0,51.68,1.84,3.05774442,9.58,6244.0,-0.2,0.06183,1.069,1.009
Kepler-1798 b,Kepler-1798,16.85589981,0.1082,0.0,408.0,6.52,2.65,2.30911251,5.94,3967.0,0.06,-0.95681,0.593,0.587
TIC 172900988 b,TIC 172900988 Aa,200.452,0.90281,0.0271,361.24,5.7522,3.64,11.25,942.0,6050.0,0.34,0.67103,1.2384,1.3842
HD 93385 d,HD 93385,45.85,0.2565,0.09,619.44,24.471,1.98,2.89,8.7,5977.0,0.02,0.20683,1.04,1.18484
OGLE-2018-BLG-0567L b,OGLE-2018-BLG-0567L,,2.72,,,,0.3,12.3,101.70509024,,,,0.25,
OGLE-2018-BLG-0962L b,OGLE-2018-BLG-0962L,,3.59,,,,0.93,13.6,425.89006538,,,,0.54,
Kepler-487 d,Kepler-487,2.418390036,0.03445,0.0,1226.0,550.8,2.09,2.77513568,8.12,5422.0,0.02,-0.17269,0.874,0.887
Kepler-1822 b,Kepler-1822,22.13339996,0.1416,0.0,507.0,15.65,2.22,2.64755943,7.5,5165.0,-0.32,-0.28559,0.782,0.702
Kepler-1823 b,Kepler-1823,21.10339928,0.15332,0.0,718.0,78.0,3.03,2.0861268,5.0,6000.0,0.06,0.28744,1.068,1.126
HD 96700 c,HD 96700,19.88,0.141,0.293,808.42,69.413,3.98,1.69,3.5,5845.0,-0.18,0.13988,0.89,1.16
HD 96700 d,HD 96700,103.5,0.424,0.27,466.19,7.6762,1.48,3.61,12.7,5845.0,-0.18,0.13988,0.89,1.16
TOI-2257 b,TOI-2257,35.189346,0.145,0.496,256.0,0.6703,2.84,2.194,5.45,3430.0,-0.27,-1.86713,0.328,0.313
Kepler-1769 b,Kepler-1769,89.1934967,0.40598,0.0,483.0,8.9,1.12,4.465,18.2,6071.0,-0.06,0.21523,1.061,1.295
Kepler-1778 b,Kepler-1778,10.08740044,0.0956,0.0,942.0,186.14,1.87,3.01665969,9.36,6310.0,-0.06,0.0978,1.143,1.095
Kepler-1824 b,Kepler-1824,95.61100006,0.4267,0.0,421.0,7.45,2.55,2.38127597,6.26,6002.0,0.2,0.171,1.135,1.081
HD 189567 b,HD 189567,14.288,0.111,0.189,845.16,171.2523,2.02,2.85,8.5,5726.0,-0.24,0.32428,0.83,1.04
HD 189567 c,HD 189567,33.688,0.197,0.16,634.41,54.3688,2.35,2.54,7.0,5726.0,-0.24,0.32428,0.83,1.04
HD 137496 c,HD 137496,479.9,1.2163,0.477,370.0,1.5713,6.69,12.6,2434.56559762,5799.0,-0.03,0.36633,1.04,1.59
Kepler-1782 b,Kepler-1782,5.756229877,0.05825,0.0,773.0,86.0,2.78,2.22927435,5.6,4931.0,0.0,-0.55623,0.794,0.734
Kepler-1784 b,Kepler-1784,13.59049988,0.1072,0.0,724.0,64.8,2.06,2.79936489,8.24,5442.0,0.1,-0.12103,0.887,0.974
Kepler-1828 b,Kepler-1828,10.2737999,0.0924,0.0,799.0,96.27,2.98,2.11598626,5.13,5806.0,-0.04,-0.11128,0.996,0.899
Kepler-1829 b,Kepler-1829,5.186719894,0.0559,0.0,860.0,129.37,2.42,2.47887001,6.71,5230.0,0.0,-0.39395,0.873,0.777
Kepler-1776 b,Kepler-1776,35.01190186,0.2093,0.0,603.0,29.9,2.26,2.61157023,7.33,5872.0,0.1,0.16391,1.041,1.153
Kepler-1709 b,Kepler-1709,65.70459747,0.32704,0.0,472.0,11.7,1.79,3.12424875,9.93,5918.0,-0.04,0.11547,1.003,1.043
Kepler-1833 b,Kepler-1833,6.892129898,0.07545,0.0,1177.0,439.2,5.6,1.30027362,2.24,6164.0,0.38,0.4374,1.286,1.446
TOI-3362 b,TOI-3362,18.09547,0.153,0.815,688.0,37.2117,4.19,12.80065596,1598.3590588,6532.0,0.017,0.73878,1.445,1.83
Kepler-1738 b,Kepler-1738,7.674630165,0.0781,0.0,957.0,198.67,2.04,2.82472883,8.37,6063.0,-0.02,-0.00542,1.079,1.001
Kepler-1739 b,Kepler-1739,7.343709946,0.0697,0.0,839.0,117.5,2.48,2.43056832,6.48,5757.0,-0.5,-0.14011,0.865,0.762
Kepler-1924 b,Kepler-1924,15.33170033,0.1216,0.0,821.0,107.44,2.21,2.65446572,7.53,5726.0,0.16,0.45229,1.018,1.285
Kepler-1925 b,Kepler-1925,46.71640015,0.2588,0.0,531.0,18.74,1.89,3.00177922,9.28,5856.0,0.16,0.36494,1.057,1.092
HATS-76 b,HATS-76,1.9416423,0.02658,0.062,939.8,129.8,2.58,12.09449018,835.570882,4016.0,0.322,-1.0381,0.662,0.6259
Kepler-1130 d,Kepler-1130,4.272250175,0.05068,0.0,981.0,221.4,4.14,0.64472273,0.202,5450.0,0.1,-0.25964,0.944,0.842
Kepler-1802 c,Kepler-1802,33.13610077,0.1748,0.0,357.0,3.86,2.63,2.322,6.0,4245.0,0.0,-0.925,0.649,0.637
Kepler-1942 b,Kepler-1942,4.626049995,0.0516,0.0,1012.0,247.34,2.97,2.1170287,5.13,5834.0,-0.5,-0.07518,0.852,0.797
Kepler-1943 b,Kepler-1943,4.850180149,0.05975,0.0,1098.0,724.2,4.47,1.54869189,3.02,6032.0,-0.06,0.44535,1.055,0.973
Kepler-1927 b,Kepler-1927,73.75039673,0.38733,0.0,677.0,34.7,1.6,3.40627075,11.5,6056.0,0.14,0.77402,1.408,2.481
Kepler-1722 b,Kepler-1722,9.178569794,0.0819,0.0,753.0,76.14,2.0,2.86719266,8.58,5506.0,-0.2,-0.16963,0.876,0.788
HD 69123 b,HD 69123,1193.3,2.482,0.19,411.78,4.7903,2.4,13.1,982.08977763,4842.0,0.05,1.46997,1.68,7.72
Kepler-1266 c,Kepler-1266,4.86631012,0.0506,0.0,881.0,110.4,4.01,1.68023962,3.46,4996.0,0.14,-0.52996,0.791,0.831
Kepler-394 d,Kepler-394,5.613580227,0.05904,0.0,1165.0,302.0,4.65,1.50066814,2.86,6398.0,-0.14,0.05347,1.141,1.101
Kepler-1944 b,Kepler-1944,9.842579842,0.0918,0.0,801.0,97.62,2.1,2.75971163,8.05,5585.0,0.48,-0.08284,1.064,0.972
Kepler-1945 b,Kepler-1945,6.080039978,0.0597,0.0,808.0,100.72,5.67,1.289,2.21,4991.0,0.04,-0.441,0.767,0.804
Kepler-1946 b,Kepler-1946,3.035190105,0.0394,0.0,1143.0,403.53,2.41,2.48812698,6.75,5505.0,-0.04,-0.27885,0.887,0.873
Kepler-1929 b,Kepler-1929,59.36249924,0.30883,0.0,566.0,37.2,1.83,3.07250761,9.65,5786.0,-0.02,0.5928,1.006,1.471
Kepler-913 c,Kepler-913,5.939119816,0.0699,0.0,1357.0,122.82,1.36,3.8580709,14.2,6068.0,0.16,-0.28163,1.294,1.797
Kepler-324 e,Kepler-324,13.97939968,0.10972,0.0,635.0,38.9,0.16,2.03862444,235.014,5191.0,0.08,-0.30825,0.844,0.826
Kepler-1727 b,Kepler-1727,9.029299736,0.0796,0.0,757.0,77.75,1.75,3.17321625,10.2,5349.0,-0.12,-0.25065,0.824,0.82
Kepler-1931 b,Kepler-1931,38.5760994,0.23329,0.0,619.0,51.7,2.22,2.65323514,7.53,6167.0,0.12,0.4741,1.174,1.221
Kepler-1530 d,Kepler-1530,9.20761013,0.08276,0.0,972.0,69.2,1.68,3.27870115,10.8,5678.0,0.2,-0.31086,1.015,1.303
Kepler-1932 b,Kepler-1932,0.524177015,0.0123,0.0,1891.0,2799.9,4.6,1.51482218,2.91,5278.0,0.14,-0.35191,0.911,0.815
YZ Cet b,YZ Cet,2.02087,0.01634,0.06,471.2,8.21,5.05,0.913,0.7,3151.0,-0.18,-2.65857,0.142,0.157
YZ Cet c,YZ Cet,3.05989,0.02156,0.0,410.3,4.72,5.41,1.05,1.14,3151.0,-0.18,-2.65857,0.142,0.157
Kepler-281 d,Kepler-281,148.2720032,0.5456,0.0,321.0,2.51,12.3,5.93747806,654.0,5717.0,0.0,0.14638,0.984,0.884
Kepler-495 c,Kepler-495,5.896609783,0.0614,0.0,1000.0,108.13,6.0,1.21936414,1.98,5392.0,0.18,-0.2375,0.888,1.087
Kepler-501 c,Kepler-501,3.622760057,0.0467,0.0,1304.0,683.84,4.01,1.68119739,3.47,5794.0,0.14,0.21635,1.032,1.216
Kepler-196 d,Kepler-196,122.0800018,0.4545,0.0,297.0,1.8,2.21,2.66065673,7.56,5132.0,-0.06,-0.39257,0.805,0.77
Kepler-1950 b,Kepler-1950,10.77690029,0.0871,0.0,752.0,75.83,4.55,1.52696349,2.95,5455.0,-0.34,-0.22345,0.759,0.852
Kepler-1899 b,Kepler-1899,4.095779896,0.0457,0.0,851.0,124.3,4.45,1.55098292,3.02,4791.0,0.07,-0.67239,0.759,0.742
Kepler-1869 b,Kepler-1869,8.167360306,0.07976,0.0,865.0,138.5,5.72,1.11955354,1.46,5808.0,-0.06,-0.05012,0.987,0.902
Kepler-1312 c,Kepler-1312,1.116119981,0.02103,0.0,1659.0,1770.2,5.42,1.02732734,1.07,5721.0,0.02,-0.09874,0.983,0.905
Kepler-1952 b,Kepler-1952,27.21080017,0.1724,0.0,725.0,65.27,5.98,1.23923346,2.07,5973.0,-0.34,0.291,0.922,1.305
Kepler-1728 b,Kepler-1728,4.782999992,0.0535,0.0,886.0,145.48,1.93,2.95501875,9.04,5170.0,0.18,-0.41612,0.891,0.807
Kepler-1926 b,Kepler-1926,42.87770081,0.2197,0.0,451.0,9.8,2.64,2.31495961,5.97,5256.0,-0.16,-0.64728,0.768,0.832
Kepler-1729 b,Kepler-1729,4.220970154,0.0418,0.0,595.0,29.68,1.34,3.89404186,14.4,3837.0,-0.06,-0.66329,0.544,0.517
Kepler-1972 b,Kepler-1972,7.54425,0.08006,0.067,1084.0,341.3,22.2,0.802,2.02,5818.0,0.23,0.29447,1.12,1.384
Kepler-1321 d,Kepler-1321,5.720920086,0.0501,0.0,509.0,15.84,2.24,2.62843782,7.41,3640.0,0.21,-0.8624,0.513,0.503
Kepler-1600 c,Kepler-1600,7.298049927,0.06961,0.0,786.0,84.7,3.32,1.94206512,4.43,5119.0,0.1,-0.33945,0.818,0.834
Kepler-1954 b,Kepler-1954,5.883430004,0.0625,0.0,949.0,192.09,3.66,1.80235934,3.9,5840.0,-0.24,0.04503,0.942,0.849
Kepler-1730 b,Kepler-1730,13.81019974,0.1131,0.0,833.0,113.75,1.12,4.48524519,18.4,5942.0,-0.04,0.07455,1.009,1.142
Kepler-1721 b,Kepler-1721,4.592380047,0.0519,0.0,924.0,172.6,1.79,3.11856756,9.9,5351.0,-0.04,-0.40675,0.89,0.796
Kepler-1887 b,Kepler-1887,19.94750023,0.1421,0.0,625.0,36.14,1.95,2.92454357,8.88,5749.0,-0.1,-0.18953,0.961,0.864
Kepler-1958 b,Kepler-1958,9.328619957,0.0856,0.0,806.0,99.6,3.09,2.05124311,4.86,5749.0,-0.1,-0.00092,0.961,0.864
Kepler-1726 b,Kepler-1726,18.39629936,0.12794,0.0,582.0,24.0,2.38,2.50861954,6.84,5316.0,0.0,-0.36975,0.876,0.804
Kepler-1723 b,Kepler-1723,39.75289917,0.2249,0.0,568.0,24.54,1.99,2.88046569,8.65,6072.0,-0.3,0.03393,0.96,1.01
Kepler-1705 b,Kepler-1705,9.03502,0.08,0.033,789.0,91.74,2.977353,2.03,4.47,6312.0,-0.2,0.35411,1.139,1.259
OGLE-2019-BLG-0960L b,OGLE-2019-BLG-0960L,,1.9,,,,5.12,1.39,2.5,,,,0.5,
Kepler-1890 b,Kepler-1890,4.820590019,0.05712,0.0,1328.0,493.0,4.92,0.86867375,0.587,6046.0,-0.16,0.26655,1.024,1.396
Kepler-1892 b,Kepler-1892,6.331230164,0.0633,0.0,822.0,108.04,3.57,1.83707938,4.03,5383.0,-0.22,-0.30112,0.851,0.759
Kepler-1959 b,Kepler-1959,6.38669014,0.0617,0.0,811.0,102.25,5.78,1.14315727,1.57,5071.0,-0.02,-0.47365,0.768,0.811
Kepler-1960 b,Kepler-1960,2.297940016,0.0354,0.0,1547.0,1352.14,5.56,1.30749704,2.26,6371.0,-0.18,0.27069,1.117,1.072
Kepler-457 d,KOI-7892,10.6906004,0.0996,0.0,1008.0,244.47,1.9,2.98467257,9.19,6474.0,-0.16,0.2987,1.148,1.242
Kepler-633 c,Kepler-633,23.78319931,0.16246,0.0,725.0,115.4,2.67,2.296,5.89,5877.0,-0.04,0.236,0.997,1.265
Kepler-1861 b,Kepler-1861,40.0306015,0.24082,0.0,617.0,31.5,2.81,2.20677414,5.5,5855.0,0.26,0.30017,1.161,1.373
Kepler-1863 b,Kepler-1863,44.99760056,0.23678,0.0,508.0,41.5,2.72,2.26309256,5.74,5871.0,0.21,0.40952,1.097,0.983
Kepler-1895 b,Kepler-1895,6.070290089,0.0615,0.0,789.0,91.45,2.97,2.11934728,5.14,5076.0,0.1,-0.22959,0.86,0.763
Kepler-1911 b,Kepler-1911,5.990799904,0.0636,0.0,987.0,223.93,5.37,1.011,1.01,5721.0,0.0,-0.07794,0.954,0.972
Kepler-1865 b,Kepler-1865,2.524009943,0.0344,0.0,1203.0,495.14,4.36,1.57686072,3.11,5420.0,-0.06,-0.32913,0.849,0.871
Kepler-1866 b,Kepler-1866,11.66009998,0.1016,0.0,834.0,114.36,3.04,2.08215108,4.99,5791.0,0.16,0.14386,1.03,1.083
Kepler-1897 b,Kepler-1897,24.22030067,0.1546,0.0,505.0,15.43,2.05,2.81407954,8.32,5165.0,0.02,-0.38987,0.859,0.761
Kepler-1896 b,Kepler-1896,44.87020111,0.2529,0.0,536.0,19.5,1.81,3.09935997,9.8,6122.0,-0.1,0.17382,1.07,0.996
Kepler-1967 b,Kepler-1967,7.281690121,0.06686,0.0,1086.0,57.1,4.45,0.73022577,0.315,4970.0,0.32,-0.56664,0.996,1.806
b Cen AB b,b Cen A,1790000.0,556.0,0.4,,,9.98,12.4,3464.3296363,,,,5.5,
OGLE-2018-BLG-0532L b,OGLE-2018-BLG-0532L,,1.064,,,,2.57,2.37,6.228,,,,0.195,
Kepler-1867 b,Kepler-1867,9.887359619,0.0872,0.0,768.0,82.32,5.81,1.15985997,1.65,5693.0,-0.24,0.21949,0.911,0.816
Kepler-1868 b,Kepler-1868,211.0339966,0.62348,0.0,215.0,0.5,1.78,3.14950109,10.1,4658.0,0.0,-0.66249,0.743,0.686
Kepler-1903 b,Kepler-1903,17.0678997,0.1321,0.0,769.0,82.56,2.69,2.28642395,5.85,6347.0,-0.34,0.29209,1.053,0.996
Kepler-1969 b,Kepler-1969,6.647520065,0.0717,0.0,999.0,235.89,4.01,1.68161001,3.47,6046.0,0.07,-0.1809,1.111,1.007
Kepler-1968 b,Kepler-1968,7.281099796,0.0696,0.0,744.0,72.16,4.66,1.50004034,2.86,5008.0,0.18,-0.64972,0.844,0.788
Kepler-1871 b,Kepler-1871,1.952700019,0.0308,0.0,1403.0,917.15,2.49,2.42172881,6.44,5741.0,0.12,0.00294,1.02,0.946
Kepler-1872 b,Kepler-1872,3.825910091,0.0465,0.0,1005.0,241.25,2.55,2.38421141,6.28,5223.0,0.32,-0.50562,0.913,0.885
Kepler-1906 b,Kepler-1906,7.362689972,0.0738,0.0,901.0,155.72,2.09,2.77615754,8.13,5868.0,-0.12,0.24215,0.987,0.894
Kepler-1907 b,Kepler-1907,5.652450085,0.05444,0.0,856.0,75.0,4.92,0.86973029,0.589,5159.0,-0.16,-0.62479,0.752,0.8
Kepler-1913 b,Kepler-1913,14.1960001,0.1209,0.0,818.0,105.7,4.58,1.51852059,2.92,6214.0,0.07,-0.05481,1.169,1.076
HD 79181 b,HD 79181,273.1,0.9,0.259,821.87,76.0617,0.399,14.1,203.41018048,4862.0,-0.28,1.78965,1.28,11.06
HD 10975 b,HD 10975,283.8,0.95,0.442,799.92,68.2992,0.269,14.3,143.02278315,4840.0,-0.21,1.78986,1.41,11.16
HD 99283 b,HD 99283,310.4,1.08,0.2,759.06,55.3069,0.645,13.8,308.29355479,4886.0,-0.16,1.80963,1.76,11.21
Kepler-1873 b,Kepler-1873,0.558842003,0.0128,0.0,1787.0,2412.15,4.19,1.62573811,3.28,5151.0,0.21,-0.40951,0.903,0.792
Kepler-1874 b,Kepler-1874,56.57320023,0.2633,0.0,356.0,3.79,2.81,2.21110724,5.52,4701.0,0.24,-0.577,0.758,0.775
Kepler-1909 b,Kepler-1909,2.391609907,0.0306,0.0,1031.0,266.01,5.61,1.09217411,1.33,4935.0,-0.42,-0.57623,0.663,0.685
Kepler-1717 b,Kepler-1717,30.65279961,0.2014,0.0,780.0,87.69,1.89,2.98929758,9.21,6200.0,-0.06,0.59298,1.158,1.64
Kepler-1917 b,Kepler-1917,12.90240002,0.103,0.0,675.0,48.99,3.44,1.88971288,4.23,5530.0,-0.22,-0.29551,0.882,0.788
Kepler-1918 b,Kepler-1918,47.0564003,0.2524,0.0,497.0,14.43,2.67,2.29763023,5.89,5889.0,-0.16,-0.3081,0.967,0.924
ups Leo b,ups Leo,385.2,1.18,0.32,719.08,45.3174,0.311,14.2,162.09248757,4836.0,-0.2,1.80003,1.48,11.22
HD 219139 b,HD 219139,275.5,0.94,0.11,804.83,70.5297,0.496,14.0,247.90615746,4831.0,-0.2,1.79463,1.46,11.22
Kepler-616 d,Kepler-616,51.06740189,0.2749,0.0,499.0,14.69,2.21,2.653,7.52,6004.0,-0.02,-0.11149,1.061,0.977
Kepler-534 c,Kepler-534,7.378689766,0.0761,0.0,933.0,178.68,6.01,1.227,2.02,5936.0,0.07,0.14739,1.075,0.965
Kepler-1919 b,Kepler-1919,37.88660049,0.2107,0.0,479.0,12.46,2.24,2.62390658,7.38,5513.0,-0.16,-0.27362,0.868,0.818
Kepler-1488 c,Kepler-1488,6.158269882,0.06959,0.0,1212.0,760.6,4.11,1.65156749,3.37,5710.0,0.0,0.58748,1.003,1.524
gam Psc b,gam Psc,555.1,1.32,0.204,666.07,33.5227,0.93,13.6,425.89006538,4742.0,-0.62,1.76649,0.99,11.2
HIP 34222 b,HIP 34222,159.986,0.492,0.305,218.98,0.3832,0.54,13.9,263.79757781,4050.0,,-1.03267,0.62,0.6186
Kepler-1881 b,Kepler-1881,159.3939972,0.53325,0.0,289.0,1.5,1.9,2.98104391,9.17,5135.0,0.12,-0.3067,0.812,0.874
Kepler-1879 b,Kepler-1879,10.61340046,0.0957,0.0,987.0,242.6,3.07,2.06512018,4.92,5865.0,0.0,0.38444,1.023,1.388
Kepler-1934 b,Kepler-1934,1.419759989,0.02466,0.0,1700.0,1835.6,5.07,0.91307734,0.702,5925.0,-0.14,0.1085,0.968,1.035
Kepler-1935 b,Kepler-1935,3.951400042,0.0463,0.0,1083.0,324.78,2.39,2.50271696,6.82,5570.0,-0.18,0.16401,0.845,0.899
Kepler-1921 b,Kepler-1921,20.03479958,0.15865,0.0,967.0,216.2,1.98,2.89459458,8.72,6120.0,0.02,0.80624,1.251,2.0
HIP 86221 b,HIP 86221,2.224,0.031,0.086,,,0.452,14.0,225.65816897,,,,0.79,
Kepler-1883 b,Kepler-1883,103.427002,0.4438,0.0,416.0,7.08,1.7,3.25107395,10.6,6208.0,-0.12,-0.01559,1.086,1.024
Kepler-1938 b,Kepler-1938,13.06260014,0.0938,0.0,527.0,18.25,3.6,1.82828927,4.0,4522.0,-0.22,-0.64954,0.646,0.655
TOI-1268 b,TOI-1268,8.1577094,0.0711,0.105,918.9,91.0972,0.71,9.1,96.4,5300.0,0.36,-0.28785,0.96,0.92
K2-25 b,K2-25,3.48456408,0.0287,0.428,494.0,9.91,3.31,3.44,24.5,3207.0,0.15,-2.08831,0.2634,0.2932
TOI-2136 b,TOI-2136,7.851928,0.057,0.0,395.0,4.0,3.34,2.19,6.37,3342.0,0.03,-1.88606,0.34,0.34
K2-382 b,K2-382,21.700156,,,,,3.06,2.072,4.95,5452.0,-0.027,-0.27952,0.922,0.811
K2-376 b,K2-376,5.776475,,,,,3.84,1.736,3.66,5937.0,-0.176,0.18908,0.908,1.149
iot Dra b,iot Dra,510.8544,1.453,0.701,618.67,24.9999,10.8,12.4,3756.73177074,4504.0,0.03,1.72247,1.54,11.79
CoRoT-35 b,CoRoT-35,3.22748,0.0429,0.0,1747.0,1251.8629,0.29,18.83108758,349.6112477,6390.0,-0.5,0.36247,1.01,1.65
CoRoT-36 b,CoRoT-36,5.616531,0.066,0.0,1567.0,1491.0287,0.25,15.80466279,216.12331676,6730.0,-0.1,0.81257,1.32,1.52
K2-383 b,K2-383,1.865962,,,,,4.41,1.564,3.07,5129.0,0.187,-0.39685,1.061,0.804
K2-366 b,K2-366,15.937039,,,,,2.58,2.359,6.16,5601.0,-0.216,-0.10862,0.825,0.94
iot Dra c,iot Dra,25000.0,19.4,0.455,169.31,0.1402,15.0,12.2,4958.1231492,4504.0,0.03,1.72247,1.54,11.79
K2-373 b,K2-373,11.02066,,,,,3.08,2.061,4.9,6138.0,0.049,0.43238,1.158,1.486
K2-367 b,K2-367,20.645099,,,,,2.51,2.413,6.41,4348.0,-0.351,-0.85399,0.756,0.625
HD 160691 d,HD 160691,9.6392,0.0952,0.0,900.0,209.5104,1.71,3.23,10.49,5773.0,0.28,0.27848,1.13,1.33
K2-384 f,K2-384,13.62749,,,,,2.79,2.222,5.57,3623.0,0.068,-1.86986,0.33,0.348
K2-369 b,K2-369,5.761612,,,,,5.53,1.313,2.28,5682.0,-0.234,-0.12109,0.735,0.881
TOI-620 b,TOI-620,5.0988179,0.04825,0.22,603.6,20.8,1.41,3.76,13.6,3708.0,0.35,-1.28819,0.577,0.55
AB Aur b,AB Aur,,93.9,0.4,83.63,0.0067,8.05,12.5,2860.455663,9770.0,,1.77085,2.4,2.95887
HD 33142 b,HD 33142,330.0,1.074,0.049,477.5,8.6781,0.856,13.7,400.46379282,5025.4,0.06,1.00043,1.52,4.17
K2-384 e,K2-384,9.715043,,,,,5.35,1.345,2.37,3623.0,0.068,-1.86986,0.33,0.348
K2-372 b,K2-372,9.844077,,,,,1.93,2.945,8.98,5479.0,-0.064,-0.12154,0.847,0.922
TYC 2187-512-1 b,TYC 2187-512-1,691.9,1.22,0.05,114.69,0.0279,0.295,12.5,104.88337431,3734.0,0.08,-1.38091,0.498,0.495
TOI-1246 b,TOI-1246,4.30744,0.049,,955.0,196.0,1.63,3.01,8.1,5151.0,0.17,-0.30103,0.87,0.86
K2-393 b,K2-393,10.413181,,,,,2.59,2.352,6.13,5678.0,0.076,0.04296,0.881,1.071
K2-375 b,K2-375,14.453895,,,,,2.76,2.243,5.66,5822.0,-0.091,0.39626,1.119,1.543
HIP 94235 b,HIP 94235,7.713057,0.0787,0.32,1060.0,219.2841,,3.0,379.0,5991.0,0.0,0.13759,1.094,1.08
KOI-984 c,KOI-984,21.512,0.1467,0.38,597.0,22.0364,0.411,14.1,209.8,5295.0,0.12,-0.324,0.928,0.818
K2-389 c,K2-389,20.851337,,,,,3.12,2.04,4.82,5782.0,-0.034,0.10644,0.802,1.084
K2-390 b,K2-390,3.312792,,,1119.0,260.965,1.06,4.662,19.6,5558.0,-0.116,-0.09926,0.789,0.966
HD 73583 b,HD 73583,6.398042,0.0604,0.09,714.0,43.3,2.58,2.79,10.2,4511.0,0.0,-0.74425,0.73,0.65
HD 103891 b,HD 103891,1919.0,3.27,0.31,241.25,0.5714,2.19,13.2,918.52409623,6072.0,-0.19,0.78604,1.28,2.22
HD 105779 b,HD 105779,2412.0,3.38,0.0,147.29,0.0683,0.399,14.1,203.41018048,5792.0,-0.25,-0.10791,0.89,0.94
HD 33142 d,HD 33142,89.9,0.452,0.191,736.04,48.9956,0.431,9.32,63.5656814,5025.4,0.06,1.00043,1.52,4.17
HD 19615 b,HD 19615,402.0,1.1,0.2,1113.92,270.2479,7.42,12.6,2701.5414595,4263.0,-0.31,2.51455,1.1,32.3
K2-391 b,K2-391,4.622654,,,,,5.22,1.371,2.45,5543.0,-0.543,0.39142,0.757,0.566
HD 73583 c,HD 73583,18.87974,0.1242,0.08,498.0,10.2,3.88,2.39,9.7,4511.0,0.0,-0.74425,0.73,0.65
GJ 411 b,GJ 411,12.9394,0.07879,0.063,349.83,3.13,4.85,1.45,2.69,3719.0,-0.3621,-1.70997,0.3899,0.3685
TOI-1064 c,TOI-1064,12.226574,0.09429,0.088,634.0,26.8,0.771906,2.651,2.5,4734.0,0.05,-0.62342,0.748,0.726
K2-316 b,K2-316,1.133,0.0147,,841.0,68.5057,5.44,1.33,2.33,3436.0,,-1.82964,0.408,0.379
HD 95735 c,GJ 411,2946.0,2.94,0.132,63.49,0.0023,1.41,3.76,13.6,3719.0,-0.3621,-1.70997,0.3899,0.3685
TOI-2669 b,TOI-2669,6.2034,,0.09,1226.0,375.554,0.139,19.72780603,193.87532827,4800.0,0.1,0.906,1.19,4.1
TOI-4329 b,TOI-4329,2.9223,,0.068,2027.12,3990.5716,0.165,16.81347105,143.02278315,6000.0,0.29,0.79931,1.538,2.31
K2-397 b,K2-397,3.572326,,,,,2.5,2.417,6.42,5387.0,0.11,-0.14497,0.937,0.966
K2-316 c,K2-316,5.26,0.0582,,423.0,4.3703,3.6,1.83,4.01,3436.0,,-1.82964,0.408,0.379
TOI-2046 b,TOI-2046,1.4971842,,,1828.82,2643.655,0.955,16.14093221,731.0053361,6250.0,-0.06,0.27967,1.13,1.21
Kepler-1656 c,Kepler-1656,1919.0,3.053,0.527,161.19,0.1126,0.253,14.0,126.4,5569.0,0.19,0.02083,1.03,1.1
TOI-206 b,TOI-206,0.7363104,0.0112,,910.0,117.7582,5.6,1.3,2.24,3383.0,,-1.83581,0.35,0.35
K2-398 c,K2-398,18.787839,,,,,0.946,5.098,22.8,5946.0,-0.257,0.25966,0.945,1.239
K2-319 b,K2-319,26.68,0.1516,,641.0,25.1842,2.07,2.79,8.2,5440.0,,-0.23747,0.954,0.898
mu2 Sco b,mu2 Sco,,242.4,0.56,159.05,0.1074,13.5,12.3,4576.7290608,21700.0,,3.8,9.1,5.6
TOI-1693 b,TOI-1693,1.7666957,0.0226,,764.0,57.0208,5.04,1.41,2.57,3499.0,,-1.55409,0.49,0.46
K2-402 b,K2-402,17.27474,,,,,2.19,2.678,7.65,5716.0,-0.378,0.2095,0.944,1.28
K2-323 b,K2-323,24.93,0.1275,,318.0,2.8163,3.0,2.1,5.06,3710.0,,-1.3393,0.478,0.549
HD 81040 b,HD 81040,1002.7,1.946,0.525,189.77,0.2213,6.32,12.6,2301.07766668,5755.0,-0.04,-0.07676,0.99,0.91
HD 171238 b,HD 171238,1515.0,2.518,0.358,166.96,0.0989,7.87,12.5,2796.8899816,5467.0,0.2,-0.20273,0.92,1.01
HD 87883 b,HD 87883,3006.0,3.77,0.72,110.52,0.0238,5.38,12.7,2005.49724817,4980.0,0.11,-0.47108,0.8,0.798557
TOI-2411 b,TOI-2411,0.7826942,0.0144,,1355.0,1051.1379,4.01,1.68,3.46,4099.0,,-0.87076,0.65,0.68
TOI-2427 b,TOI-2427,1.3060011,0.0202,,1117.0,62.7136,3.67,1.8,3.89,4072.0,,-0.94244,0.64,0.65
K2-404 b,K2-404,13.115365,,,,,2.35,2.53,6.94,3748.0,0.005,-1.23901,0.552,0.552
K2-325 b,K2-325,6.93,0.0419,,423.0,5.0999,2.83,2.2,5.48,3287.0,,-2.04801,0.274,0.298
HD 106515 A b,HD 106515 A,3626.0,4.48,0.571,116.53,0.0342,18.6,12.1,6006.9568923,5362.0,0.03,-0.16368,0.89,0.91
KMT-2017-BLG-2509L b,KMT-2017-BLG-2509L,,2.14,,,,1.52,13.4,664.26137063,,,,0.46,
K2-406 b,K2-406,22.549406,,,,,1.08,4.602,19.2,5784.0,-0.038,-0.05965,0.798,0.961
K2-326 b,K2-326,1.256,0.0198,,1114.0,268.1283,2.7,2.28,5.82,3924.0,,-0.97833,0.507,0.688
TOI-5153 b,TOI-5153,20.33003,0.158,0.091,906.0,49.5559,3.39,11.88151954,1036.12060682,6300.0,0.12,0.46423,1.24,1.4
NGTS-20 b,NGTS-20,54.18915,0.313,0.432,688.0,6.7645,3.02,11.99360935,947.12865286,5980.0,0.15,0.64503,1.47,1.78
HD 29021 b,HD 29021,1365.0,2.294,0.453,163.2,0.1252,3.64,12.9,1420.69297929,5560.0,-0.3,-0.18111,0.86,0.85
KMT-2021-BLG-0912L b,KMT-2021-BLG-0912L,,3.14,,,,4.67,1.49,2.81,,,,0.8,
K2-407 c,K2-407,9.22453,,,,,5.29,1.36,2.42,5563.0,0.014,-0.12724,0.881,0.927
K2-199 b,K2-199,3.2253993,0.0382,0.02,913.0,116.2,7.2,1.73,6.9,4491.0,-0.01,-0.73283,0.711,0.682
Ross 508 b,Ross 508,10.77,0.05366,0.33,293.86,1.2464,3.59,1.83,4.0,3071.0,-0.2,-2.44503,0.1774,0.2113
K2-387 b,K2-387,28.735327,,,,,0.591,7.322,42.2,3572.0,0.126,-1.23884,0.57,0.585
K2-374 b,K2-374,4.521953,,,,,4.3,1.593,3.16,5789.0,-0.292,-0.05943,0.731,0.907
HD 136118 b,HD 136118,1187.59765,2.327,0.344,249.62,0.684,12.3,12.3,4164.18778851,6097.0,-0.05,0.56868,1.18,1.67754
HD 140901 b,HD 140901,9.02378,0.085,0.472,904.37,109.3426,1.27,4.07,15.57359194,5610.0,0.0859,-0.10237,0.99,0.95
HD 93351 c,HD 93351,14010.2941,11.154,0.109,74.54,0.0051,12.3,12.3,4154.01727949,5408.0,-0.23,-0.19371,0.94,0.911435
GJ 2030 b,GJ 2030,2.38129,0.034,0.239,2147.31,3542.7587,3.13,2.03,4.76742611,5485.0,-0.4,0.6123,0.96,2.24104
TOI-2570 b,TOI-2570,2.9887615,0.04145,0.0,1431.0,699.0,0.563,13.64132951,260.61929374,5771.0,0.191,0.07882,1.063,1.095
HD 113337 b,HD 113337,317.58639,1.022,0.28,395.73,4.1073,2.53,13.1,1035.80277841,6774.0,0.07,0.63246,1.41,1.5
HIP 97233 b,HIP 97233,1062.26506,2.491,0.63,354.42,2.5778,18.9,12.1,6098.17364511,5020.0,0.29,1.204,1.81,5.34
HD 144899 b,HD 144899,40.43914,0.242,0.821,770.87,58.843,1.03,4.77,20.34101805,6126.0,,0.53733,1.16,1.64802
HD 142 A d,HD 142,108.45299,0.474,0.13,530.32,13.2625,0.351,10.9,82.63538582,6245.0,0.09,0.47418,1.21,1.47
GJ 2030 c,GJ 2030,25533.11353,16.761,0.041,96.71,0.0146,12.0,12.3,4069.15709482,5485.0,-0.4,0.6123,0.96,2.24104
GJ 3222 b,GJ 3222,10.66669,0.091,0.929,811.06,67.5954,1.6,3.4,11.44182265,5257.46,0.16,-0.252,0.89,0.931389
GJ 680 b,GJ 680,17281.66514,10.138,0.381,36.57,0.0003,25.4,12.0,7977.4930157,3563.0,,-1.51379,0.456,0.45933
TOI-3540 A b,TOI-3540 A,3.119999,0.04289,0.0,1498.0,841.3,0.065,23.53885947,375.03752026,5810.0,0.176,0.19005,1.081,1.228
TOI-3331 A b,TOI-3331 A,2.0180231,0.03144,0.0,1488.0,818.5,1.82,12.97999965,721.47048389,5609.0,0.148,-0.09313,1.016,0.952
TOI-3693 b,TOI-3693,9.088516,0.0813,0.0,801.0,68.6,0.89,12.59889431,324.18497514,5321.0,0.071,-0.3439,0.867,0.791
HD 145934 b,HD 145934,2751.53433,4.89,0.078,276.92,0.9461,1.5,13.4,658.5404593,4823.75,0.0951,1.35455,2.058,6.930587
HD 151450 b,HD 151450,21.89288,0.16,0.496,795.0,66.5618,0.632,6.94,38.45723725,6091.98,,0.23147,1.14,1.17184
HD 149806 b,HD 149806,16521.52778,12.404,0.357,69.13,0.0037,11.8,12.3,4003.68444298,5352.05,0.2206,-0.2446,0.93,0.89
HD 151450 c,HD 151450,18144.76236,14.131,0.138,84.59,0.0085,4.29,12.8,1636.18063924,6091.98,,0.23147,1.14,1.17184
HD 115404 A b,HD 115404 A,10.49488,0.088,0.232,695.65,39.0242,0.75,6.09,30.82935548,5019.17,-0.1568,-0.5197,0.83,0.727007
TOI-2196 b,TOI-2196,1.1947268,0.02234,0.0,1860.0,2000.0,3.31,3.51,26.0,5634.0,0.14,-0.00436,1.032,1.043
HD 191806 b,HD 191806,1603.38923,2.749,0.213,206.98,0.2951,8.35,12.5,2966.61035094,6010.0,0.3,0.3483,1.07,1.40223
HD 153557 c,HD 153557,15.27018,0.111,0.511,604.33,22.2262,1.16,4.36,17.48056238,4837.0,,-0.56249,0.79,0.745171
HD 153557 d,HD 153557,40654.64809,21.449,0.152,43.47,0.0006,28.5,11.9,8725.66108578,4837.0,,-0.56249,0.79,0.745171
HD 12235 c,HD 12235,36336.70679,22.21,0.174,82.22,0.0076,8.82,12.5,3135.69506346,5986.0,0.31,0.57468,1.1,1.80185
HD 56414 b,HD 56414,29.04992,0.229,0.68,1133.0,1614.3559,1.43,3.71,13.3,8500.0,0.0,1.15806,1.89,1.751
GJ 896 A b,GJ 896 A,284.39,0.63965,0.35,126.7,0.0429,1.68,13.3,718.29219982,3345.0,,-1.75523,0.43599,0.394682
GJ 676 A c,GJ 676 A,13921.42302,9.726,0.295,47.96,0.001,12.7,12.3,4288.14086724,3734.0,0.23,-1.04251,0.626,0.69
HD 219828 c,HD 219828,4789.87297,5.657,0.811,149.17,0.0822,15.4,12.2,5102.41724598,5891.0,0.19,0.42,1.04,1.56
HD 72892 b,HD 72892,39.44603,0.228,0.419,634.46,26.9314,4.55,12.8,1737.88572948,5688.0,0.25,0.14613,1.01,1.22
HD 155918 b,HD 155918,1.87567,0.03,0.194,1622.13,1153.7389,2.2,2.67,7.62788177,5771.84,-0.6616,0.01635,1.03,1.01906
TOI-2048 b,TOI-2048,13.79019,,0.13,646.0,29.035,2.26,2.61,7.32,5185.0,0.02,-0.38722,0.83,0.79
HD 111232 b,HD 111232,1169.13202,2.148,0.214,172.05,0.1496,6.95,12.6,2531.50326176,5512.0,-0.36,-0.161,0.96,0.9
HD 10697 b,HD 10697,1075.3799,2.051,0.104,259.25,0.7124,4.78,12.8,1825.2885414,5641.0,0.17,0.47665,0.99,1.863076
HD 125612 b,HD 125612,557.69994,1.349,0.446,253.38,0.6309,2.26,13.2,945.22168242,5900.0,0.23,0.06,1.05,1.07
HIP 67537 b,HIP 67537,2523.64713,4.807,0.586,323.2,1.7903,12.7,12.3,4309.11754211,4985.0,0.15,1.61669,2.316,8.69
HD 156098 c,HD 156098,7841.5839,8.415,0.391,177.18,0.1642,4.35,12.8,1661.6069118,6419.19,0.12,1.06554,1.29,2.75716
HD 156098 b,HD 156098,21.85849,0.167,0.109,1257.73,416.9726,1.25,4.12,15.89142035,6419.19,0.12,1.06554,1.29,2.75716
HD 168863 b,HD 168863,14773.93272,10.961,0.187,63.01,0.0026,5.78,12.7,2154.87659946,4905.0,0.16,-0.50098,0.8,0.777826
HIP 19976 b,HIP 19976,50.65905,0.234,0.304,378.1,3.4055,0.985,4.94,21.61233168,4316.0,,-0.72939,0.67,0.772319
HD 203387 c,HD 203387,2481.07227,5.067,0.202,360.63,2.8216,6.53,12.6,2378.9456264,5174.32,0.05,1.86,2.817,10.5852
HIP 35965 b,HIP 35965,26125.56497,15.898,0.138,48.85,0.0009,7.11,12.6,2589.98368864,4836.0,,-0.62021,0.78,0.697551
HD 125612 c,HD 125612,4.15466,0.051,0.149,1303.14,441.4278,1.27,4.07,15.57359194,5900.0,0.23,0.06,1.05,1.07
HD 125612 d,HD 125612,2822.72698,3.982,0.115,147.48,0.0724,6.12,12.7,2281.37230545,5900.0,0.23,0.06,1.05,1.07
HD 156279 c,HD 156279,4818.25358,5.486,0.261,109.42,0.0237,8.72,12.5,3098.82696825,5453.0,0.14,-0.14596,0.94,0.95
HD 27894 d,HD 27894,5019.54244,5.362,0.343,95.87,0.0124,5.54,12.7,2063.65984665,4875.0,0.3,-0.449,0.81,0.891767
HD 181234 b,HD 181234,7593.40512,7.427,0.726,98.09,0.0144,8.39,12.5,2980.91262925,5386.0,0.32,-0.09853,0.94,1.059423
HD 18143 b,HD 18143,10.2851,0.088,0.224,769.92,61.873,1.68,3.28,10.80616584,5078.0,0.28,-0.31953,0.85,0.87
HIP 948 b,HIP 948,24955.45756,15.037,0.23,46.4,0.0008,20.3,12.1,6547.2651842,4497.0,,-0.75782,0.71,0.688488
HD 139357 b,HD 139357,1124.79139,2.949,0.099,446.97,7.649,19.6,12.1,6315.5682755,4700.0,-0.13,1.82295,2.69,11.47
HD 25015 b,HD 25015,6134.427,6.248,0.341,90.69,0.0106,8.12,12.5,2884.92845034,5160.0,0.04,-0.38416,0.86,0.83
HD 188641 b,HD 188641,14583.81038,12.027,0.034,114.36,0.0285,30.4,11.9,9333.03117155,5897.32,-0.08,0.61512,1.07,1.94492
HD 168443 b,HD 168443,58.11187,0.292,0.53,641.03,28.2942,6.66,12.6,2424.3950886,5491.0,0.04,0.38246,0.98,1.711479
HD 156279 b,HD 156279,133.40355,0.502,0.647,361.73,2.8355,8.43,12.5,2997.75753482,5453.0,0.14,-0.14596,0.94,0.95
HD 168443 c,HD 168443,1753.1096,2.842,0.21,205.47,0.2987,16.6,12.2,5500.33841154,5491.0,0.04,0.38246,0.98,1.711479
GJ 229 A c,GJ 229,121.93268,0.384,0.366,188.1,0.1899,1.99,2.87,8.58136699,3564.0,,-1.55284,0.509,0.46
HD 81817 b,HD 81817,1021.20159,3.233,0.097,1016.37,174.402,24.4,12.0,7668.5638041,4140.0,-0.17,3.26076,4.3,83.8
HD 204313 e,HD 204313,7325.64666,7.457,0.253,106.81,0.0226,14.7,12.2,4868.17771002,5767.0,0.18,0.09981,1.03,1.1
HD 169830 c,HD 169830,1818.82339,3.075,0.246,241.03,0.4856,6.7,12.6,2437.42605328,6300.0,0.21,0.662,1.17,1.935709
HIP 56640 b,HIP 56640,2675.57603,4.55,0.118,239.37,0.542,5.77,12.7,2151.69831539,4769.0,-0.03,1.05,1.75,4.93
HD 213519 b,HD 213519,11.12214,0.099,0.413,931.36,125.3797,1.89,2.99,9.2170238,5840.0,0.01,0.0895,1.05,1.08287
HD 217786 c,HD 217786,2.52221,0.038,0.399,1663.13,1308.8643,2.26,2.61,7.31005336,5966.0,-0.135,0.27646,1.14,1.27
TOI-3629 b,TOI-3629,3.936551,0.043,0.05,690.0,39.0,0.8,8.29464572,82.63538582,3870.0,0.4,-1.12494,0.63,0.6
HD 183263 c,HD 183263,4667.97841,5.585,0.051,134.6,0.057,8.32,12.5,2958.98246917,5948.0,0.2776,0.25025,1.06,1.23
HD 66428 c,HD 66428,10478.84437,9.408,0.207,95.52,0.0141,1.25,13.5,560.64930995,5716.0,0.23,0.09579,1.01,1.13
HD 80869 b,HD 80869,1752.92067,2.905,0.924,203.2,0.142,4.22,12.8,1609.80088146,5837.0,0.17,0.39977,1.06,1.062
HD 25912 b,HD 25912,41.83156,0.242,0.05,579.16,18.7477,0.638,6.9,38.13940884,5920.58,0.12,0.04058,1.08,0.995896
HD 217958 b,HD 217958,2560.19774,3.758,0.156,169.89,0.1388,0.32,14.2,166.54208527,5930.64,0.2865,0.29231,1.08,1.32619
HD 25912 c,HD 25912,26308.65619,17.848,0.051,67.44,0.0034,15.9,12.2,5252.75008249,5920.58,0.12,0.04058,1.08,0.995896
HD 109988 b,HD 109988,17132.15854,12.518,0.056,65.91,0.0031,21.5,12.1,6935.33366915,5185.97,0.14,-0.30725,0.88,0.869694
HD 28192 b,HD 28192,14.23283,0.118,0.104,859.98,91.1399,0.302,12.2,99.7981198,5919.87,,0.10347,1.08,1.07094
HD 43197 c,HD 43197,9295.9735,8.54,0.149,90.89,0.01,6.87,12.6,2500.67390628,5508.0,0.4,-0.137,0.96,1.0
HD 38529 b,HD 38529,14.3099,0.115,0.256,1369.46,516.1847,0.405,14.1,206.58846455,5697.0,0.51,0.8342,0.98,2.857838
HD 38529 c,HD 38529,2127.60566,3.226,0.357,258.56,0.656,9.28,12.5,3299.05886466,5697.0,0.51,0.8342,0.98,2.857838
HD 110537 b,HD 110537,24469.67342,16.714,0.401,72.83,0.0047,28.1,11.9,8612.83200129,5718.0,0.09,0.11726,1.02,1.16626
HD 56957 b,HD 56957,5859.08992,6.426,0.273,145.67,0.075,4.93,12.8,1880.90851263,5743.0,,0.49108,1.03,1.77793
HD 62364 c,HD 62364,74839.94555,36.984,0.773,58.7,0.002,25.2,12.0,7923.46218651,6255.0,-0.11,0.43297,1.19,1.401
TOI-712 c,TOI-712,51.69906,0.2447,0.089,369.9,3.08,2.16,2.701,7.76,4622.0,-0.02,-0.72793,0.732,0.674
TOI-712 d,TOI-712,84.8396,0.3405,0.073,313.6,1.6,2.42,2.474,6.68,4622.0,-0.02,-0.72793,0.732,0.674
HD 43197 b,HD 43197,308.92072,0.882,0.742,282.81,0.9377,0.337,14.2,175.75910907,5508.0,0.4,-0.137,0.96,1.0
HD 4113 b,HD 4113,526.5239,1.28,0.899,251.65,0.744,1.21,13.5,541.26177712,5688.0,0.2,0.086,1.008,1.077514
HD 111232 c,HD 111232,26472.44623,17.25,0.558,60.71,0.0023,17.4,12.2,5740.93451564,5512.0,-0.36,-0.161,0.96,0.9
HD 62549 b,HD 62549,14306.88519,11.842,0.15,92.25,0.0121,7.44,12.6,2707.58019923,5930.46,,0.22846,1.08,1.23227
TOI-1452 b,TOI-1452,11.06201,0.061,0.0,326.0,1.8,5.6,1.672,4.82,3185.0,-0.07,-2.1549,0.249,0.275
KMT-2021-BLG-0171L b,KMT-2021-BLG-0171L,,3.5,,,,1.64,3.35,11.2,5200.0,,,0.78,
HD 73267 b,HD 73267,1257.99159,2.229,0.261,165.89,0.1577,3.31,13.0,1321.53051631,5387.0,0.03,-0.106,0.93,0.909
HD 11505 b,HD 11505,32669.22247,20.247,0.144,67.46,0.0035,6.9,12.6,2510.52658689,5757.15,-0.2203,0.15075,1.03,1.19568
HD 80913 b,HD 80913,10839.83341,9.95,0.313,118.23,0.0326,23.9,12.0,7505.2000029,6013.24,-0.68,0.50831,1.11,1.6542
HD 81817 c,HD 81817,622.97802,2.325,0.095,1198.52,337.2228,22.9,12.0,7185.78245386,4140.0,-0.17,3.26076,4.3,83.8
TOI-2207 b,TOI-2207,8.001968,0.0854,0.174,1259.0,406.0,0.8,11.1529358,203.41018048,6101.0,0.181,0.4843,1.296,1.564
HD 86264 b,HD 86264,1488.79123,2.763,0.821,247.01,0.5987,8.77,12.5,3117.26101586,6210.0,0.202,0.66,1.26,1.88
HD 7449 b,HD 7449,1270.55195,2.438,0.752,183.23,0.2125,7.14,12.6,2597.92939882,6024.0,-0.105,0.10138,1.196,0.97
HD 8673 b,HD 8673,1644.69097,2.97,0.73,219.11,0.3841,12.4,12.3,4210.59073594,6389.05,0.1474,0.52992,1.28,1.50225
HD 127506 b,HD 127506,65.78395,0.287,0.24,354.8,2.6404,0.824,5.67,27.333243,4595.32,-0.08,-0.66256,0.73,0.735766
HD 135872 b,HD 135872,2422.32597,4.172,0.164,233.64,0.4969,4.57,12.8,1744.56012602,4992.0,0.09,0.937,1.646,3.93038
HD 86065 b,HD 86065,25775.78859,15.947,0.219,52.56,0.0013,8.1,12.5,2877.30056857,4927.56,-0.0202,-0.4902,0.81,0.780347
HD 88072 b,HD 88072,18538.79293,13.895,0.156,76.03,0.0056,6.9,12.6,2511.79790052,5785.33,0.0426,0.03137,1.04,1.032
HD 93351 b,HD 93351,2.45946,0.035,0.549,1330.76,522.5845,3.98,1.69,3.49611248,5408.0,-0.23,-0.19371,0.94,0.911435
TOI-2421 b,TOI-2421,4.3474032,0.0543,0.0,1534.0,923.6,0.52,10.36830715,105.83685953,5607.0,0.19,0.436,1.131,1.75
HD 142 c,HD 142,10159.64279,9.811,0.277,116.56,0.031,9.99,12.4,3464.64746471,6245.0,0.09,0.47418,1.21,1.47
TOI-2583 A b,TOI-2583 A,4.5207265,0.0571,0.0,1456.0,750.9,0.144,14.4595851,79.45710175,5936.0,0.158,0.38828,1.215,1.477
OGLE-2018-BLG-1119L b,OGLE-2018-BLG-1119L,,4.06,,,,0.592,13.9,289.22385037,,,,0.48,
KMT-2021-BLG-1554L b,KMT-2021-BLG-1554L,,0.72,,,,0.638,6.9,38.13940884,,,,0.08,
TOI-2796 b,TOI-2796,4.8084983,0.0569,0.0,1205.0,352.0,0.15,17.26183028,139.84449908,5764.0,0.239,0.05538,1.063,1.069
TOI-2096 b,TOI-2096,3.1190633,0.025,0.15,445.0,9.4,5.95,1.243,2.08,3300.0,-0.03,-2.22768,0.231,0.235
KMT-2021-BLG-1898L b,KMT-2021-BLG-1898L,,1.9,,,,0.465,14.0,232.01473711,,,,0.48,
GJ 338 B b,GJ 338 B,24.422,0.142,0.109,391.0,3.9278,1.7,3.25,10.6,4014.0,-0.03,-1.10127,0.64,0.58
TOI-2842 b,TOI-2842,3.5514058,0.0475,0.0,1471.0,781.8,0.304,12.84549188,117.59651059,5910.0,0.233,0.24551,1.135,1.265
TOI-4603 b,TOI-4603,7.24599,0.0888,0.325,1677.0,1192.0,14.1,11.67975789,4096.80816623,6264.0,0.342,1.01703,1.765,2.738
KMT-2021-BLG-0712L b,KMT-2021-BLG-0712L,,2.22,,,,0.636,6.91,38.19,,,,0.22,
KMT-2021-BLG-0909L b,KMT-2021-BLG-0909L,,1.75,,,,0.856,13.7,400.46379282,,,,0.38,
MASCARA-1 b,MASCARA-1,2.14877381,0.040352,0.00034,2594.3,38711.5,1.5,17.90074218,1175.971,7490.0,0.15,1.08279,1.9,2.082
K2-38 b,K2-38,4.01593,0.04994,0.197,1266.0,426.0,11.0,1.54,7.3,5731.0,0.26,0.03743,1.03,1.06
TOI-3364 b,TOI-3364,5.8768918,0.0675,0.0,1264.0,425.0,1.6,12.22899794,530.77343969,5706.0,0.387,0.28556,1.186,1.419
KMT-2021-BLG-2478L b,KMT-2021-BLG-2478L,,1.85,,,,0.585,13.9,286.0455663,,,,0.2,
KMT-2021-BLG-1105L b,KMT-2021-BLG-1105L,,3.54,,,,0.903,13.6,413.1769291,,,,0.63,
K2-414 b,K2-414,4.3696,0.0487,,811.92,72.113,6.01,1.219,1.98,4343.0,-0.102,-0.70538,0.814,0.732
TOI-4582 b,TOI-4582,31.034,,0.51,614.66,33.7343,0.791,10.53644186,168.44905571,5190.0,0.17,0.612,1.34,2.5
TOI-3688 A b,TOI-3688 A,3.246075,0.0456,0.0,1534.0,924.3,0.76,13.08088048,311.47183886,5950.0,0.262,0.2833,1.199,1.302
TOI-942 c,TOI-942,10.156272,0.08598,0.32,772.63,59.2488,,4.67,37.0,4969.0,-0.221,-0.35853,0.822,0.894
TOI-733 b,TOI-733,4.884765,0.0618,0.046,1055.8,207.1,3.98,1.992,5.72,5585.0,-0.04,-0.08619,0.956,0.949
Kepler-20 c,Kepler-20,10.8540774,0.0936,0.076,828.0,78.7,2.51,2.894,11.1,5495.0,0.07,-0.16451,0.929,0.9164
HIP 21152 b,HIP 21152,22000.0,17.0,0.36,1300.0,0.015,24.3,12.0,7627.881768,6655.0,0.13,0.63565,1.4,1.59186
OGLE-2019-BLG-0468L c,OGLE-2019-BLG-0468L,,2.77,,,,9.14,12.5,3248.20631954,,,,0.92,
OGLE-2019-BLG-0468L b,OGLE-2019-BLG-0468L,,3.29,,,,2.66,13.1,1090.15143601,,,,0.92,
TOI-3976 A b,TOI-3976 A,6.607662,0.0743,0.0,1295.0,469.0,0.165,12.27383387,55.61997123,5975.0,0.182,0.41296,1.254,1.501
KMT-2017-BLG-1003L b,KMT-2017-BLG-1003L,,1.38,,,,2.95,2.13,5.19,,,,0.32,
TOI-4087 b,TOI-4087,3.1774835,0.04469,0.0,1458.0,753.9,0.57,13.04725353,232.01473711,6060.0,0.237,0.17609,1.178,1.112
TOI-942 b,TOI-942,4.32421,0.04866,0.34,1120.0,261.858,,3.89,826.358,4969.0,-0.221,-0.35853,0.822,0.894
KMT-2021-BLG-0240L b,KMT-2021-BLG-0240L,,2.8,,,,0.415,9.6,66.74396547,,,,0.56,
KMT-2017-BLG-0673L b,KMT-2017-BLG-0673L,,2.34,,,,2.92,13.0,1166.43025369,,,,0.63,
KMT-2019-BLG-1367L b,KMT-2019-BLG-1367L,,1.7,,,,3.54,1.85,4.08,,,,0.25,
OGLE-2017-BLG-1806L b,OGLE-2017-BLG-1806L,,1.75,,,,2.91,2.15,5.27,,,,0.38,
TOI-4791 b,TOI-4791,4.28088,0.0555,0.0,1472.0,783.2,2.09,12.44196858,734.18362017,6058.0,0.207,0.38021,1.242,1.409
EPIC 229004835 b,EPIC 229004835,16.141132,0.1237,0.23,804.0,69.7,4.49,2.332,10.4,5868.0,-0.12,0.02989,0.97,0.999
OGLE-2019-BLG-1053L b,OGLE-2019-BLG-1053L,,3.4,,,,5.19,1.38,2.48,,,,0.61,
KMT-2019-BLG-2974L b,KMT-2019-BLG-2974L,,2.0,,,,0.33,11.4,88.99195396,,,,0.47,
OGLE-2019-BLG-1470L AB c,OGLE-2019-BLG-1470L A,,3.2,,,,1.63,13.3,699.2224954,,,,0.57,
HD 23472 b,HD 23472,17.667087,0.1162,0.072,543.0,16.0,6.15,2.0,8.32,4684.0,-0.2,-0.62525,0.67,0.71
HD 191939 c,HD 191939,28.579743,0.1752,0.034,600.0,21.0,1.35,3.195,8.0,5348.0,-0.15,-0.18709,0.81,0.94
OGLE-2018-BLG-0506L b,OGLE-2018-BLG-0506L,,3.0,,,,1.23,4.18,16.3,,,,0.63,
TIC 279401253 b,TIC 279401253,76.8,0.369,0.448,486.37,9.1803,7.61,11.2089807,1951.46641898,5951.0,0.2,0.09691,1.13,1.06
HD 23472 c,HD 23472,29.79749,0.1646,0.063,467.0,7.96,3.1,1.87,3.41,4684.0,-0.2,-0.62525,0.67,0.71
HD 23472 f,HD 23472,12.1621839,0.0906,0.07,630.0,26.3,3.0,1.137,0.77,4684.0,-0.2,-0.62525,0.67,0.71
OGLE-2019-BLG-1492L b,OGLE-2019-BLG-1492L,,2.7,,,,0.651,6.79,37.1,,,,0.68,
TIC 279401253 c,TIC 279401253,155.3,0.591,0.254,384.31,3.5788,7.0,12.6,2548.98382414,5951.0,0.2,0.09691,1.13,1.06
TOI-1811 b,TOI-1811,3.7130765,0.04389,0.052,962.2,55.9743,1.23,11.14172682,308.9292116,4766.0,0.306,-0.56019,0.817,0.769
HD 23472 d,HD 23472,3.97664,0.04298,0.07,909.0,117.0,7.5,0.75,0.55,4684.0,-0.2,-0.62525,0.67,0.71
HD 23472 e,HD 23472,7.90754,0.068,0.07,723.0,46.7,7.5,0.818,0.72,4684.0,-0.2,-0.62525,0.67,0.71
HATS-54 b,HATS-54,2.5441765,0.037,0.0,1429.0,476.965,0.77,11.37711541,239.32479047,5621.0,0.37,0.11461,1.05,1.23
HD 45364 c,HD 45364,345.43,0.902,0.019,261.82,0.7829,0.335,14.2,174.48779544,5466.0,-0.17,-0.19586,0.82,0.89
KMT-2021-BLG-1253L b,KMT-2021-BLG-1253L,,1.52,,,,1.08,4.59,19.05,,,,0.24,
TOI-2152 A b,TOI-2152,3.3773512,0.05064,0.057,1802.0,2195.7879,1.67,14.35870428,899.45439181,6630.0,0.282,0.65321,1.516,1.612
NGTS-23 b,NGTS-23,4.0764326,0.0504,0.0,1327.0,815.7013,0.374,14.20177855,194.82881349,6057.0,-0.26,0.2833,1.01,1.24
NGTS-24 b,NGTS-24,3.4678796,0.0479,0.0,1499.0,391.83,0.36,13.60770257,165.27077164,5820.0,0.27,0.44592,1.26,1.64
NGTS-25 b,NGTS-25,2.823093,0.0388,0.0,1101.0,339.4356,0.74,11.46678726,203.09235207,5321.0,0.12,-0.29158,0.91,0.86
KMT-2021-BLG-1372L b,KMT-2021-BLG-1372L,,2.37,,,,0.444,9.12,61.27,,,,0.42,
TOI-2497 b,TOI-2497,10.655669,0.1166,0.195,1595.0,997.8085,6.1,11.14172682,1531.93292174,7360.0,0.094,1.16732,1.859,2.36
TOI-5542 b,TOI-5542,75.12375,0.332,0.018,441.0,9.6,1.6,11.30986153,419.53349724,5700.0,-0.21,1.057,0.89,1.058
TOI-2338 b,TOI-2338,22.65398,0.158,0.676,799.0,13.8485,7.42,11.2089807,1900.61387386,5581.0,0.22,-0.01323,0.99,1.05
KMT-2021-BLG-1077L b,KMT-2021-BLG-1077L,,1.26,,,,0.401,9.86,69.92224954,,,,0.14,
PZ Tel b,PZ Tel,44000.0,27.0,0.52,53.77,0.0014,28.0,11.9,8581.366989,5169.0,,0.00662,1.36,1.25646
KMT-2018-BLG-0030L b,KMT-2018-BLG-0030L,,4.39,,,,1.01,13.6,460.85119015,,,,0.51,
MOA-2020-BLG-135L b,MOA-2020-BLG-135L,,1.11,,,,1.62,3.37,11.3,,,,0.23,
TOI-2364 b,TOI-2364,4.0197517,0.04871,0.0,1091.0,237.0,0.61,8.60849718,71.51139158,5306.0,0.344,-0.25181,0.954,0.886
OGLE-2018-BLG-0298L b,OGLE-2018-BLG-0298L,,2.86,,,,0.566,7.56,44.49597698,,,,0.69,
TOI-969 c,TOI-969,1700.0,2.52,0.628,96.4,0.0208,10.4,12.4,3591.4609991,4435.0,0.175,-0.70042,0.734,0.671
OGLE-2006-BLG-284L A b,OGLE-2006-BLG-284L A,,2.17,,,,0.271,14.3,144.0,,,,0.35,
K2-3 d,K2-3,44.55603,0.2014,0.091,305.2,1.44,17.5,1.458,2.2,3844.0,-0.157,-1.23136,0.549,0.546
K2-3 c,K2-3,24.646729,0.1357,0.048,371.8,3.17,3.7,1.582,2.68,3844.0,-0.157,-1.23136,0.549,0.546
HD 111998 b,HD 111998,810.0,1.91,0.13,275.49,0.8918,3.91,12.9,1525.5763536,6557.0,0.07,0.51231,1.4,1.45
HIP 70849 b,HIP 70849,3649.0,3.99,0.65,78.85,0.0056,3.66,12.9,1430.2278315,4105.0,,-1.04817,0.65,0.633112
HD 114783 c,HD 114783,4352.0,5.0,0.05,101.53,0.017,1.38,13.4,603.8739733,5135.0,0.21,-0.3725,0.9,0.840622
Kepler-409 b,Kepler-409,68.9583216,0.3192,0.69,438.0,6.15,19.0,1.199,6.0,5421.0,0.05,-0.20201,0.913,0.897
Kepler-20 f,Kepler-20,19.578328,0.1387,0.094,681.0,35.9,8.4,0.952,1.4,5495.0,0.07,-0.16451,0.929,0.9164
KMT-2022-BLG-0440L b,KMT-2022-BLG-0440L,,1.9,,,,1.27,4.05,15.4,,,,0.53,
TOI-411 c,HD 22946,9.573083,0.1017,0.16,931.0,156.75,3.15,2.328,9.72,6169.0,-0.08,0.20919,1.098,1.117
HD 140901 c,HD 140901,14386.0,11.8,0.77,76.76,0.0057,1.31,13.4,572.0911326,5610.0,0.0859,-0.10237,1.06,0.95
Kepler-102 c,Kepler-102,7.071392,0.06702,0.094,777.0,61.0,52.0,0.567,1.7,4909.0,0.11,-0.58436,0.803,0.724
K2-416 b,K2-416,13.102,0.088,,447.0,6.9344,,2.66,1652.7077164,3746.0,,-1.27003,0.548,0.554
TOI-411 b,HD 22946,4.040295,0.05727,0.126,1241.0,495.139,18.96,1.362,13.71,6169.0,-0.08,0.20919,1.098,1.117
HIP 54597 b,HIP 54597,3274.0,4.0,0.03,94.0,0.0143,1.78,13.3,762.7881768,4799.0,-0.22,-0.68194,0.8,0.66
HD 75302 b,HD 75302,4356.0,5.3,0.39,115.76,0.0299,4.5,12.8,1716.2733978,5697.46,0.0857,-0.07549,1.06,0.940904
Kepler-68 c,Kepler-68,9.605027,0.09008,0.099,1052.0,204.0,7.5,0.979,1.3,5847.0,0.11,0.23106,1.057,1.2564
MOA-2020-BLG-208L b,MOA-2020-BLG-208L,,2.74,,,,0.552,7.71,46.0,,,,0.43,
HD 15906 b,HD 15906,10.924709,0.09,0.11,668.0,33.14,2.76,2.24,5.65,4757.0,0.02,-0.56864,0.79,0.762
HIP 81208 C b,HIP 81208 C,104100.0,23.04,,2050.0,,13.9,12.3,4703.8604236,,,,0.135,
HD 108202 b,HD 108202,2990.0,3.7,0.52,93.04,0.0125,2.33,13.1,953.485221,4556.03,0.3048,-0.76721,0.74,0.66355
Kepler-323 b,Kepler-323,1.678328,0.02778,0.095,1838.0,1900.0,8.2,1.381,3.9,6004.0,-0.14,0.15091,1.015,1.12
HD 15906 c,HD 15906,21.583298,0.141,0.04,532.0,13.37,1.95,2.93,8.91,4757.0,0.02,-0.56864,0.79,0.762
TOI-622 b,TOI-622,6.402513,0.0708,0.42,1388.0,602.0,0.507,9.2362001,96.30200732,6400.0,0.09,0.47407,1.313,1.415
TOI-4201 b,TOI-4201,3.5819194,0.04,0.041,725.0,45.2,1.82,13.67495645,788.21444936,3794.0,0.52,-1.11919,0.61,0.63
HD 99492 b,HD 99492,17.0503,0.12,0.034,622.27,23.2671,0.87,5.44,25.5,4929.0,0.3,-0.4749,0.85,0.822539
Kepler-454 b,Kepler-454,10.5737534,0.09528,0.32,916.0,117.7,2.23,2.37,5.4,5687.0,0.32,0.05259,1.03,1.066
Kepler-109 b,Kepler-109,6.4816307,0.0701,0.11,1276.0,442.0,1.7,2.49,4.9,5950.0,-0.02,0.34654,1.094,1.387
GJ 1252 b,GJ 1252,0.5182331,0.00915,0.0,1090.0,233.0,4.2,1.193,1.32,3458.0,0.1,-1.70774,0.381,0.391
HAT-P-2 c,HAT-P-2,8500.0,,0.37,,,9.8,12.4,3400.7639549,6412.0,0.12,0.577,1.33,1.416
TOI-4600 b,TOI-4600,82.6869,0.349,0.25,347.0,3.3159,,6.8,959.84178914,5170.0,0.16,-0.37675,0.89,0.81
TOI-858 B b,TOI-858 B,3.2797178,0.04435,0.15,1529.0,908.9,0.69,14.06727078,349.6112477,5842.0,0.153,0.25285,1.081,1.308
K2-36 b,K2-36,1.422614,0.02288,0.093,1328.0,519.0,8.0,1.43,4.3,4916.0,-0.047,-0.57,0.79,0.718
K2-36 c,K2-36,5.340888,0.05528,0.089,854.0,89.0,1.3,3.2,7.9,4916.0,-0.047,-0.57,0.79,0.718
Kepler-538 b,Kepler-538,81.73778,0.3554,0.21,417.0,5.07,6.5,2.215,12.9,5534.0,-0.09,-0.17887,0.892,0.8717
TOI-1235 b,TOI-1235,3.444714,0.03845,0.049,775.0,60.3,7.25,1.69,6.69,3997.0,0.33,-1.05404,0.63,0.619
TOI-1052 b,TOI-1052,9.139703,0.09103,0.18,1135.0,246.0,3.93,2.87,16.9,6146.0,0.14,0.38373,1.204,1.264
K2-110 b,K2-110,13.86375,0.10207,0.13,638.0,27.7,5.02,2.592,15.9,5010.0,-0.34,-0.56708,0.738,0.713
TOI-2018 b,TOI-2018,7.435583,,0.0,576.34,26.0758,4.33,2.268,9.2,4174.0,-0.58,-1.0,0.57,0.62
TOI-1052 c,TOI-1052,35.806,0.2263,0.237,719.0,39.7,0.693,6.48,34.3,6146.0,0.14,0.38373,1.204,1.264
TOI-519 b,TOI-519,1.2652328,0.0159,0.33,687.0,54.0,0.56,11.54525012,147.15455244,3322.0,0.27,-1.85078,0.335,0.35
TOI-244 b,TOI-244,7.397225,0.0559,,458.0,7.3,4.2,1.52,2.68,3433.0,-0.39,-1.64264,0.428,0.426
TOI-2084 b,TOI-2084,6.0784247,0.05006,,527.0,12.8,2.43,2.47,6.66,3551.0,-0.13,-1.49214,0.453,0.475
TOI-4184 b,TOI-4184,4.9019804,0.0336,,412.0,4.8,2.48,2.43,6.48,3238.0,-0.27,-2.2644,0.2109,0.2347
TOI-470 b,TOI-470,12.19148,0.119,,660.0,44.7551,1.17,4.34,17.4,5190.0,0.1,-0.35799,0.87,0.831
TOI-1470 b,TOI-1470,2.527093,0.0285,0.3,734.0,46.3,3.86,2.18,7.32,3709.0,0.0,-1.42481,0.471,0.469
Kepler-21 b,Kepler-21,2.7858212,0.0434,0.0,2015.0,2749.0,9.3,1.639,7.5,6305.0,-0.03,0.715,1.408,1.902
Kepler-78 b,Kepler-78,0.35500745,0.00901,0.0,2223.0,4070.0,5.33,1.201,1.68,5058.0,-0.18,-0.49785,0.779,0.7475
WISE J033605.05-014350.4 b,WISE J033605.05-014350.4,2560.0,0.97,,325.0,,7.2,12.6,2622.08435775,415.0,,,0.0131,
OGLE-2018-BLG-1126L b,OGLE-2018-BLG-1126L,,3.23,,,,1.14,4.41,17.79839079,,,,0.69,
HD 6860 b,HD 6860,663.87,2.03,0.28,1196.06,406.4355,29.3,11.9,8981.83078182,3802.0,-0.03,3.22398,2.49,86.4
TOI-1470 c,TOI-1470,18.08816,0.106,0.5,373.0,3.35,2.66,2.47,7.24,3709.0,0.0,-1.42481,0.471,0.469
K2-12 b,K2-12,8.28246,0.0792,0.5,1026.0,185.0,1.6,2.44,5.2,5672.0,0.0,0.07181,0.965,1.117
OGLE-2018-BLG-1212L b,OGLE-2018-BLG-1212L,,1.68,,,,0.431,9.32,63.5656814,,,,0.16,
GJ 649 b,GJ 649,600.1,1.112,0.083,120.74,0.0352,0.358,10.8,81.99972901,3734.0,-0.15,-1.361,0.51,0.5
HD 36384 b,HD 36384,490.0,1.3,0.2,1032.58,229.7515,5.63,12.7,2097.6674862,3940.0,-0.16,2.58915,1.14,38.4
K2-2016-BLG-0005L b,K2-2016-BLG-0005L,4700.0,4.16,,,,0.747,13.7,349.6112477,,,,0.584,
GJ 849 b,GJ 849,1925.31,2.32,0.029,73.63,0.0048,0.581,13.9,283.82076745,3467.0,0.09,-1.59,0.45,0.45
GJ 849 c,GJ 849,5990.0,4.95,0.092,50.41,0.001,0.658,13.8,314.65012293,3467.0,0.09,-1.59,0.45,0.45
Kepler-68 b,Kepler-68,5.39875259,0.06135,0.09,1275.0,441.0,3.37,2.357,8.03,5847.0,0.11,0.23106,1.057,1.2564
Kepler-107 d,Kepler-107,7.95839,0.08377,0.11,1173.0,315.0,67.0,0.86,7.7,5854.0,0.321,0.36449,1.238,1.447
TOI-139 b,TOI-139,11.07085,,,561.17,22.4219,2.45,2.4566,6.6,4570.0,-0.238,-0.77842,0.69,0.7007
HD 62364 b,HD 62364,5138.0,6.15,0.607,143.96,0.072,18.5,12.1,5965.63919939,6255.0,-0.11,0.43297,1.157,1.401
BD-210397 b,BD-210397,1891.0,2.63,0.1,104.11,0.02,0.429,14.0,214.0,4051.0,0.12,-0.86967,0.679,0.747
KMT-2022-BLG-0371L b,KMT-2022-BLG-0371L,,3.02,,,,0.351,10.9,82.63538582,,,,0.63,
WASP-79 b,WASP-79,3.662392,0.0519,0.0,1716.2,1645.9887,0.13,17.14974047,270.15414595,6600.0,0.03,0.66447,1.39,1.51
Kepler-454 d,Kepler-454,4073.0,5.1,0.089,125.37,0.0434,1.71,13.3,734.18362017,5687.0,0.32,0.05259,1.03,1.066
HD 74698 b,HD 74698,15.017,0.121,0.1,925.57,123.0,0.942,5.12,23.0,5783.0,0.07,0.25285,1.039,1.333
HD 74698 c,HD 74698,3449.0,4.5,0.2,151.77,0.088,0.252,14.0,126.0,5783.0,0.07,0.25285,1.039,1.333
GJ 9404 b,GJ 9404,13.4586,0.0943,0.49,473.5,11.2454,1.55,3.48,11.9,3811.0,,-1.0,0.62,0.626041
GJ 832 b,GJ 832,3853.0,3.7,0.05,57.84,0.0019,0.658,13.8,314.65012293,3472.0,-0.3,-1.585,0.45,0.441557
Kepler-323 c,Kepler-323,3.5538229,0.0458,0.095,1431.0,700.0,9.6,1.57,6.8,6004.0,-0.14,0.15091,1.015,1.12
TOI-5803 b,TOI-5803,5.38305,,,678.87,73.722,1.68,3.2732,10.7,5134.0,,-0.43899,0.87,0.7625
KMT-2019-BLG-1216L b,KMT-2019-BLG-1216L,,2.44,,,,0.768,5.98,29.87587026,,,,0.39,
TOI-1680 b,TOI-1680,4.8026345,0.03144,,404.0,4.41,4.8,1.466,2.75,3225.0,0.04,-2.36251,0.1798,0.2106
HD 100777 b,HD 100777,383.0,1.06,0.38,264.28,0.9345,0.835,13.7,390.92894061,5533.0,-0.27,0.02119,1.08,1.04
HD 215497 c,HD 215497,566.0,1.31,0.47,198.6,0.2267,0.278,13.0,111.23994245,5113.0,0.23,-0.41,0.92,0.85
Kepler-107 c,Kepler-107,4.901452,0.06064,0.08,1378.0,602.0,13.5,1.597,10.0,5854.0,0.321,0.36449,1.238,1.447
K2-3 b,K2-3,10.0546535,0.0747,0.107,501.3,10.5,3.11,2.078,5.11,3844.0,-0.157,-1.23136,0.549,0.546
Kepler-107 b,Kepler-107,3.1800218,0.04544,0.1,1592.0,1073.0,5.8,1.536,3.8,5854.0,0.321,0.36449,1.238,1.447
Kepler-122 d,Kepler-122,21.587475,0.155,0.0,747.0,77.14,2.83,2.2,5.48,6050.0,-0.08,0.26993,0.982,1.216
HD 167677 b,HD 167677,1820.0,2.877,0.182,151.9,0.0891,2.16,13.2,905.81095995,5474.0,-0.29,-0.13215,0.96,0.95271
HD 165131 b,HD 165131,2342.6,3.54,0.6708,155.2,0.0967,18.4,12.1,5943.3912109,5870.0,0.06,0.08329,1.06,1.06419
HIP 39017 b,HIP 39017,31000.0,22.1,0.55,91.06,0.0115,23.9,12.0,7500.7504052,7201.0,-0.26,0.74788,1.52,1.51987
Kepler-415 c,Kepler-415,8.708,0.0695,0.0,543.0,26.237,3.18,2.01,4.7,4362.0,0.01,-0.80504,0.67,0.643
omi UMa b,omi UMa,1569.81,3.691,0.149,473.88,8.4795,2.9,13.0,1160.39151396,5075.0,-0.16,2.06266,2.72,13.84
omi CrB b,omi CrB,187.01,0.699,0.105,947.65,135.8368,0.761,13.7,355.96781584,4769.0,-0.27,1.82197,1.3,11.87
TOI-544 b,TOI-544,1.548352,0.0225,0.0,999.0,240.195,1.93,2.018,2.89,4169.0,-0.17,-0.90049,0.631,0.623
Teegarden's Star d,Teegarden's Star,26.13,0.0791,0.07,159.0,0.12,5.19,0.954,0.82,3034.0,-0.11,-3.14146,0.097,0.12
TOI-782 b,TOI-782,8.0240015,0.0578,0.19,435.0,5.91,,2.734,19.1,3370.0,0.34,-1.70246,0.397,0.413
HD 4732 c,HD 4732,3184.2,4.725,0.187,243.69,0.5881,2.61,13.1,1069.49258955,4898.0,-0.01,1.11826,1.39,5.03
HD 4732 b,HD 4732,371.74,1.129,0.266,498.53,10.3009,1.44,13.4,631.2072163,4898.0,-0.01,1.11826,1.39,5.03
ome Ser b,ome Ser,278.59,0.838,0.18,824.94,77.1527,0.468,14.0,233.92170755,4724.0,-0.12,1.73384,1.01,10.99
TOI-2010 b,TOI-2010,141.834025,0.5516,0.212,400.2,4.09,1.36,11.81426566,408.7273314,5929.0,0.168,0.11361,1.112,1.079
TOI-1273 b,TOI-1273,4.631296,0.0549,0.055,1211.0,225.013,0.28,11.09689089,70.55790635,5690.0,0.07,0.02938,1.06,1.06
TOI-904 b,TOI-904,10.8772,0.056,,429.43,8.3169,2.49,2.426,6.46,3770.2,0.022,-1.29243,0.557,0.527
KMT-2023-BLG-0469L b,KMT-2023-BLG-0469L,,2.31,,,,0.621,7.04,39.41072247,,,,0.47,
HD 2952 b,HD 2952,312.08,1.117,0.269,731.02,46.9588,0.583,13.9,284.77425267,4853.0,0.0,1.76782,1.91,10.9
TOI-2416 b,TOI-2416,8.275479,0.0831,0.32,1080.0,130.93,5.4,9.86390302,953.485221,5808.0,0.32,0.197,1.118,1.236
TOI-2373 b,TOI-2373,13.33668,0.112,0.112,860.0,69.8726,14.4,10.42435205,2955.8041851,5651.0,0.3,0.05115,1.041,1.102
TOI-904 c,TOI-904,83.9997,0.312,,217.26,0.5449,2.88,2.167,5.34,3770.2,0.022,-1.29243,0.557,0.527
TOI-4860 b,TOI-4860,1.5227591,0.01808,0.008,694.0,42.5,0.75,8.7,86.7,3260.0,0.27,-1.83565,0.34,0.358
TOI-4633 c,TOI-4633,271.9445,0.847,0.117,268.57,1.56,,3.2,123.0,5800.0,0.2379,0.31136,1.1,1.05
gam Lib b,gam Lib,414.88,1.319,0.16,720.78,45.374,0.765,13.7,357.87478628,4879.0,-0.27,1.8973,1.78,12.38
KMT-2021-BLG-1770L b,KMT-2021-BLG-1770L,,0.9,,,,20.7,12.1,6674.396547,,,,0.13,
OGLE-2019-BLG-1180L b,OGLE-2019-BLG-1180L,,5.19,,,,1.24,13.5,555.24622703,,,,0.545,
HD 47366 b,HD 47366,360.08,1.207,0.071,577.05,17.9154,1.51,13.4,661.71874337,4866.0,-0.02,1.41664,1.81,7.3
HD 47366 c,HD 47366,677.53,1.84,0.161,467.37,7.7091,1.08,13.5,483.73483545,4866.0,-0.02,1.41664,1.81,7.3
Kepler-100 e,Kepler-100,60.888588,0.312391586,0.026437,621.73,25.4128,0.906,5.27,24.14271827,5884.0,0.1,0.39445,1.097,1.5
NGTS-27 b,NGTS-27,3.3704181,0.0446,0.0,1783.0,1680.0,0.266,15.64773706,188.47224535,5700.0,0.0,0.51375,1.07,1.77
HD 134606 d,HD 134606,966.5,1.941,0.092,207.68,0.3082,0.563,7.59,44.8,5576.0,0.343,0.06483,1.046,1.158
HATS-2 b,HATS-2,1.35413379,0.02317,0.0,1550.0,950.0563,1.20684,12.57647635,435.42491759,5227.0,0.15,-0.268,0.904,0.876
gam Cep b,gam Cep,913.0,2.13,0.15,343.48,2.6076,5.63,12.7,2097.6674862,4775.0,0.18,1.073,1.27,4.74
TOI-5398 c,TOI-5398,4.77271,0.057,0.14,1242.0,370.603,1.5,3.52,11.8,6000.0,0.09,0.11725,1.146,1.051
HD 134606 f,HD 134606,26.915,0.1784,0.081,685.04,36.479,2.75,2.24,5.63,5576.0,0.343,0.06483,1.046,1.158
HD 134606 e,HD 134606,4.3203,0.0527,0.2,1260.39,418.0334,5.47,1.33,2.34,5576.0,0.343,0.06483,1.046,1.158
TOI-238 c,TOI-238,8.465651,0.0749,0.36,696.0,58.3,1.83,2.18,6.7,5059.0,-0.114,-0.47083,0.79,0.733
2MASS J11550485-7919108 b,2MASS J11550485-7919108,,587.0,,2506.0,0.0,19.7,12.1,6356.56814,3021.0,,-1.56774,0.58846,0.600455
2MASS J21252752-8138278 b,2MASS J21252752-8138278,,7493.0,,1616.0,0.0,11.0,12.4,3813.940884,3592.0,,-1.16815,0.643977,0.672832
Kepler-1513 c,Kepler-1513,841.4,,0.125,,,0.349,11.0,84.54235626,5491.0,0.17,-0.12901,0.943,0.95
HIP 66074 b,HIP 66074,310.9,0.799,0.948,192.69,0.2381,4.07,12.9,1589.142035,4300.0,0.12,-0.81816,0.705,0.69
HAT-P-19 b,HAT-P-19,4.00878322,0.04599,0.07,981.2,154.0,0.335,11.29865255,88.03846874,4962.0,0.166,-0.48545,0.807,0.773
Kepler-849 b,Kepler-849,394.62508,1.137,0.078,362.7,2.86,3.09,8.08167508,298.75870258,5950.0,0.145,0.57287,1.259,1.822
TOI-1853 b,TOI-1853,1.2436258,0.0213,0.03,1479.0,435.33,9.74,3.46,73.2,4985.0,0.11,-0.43227,0.837,0.808
TOI-5126 b,TOI-5126,5.4588385,0.06519,0.0,1442.0,467.0,1.04,4.74,20.2,6150.0,0.18,0.29885,1.24,1.241
Kepler-1513 b,Kepler-1513,160.8842,0.56971,0.306,346.0,2.23,1.304,8.594,48.30991786,5491.0,0.17,-0.12901,0.943,0.95
HAT-P-51 b,HAT-P-51,4.21802091,0.05042,0.07,1168.2,310.0,0.218,13.50682174,97.57332095,5453.0,0.302,-0.10237,0.961,0.995
Kepler-553 c,Kepler-553,328.24017,0.898,0.346,251.0,0.589,7.53,11.57887706,2129.4503269,5191.0,0.152,-0.27084,0.889,0.902
Kepler-111 c,Kepler-111,224.77833,0.751,0.176,352.2,2.48,3.42,7.0840758,222.4798849,5914.0,0.237,0.15836,1.118,1.145
14 And b,14 And,186.76,0.775,0.0,909.92,115.1634,2.76,13.1,1131.15130051,4888.0,-0.21,1.83992,1.78,11.55
18 Del b,18 Del,982.85,2.476,0.024,452.72,7.0173,8.23,12.5,2926.24614325,4980.0,-0.06,1.63367,2.1,8.8
GJ 724 b,GJ 724,5.101284,0.04685,0.577,611.0,23.32,1.69,3.27,10.75,3799.0,-0.02,-1.2909,0.5271,0.52226
KMT-2019-BLG-0335L b,KMT-2019-BLG-0335L,,1.64,,,,20.7,12.1,6674.396547,,,,0.32,
Kepler-553 b,Kepler-553,4.030467,0.04766,0.0,1089.0,235.0,,4.74139884,116.00736855,5191.0,0.152,-0.27084,0.889,0.902
6 Lyn b,6 Lyn,919.86,2.028,0.042,371.86,3.1949,1.37,13.4,597.83523357,4941.0,-0.17,1.1186,1.32,4.94
4 UMa b,4 UMa,270.27,0.877,0.453,967.44,150.0929,6.9,12.6,2511.48007211,4415.0,-0.25,2.06236,1.234,18.11
TOI-4641 b,TOI-4641,22.09341,0.173,0.074,950.11,192.5802,,8.18255591,1229.99593509,6560.0,-0.09,0.69461,1.41,1.72
CI Tau c,CI Tau,25.2,0.17,0.58,610.62,19.2542,2.86,13.0,1144.1822652,3807.0,,-0.25458,0.9,1.880857
TOI-1994 b,TOI-1994,4.0337142,0.0613,0.341,2290.0,1910.26,15.0,13.67495645,7024.0077947,7700.0,-0.01,1.22272,1.86,2.3
TOI-4515 b,TOI-4515,15.266446,0.118,0.461,705.0,42.2987,1.941,12.17,637.0,5433.0,0.05,-0.23582,0.949,0.86
HD 145457 b,HD 145457,176.13,0.762,0.111,826.81,77.8446,2.12,13.2,888.01256916,4757.0,-0.14,1.65514,1.9,9.9
HD 167042 b,HD 167042,417.67,1.22,0.01,462.08,7.6592,0.97,13.6,444.00628458,4919.0,-0.01,1.0569,1.39,4.63
LHS 1678 c,LHS 1678,3.694284,0.0327,0.039,510.9,13.5,10.6,0.941,1.4,3490.0,,-1.83863,0.345,0.329
HD 173416 b,HD 173416,322.03,1.158,0.208,771.03,58.1544,1.34,13.4,585.12209729,4683.0,-0.22,1.892,2.0,13.5
HD 32518 b,HD 32518,157.35,0.594,0.028,916.07,131.2791,2.16,13.2,905.49313154,4580.0,-0.15,1.66577,1.13,10.22
HS Psc b,HS Psc,3.986,0.0435,0.27,783.44,64.4735,1.01,13.6,464.02947422,4203.0,-0.05,-0.91364,0.69,0.65
HD 81688 b,HD 81688,183.93,0.648,0.04,958.66,143.6043,1.17,13.5,525.68818518,4797.0,-0.32,1.78032,1.07,11.13
kap CrB b,kap CrB,1253.68,2.5,0.04,319.32,1.7376,1.61,13.3,689.6911,4840.0,0.09,1.03583,1.33,4.68
KMT-2021-BLG-1547L b,KMT-2021-BLG-1547L,,4.5,,,,1.02,13.6,467.20775829,,,,0.72,
TOI-4559 b,TOI-4559,3.965991,0.0359,,554.16,15.77,5.02,1.415,2.59,3558.0,-0.09,-1.6925,0.392,0.374
11 Com b,11 Com,323.21,1.178,0.238,803.26,68.5387,14.9,12.2,4914.89848585,4874.0,-0.26,1.97823,2.09,13.76
nu Oph b,nu Oph,529.93,1.765,0.126,620.57,25.1924,22.4,12.0,7057.73298,4887.0,0.1,1.89476,2.61,12.24
TOI-4377 b,TOI-4377,4.378081,0.0579,0.045,1162.08,430.9826,0.881,15.10970598,304.1617855,4974.0,0.205,0.82217,1.36,3.52
KMT-2023-BLG-0416L b,KMT-2023-BLG-0416L,,2.96,,,,1.45,3.67,13.03096469,,,,0.63,
HD 76920 b,HD 76920,415.891,1.091,0.8782,621.44,24.7841,2.43,13.1,994.80291391,4664.0,-0.19,1.46982,1.0,8.33
75 Cet b,75 Cet,696.62,1.912,0.093,540.31,14.175,1.84,13.3,787.89662095,4809.0,0.1,1.7145,1.92,10.38
LHS 3154 b,LHS 3154,3.71778,0.02262,0.076,343.83,3.7134,1.44,3.69,13.15,2861.0,,-2.72125,0.1118,0.1405
TOI-1269 b,TOI-1269,4.2529913,0.0496,0.0,1004.9,231.2034,2.53,2.40144286,6.4,5499.0,-0.049,-0.21968,0.9027,0.8521
Kepler-23 d,Kepler-23,15.27,0.12012,0.01,896.0,161.038,2.260583,2.206,4.44,5828.0,-0.112,0.39783,1.078,1.548
TOI-3919 b,TOI-3919,7.433234,0.0795,0.259,1198.0,184.322,3.63,12.31866979,1233.17421916,6100.0,0.175,0.33606,1.208,1.319
TOI-1288 b,TOI-1288,2.6998279,0.0374,0.0,1203.44,1198.41,1.97,4.96846551,44.1,5388.0,0.257,-0.1549,0.9552,0.9583
GJ 238 b,GJ 238,1.7446999,0.02123,,758.0,229.4579,3.82,0.566,0.126,3485.0,0.15,-1.61618,0.4193,0.4314
Kepler-49 c,Kepler-49,10.91,0.07821,0.008,443.0,12.341,3.109679,2.444,8.38,4095.6,0.03,-1.13077,0.607,0.618
TOI-5301 b,TOI-5301,5.858858,0.073,0.33,1648.0,429.794,2.88,13.09208946,1182.32167404,6240.0,0.03,0.81624,1.483,2.19
TOI-5232 b,TOI-5232,4.0966692,0.05593,0.035,1772.0,1193.86,1.96,12.778238,743.71847238,6500.0,-0.104,0.71265,1.389,1.785
TOI-1410.01,TOI-1410,1.21687,0.0207,0.0,1236.7,565.5415,2.3,3.10083009,12.5,4635.0,0.328,-0.6216,0.7941,0.7558
TOI-1386 b,TOI-1386,25.8401,0.173,0.0,615.03,34.68,1.04,6.2163865,45.8,5735.0,0.149,0.0103,1.0363,1.0235
TOI-6029 b,TOI-6029,5.7987,,0.091,1484.0,806.794,0.958,14.39233122,519.64944544,6223.0,0.37,0.79934,1.548,2.338
OGLE-2017-BLG-0448L b,OGLE-2017-BLG-0448L,,5.75,,,,1.26,4.08,15.6,,,,0.5,
Kepler-128 c,Kepler-128,22.8,0.16517,0.037,843.0,130.979,5.237935,1.521,3.38,6072.0,-0.03,0.57542,1.184,1.659
TOI-1451 b,TOI-1451,16.537944,0.127,0.0,723.33,53.0216,4.67,2.61143902,15.2,5801.0,0.019,0.02449,1.0022,1.0162
TIC 4672985 b,TIC 4672985,69.048,0.33,0.018,517.2,11.9376,14.6,11.5004142,4049.13390518,5757.0,0.14,0.11394,1.01,1.15
TOI-5218 b,TOI-5218,4.291452,0.0469,0.0,783.0,62.0,,9.86,657.0,4230.0,0.41,-0.82391,0.739,0.708
Kepler-305 d,Kepler-305,16.74,0.12091,0.0,576.0,25.523,1.63203,2.76,6.2,5090.0,0.09,-0.42318,0.827,0.792
TOI-1601 b,TOI-1601,5.33175,0.069,0.0,1493.97,1071.42,0.74,14.19902343,387.0,5982.0,0.343,0.74772,1.5055,2.195
TOI-1444 b,TOI-1444,0.4702743,0.0116,0.0,2130.02,5028.6263,6.84,1.41792246,3.58,5460.0,0.146,-0.17587,0.9513,0.9105
TOI-1736 b,TOI-1736,7.073076,0.073,0.0,1099.79,329.6,2.09,3.18175535,12.3,5636.0,0.148,0.27068,1.0373,1.4286
TOI-5634 A b,TOI-5634 A,2.2035373,0.0272,0.0,837.0,77.0,,10.42,588.0,3896.0,-0.27,-1.24489,0.556,0.54
TOI-1683.01,TOI-1683,3.0575356,0.036507593,,929.25,163.056,2.23,2.6382,7.45,4402.0,,-0.78662,0.694661,0.7
TOI-1298 b,TOI-1298,4.537143,0.057,0.0,1278.0,732.0077,0.6,9.65807033,99.0,5752.0,0.397,0.32056,1.2187,1.4536
TOI-1751 b,TOI-1751,37.46852,0.215,0.327,651.64,192.521,4.13,2.9507845,19.5,5970.0,-0.373,0.29732,0.9382,1.3137
K2-419 A b,K2-419 A,20.35847252,0.1208,0.042,377.0,3.3,0.916,10.55,196.0,3711.0,-0.11,-1.27654,0.562,0.541
TOI-2095 b,TOI-2095,17.66484,0.101,0.0,347.0,3.43,,1.25,4.1,3759.0,-0.24,-1.45892,0.44,0.44
HIP 97166 b,HIP 97166,10.288914,0.091,0.29,701.66,9.0686,6.86,2.4801338,19.1,5216.0,0.248,-0.32514,0.9342,0.8418
TOI-1776 b,TOI-1776,2.799868,0.0378,0.0,1269.21,560.3349,4.13,1.21612741,1.4,5785.0,-0.193,-0.05306,0.9196,0.9356
Kepler-963 c,Kepler-963,0.919783,,,,,3.97,0.6,0.156,5169.47,-0.02,-0.22463,0.821,0.928
OGLE-2023-BLG-0836L b,OGLE-2023-BLG-0836L,,3.7,,,,3.55,12.9,1385.73185452,,,,0.71,
BD-14 3065 b,BD-14 3065 A,4.2889731,0.0656,0.066,2001.0,646.761,2.15,21.59,3932.0,6935.0,-0.34,1.06,1.41,2.35
HIP 97166 c,HIP 97166,16.432,0.124,0.0,642.0,30.7622,2.11,2.75,8.0,5216.0,0.248,-0.32514,0.9342,0.8418
TOI-1794 b,TOI-1794,8.765528,0.082,0.0,992.91,228.913,1.31,3.29701268,8.7,5631.0,0.035,0.19728,0.9698,1.3162
2MASS J03590986+2009361 b,2MASS J03590986+2009361,,572.0,,2369.0,0.0,17.3,12.2,5720.911326,2943.0,,-2.24602,0.264996,0.289776
TOI-663 c,TOI-663,4.6955507,0.0437,,553.0,22.3,1.73,2.26,3.65,3681.0,0.07,-1.37033,0.514,0.512
TOI-1246 c,TOI-1246,5.904137,0.061,0.0,862.49,129.0,3.39,2.45109846,9.1,5213.0,0.168,-0.30103,0.8889,0.8649
TOI-1842 b,TOI-1842,9.5739181,0.1,0.276,1199.55,354.639,0.26,12.3485023,89.4,6039.0,0.332,0.69504,1.4643,2.032
TOI-1824 b,TOI-1824,22.808533,0.151,0.0,528.67,14.6287,4.24,2.7438269,16.0,5165.0,0.124,-0.37263,0.8801,0.8123
HIP 77900 b,HIP 77900,,3319.0,,2507.0,,20.7,12.1,6674.396547,13646.0,,,,
2MASS J11011926-7732383 b,2MASS J11011926-7732383,,266.0,,2677.0,,29.0,11.9,8899.195396,,,,,
SPECULOOS-3 b,SPECULOOS-3,0.71912603,0.00733,,553.0,15.54,5.27,0.977,0.894,2800.0,0.07,-3.07831,0.1009,0.123
KMT-2023-BLG-1431L b,KMT-2023-BLG-1431L,,3.2,,,,1.41,3.76,13.6,,,,0.57,
TOI-3071 b,TOI-3071,1.266938,0.0249,0.09,2155.0,2579.61,1.02,7.16,68.2,6177.0,0.35,0.41667,1.29,1.31
TOI-1246 e,TOI-1246,37.92548,0.212,0.0,463.98,11.0,1.83,3.5141875,14.5,5213.0,0.168,-0.30103,0.8889,0.8649
TOI-2019 b,TOI-2019,15.3444,0.128,0.0,917.46,126.052,1.25,5.33275337,34.4,5626.0,0.409,0.44075,1.1832,1.7457
TIC 139270665 c,TIC 139270665,1010.0,2.0,0.566,200.0,0.21,3.98,12.9,1554.18091023,5844.0,0.156,0.03222,1.035,1.016
HD 48948 b,HD 48948,7.34013,0.0652,0.055,957.0,138.85,3.07,2.06,4.88,4593.0,-0.21,-0.78885,0.686,0.679
HD 93963 A c,HD 93963 A,3.6451389,0.04726,0.0,1212.45,543.8,3.31,3.11976057,18.4,5908.0,0.11,0.06781,1.0844,1.0311
HD 93963 A b,HD 93963 A,1.0376109,0.02061,0.0,1842.23,2898.0,4.81,1.46954368,2.8,5908.0,0.11,0.06781,1.0844,1.0311
TOI-815 c,TOI-815,34.976145,0.193,0.22,469.0,8.03,7.2,2.62,23.5,4869.0,-0.09,-0.50459,0.776,0.77
HD 48948 c,HD 48948,38.06,0.1951,0.55,553.0,15.5,2.27,2.6,7.27,4593.0,-0.21,-0.78885,0.686,0.679
HD 48948 d,HD 48948,151.92,0.4894,0.055,349.0,2.46,1.71,3.24,10.59,4593.0,-0.21,-0.78885,0.686,0.679
HIP 8152 c,HIP 8152,19.60562,0.139,0.2,650.68,39.9,3.63,2.52442508,10.7,5618.0,0.007,-0.0804,0.9373,0.9603
HIP 8152 b,HIP 8152,10.751014,0.093,0.0,794.96,88.9,2.97,2.53625843,8.9,5618.0,0.007,-0.0804,0.9373,0.9603
TOI-1669 b,TOI-1669,500.0,1.27,0.0,241.72,0.571,0.374,14.1,191.0,5497.0,0.274,-0.03574,0.9867,1.0561
OGLE-2014-BLG-0221L b,OGLE-2014-BLG-0221L,,3.76,,,,3.54,12.9,1382.55357045,,,,0.69,
TOI-329 b,TOI-329,5.70439,0.0638,0.39,1213.02,576.8749,1.84,4.94057819,40.4,5614.0,0.205,0.3251,1.0678,1.5326
TOI-480 b,TOI-480,6.866196,0.077,0.0,1198.94,531.521,4.91,2.85372018,20.8,6174.0,0.164,0.46195,1.2793,1.4877
TOI-1410 c,TOI-1410,47.56,0.239,0.0,397.45,4.1841,0.831,5.63,27.0,4635.0,0.328,-0.6216,0.7941,0.7558
TOI-757 b,TOI-757,17.46819,0.122,0.39,641.0,24.3644,3.6,2.5,10.5,5278.0,-0.27,-0.37675,0.8,0.78
GJ 900 b,GJ 900 A,,12000.0,,1.48,0.0,10.1,12.4,3496.112477,3976.0,-0.63,-0.921,1.08,0.716187
TOI-1450 A c,TOI-1450 A,5.0688,,,533.0,,5.82,1.13,1.527,3437.0,-0.12,-1.56499,0.48,0.483
TOI-1855 b,TOI-1855,1.36414864,0.02398,0.033,1701.0,852.162,0.31,18.49481816,360.09958513,5359.0,0.399,-0.09474,0.987,1.041
TOI-3261 b,TOI-3261,0.8831331,0.01714,0.0,1722.0,1466.0,3.0,3.82,30.3,5068.0,0.138,-0.36653,0.861,0.849
TOI-669 b,TOI-669,3.945152,0.048,0.0,1124.85,388.2,3.17,2.58606487,10.0,5597.0,0.001,-0.06248,0.9245,0.9882
HD 25463 b,HD 25463,7.0491423,0.076,0.0,1198.46,461.4,2.87,2.54535814,8.7,6353.0,-0.018,0.47276,1.251,1.4182
HD 73344 b,HD 73344,15.611,0.131,0.03,911.0,111.9729,2.451,2.884,10.48,6252.6,0.143,0.26184,1.2,1.22
TOI-2368 b,TOI-2368,5.1750073,0.05649,0.061,1000.0,162.7267,0.88,10.83908434,206.58846455,5360.0,0.1,-0.27491,0.897,0.846
TOI-2107 b,TOI-2107,2.4545467,0.03515,0.033,1397.0,508.468,0.577,13.57407563,263.79757781,5627.0,0.07,-0.10458,0.961,0.932
TOI-1248 b,TOI-1248,4.3601561,0.051,0.0,952.09,202.0739,0.47,6.8084859,27.4,5205.0,0.223,-0.30016,0.9042,0.8686
TOI-837 b,TOI-837,8.3249113,0.0888,0.0,995.3,164.0,0.89,9.16894621,120.45696625,5995.0,0.01,0.1271,1.142,1.052
SWEEPS-11 b,SWEEPS-11,1.796,0.03,,,,8.34,12.666,3082.82,,,,1.1,1.45
Kepler-24 c,Kepler-24,12.33,0.10612,0.014,915.0,144.827,3.418442,2.514,9.99,6028.0,-0.0708,0.064,1.06,1.099
Kepler-57 b,Kepler-57,5.72,0.05988,0.0162,850.0,124.349,4.466029,3.135,25.06,5187.9,0.1166,-0.34241,0.859,0.826
TOI-3894 b,TOI-3894,4.33454,0.05354,0.05,1531.0,546.903,0.4,15.27784069,260.61929374,6000.0,0.021,0.41896,1.138,1.502
TOI-3321 b,TOI-3321,3.6525145,0.047,0.054,1616.0,967.919,0.255,15.55806521,176.07693748,5850.0,-0.103,0.40483,1.041,1.549
TOI-1744.01,TOI-1744,22.341702927,0.164086,,598.0,63.31,2.18,2.68,7.65,6179.0,,0.23178,1.18,1.14
K2-360 c,EPIC 201595106,9.79692,0.0883,0.11,912.0,115.0,1.29,4.02,15.23,5679.0,0.01,-0.04915,0.958,0.98
WASP-132 b,WASP-132,7.1335164,0.0674,0.0163,682.0,58.5,0.73,10.09929161,136.0305582,4686.0,0.15,-0.57512,0.789,0.758
TOI-469.01,TOI-469,13.6308205,0.111,0.0,716.0,74.7,1.3,3.41,9.1,5289.0,0.24,-0.14921,0.901,0.98
K2-260 b,K2-260,2.62669762,0.04392,0.053,2090.0,2520.03,0.48,18.41635529,546.66486004,6860.0,0.334,0.78817,1.637,1.755
K2-237 b,K2-237,2.18053332,0.03552,0.03,1759.0,1860.0,0.577,16.06246934,434.15360396,6180.0,0.337,0.3032,1.256,1.236
TOI-1772.01,TOI-1772,8.054246874,0.078375,,877.67,140.93,1.97,2.905,8.78,5583.0,0.1282,-0.06194,0.99,0.995
WASP-132 c,WASP-132,1.01153624,0.01833,0.0,1329.0,791.0,5.47,1.841,6.26,4686.0,0.15,-0.57512,0.789,0.758
BD-17 63 b,BD-17 63,655.57,1.34,0.5439,168.92,0.1169,4.3,12.8,1639.99458012,4714.0,-0.03,-0.678,0.741,0.74
K2-261 b,K2-261,11.6334681,0.1086,0.274,1036.0,180.0,0.473,9.26982704,68.96876432,5490.0,0.372,0.35392,1.107,1.663
K2-321 b,K2-321,2.2979749,0.02839,0.44,830.0,68.5516,3.09,2.05124347,4.86,3750.0,0.148,-1.20066,0.578,0.595
TOI-1777.01,TOI-1777,14.650111974,0.119466,,580.0,71.34,2.75,2.246,5.67,5859.0,,0.01189,1.06,0.98
HD 20794 d,HD 20794,89.68,0.3625,0.077,388.0,5.2273,3.11,2.04,4.8,5368.0,-0.42,-0.16311,0.79,0.93
HD 175167 b,HD 175167,1175.0,2.4,0.51,232.03,0.496,13.9,12.3,4703.8604236,5635.0,0.28,0.45593,1.09,1.75
Kepler-289 d,Kepler-289,66.0282,0.33,,502.81,10.5675,1.14,3.03,5.33,5990.0,0.05,0.061,1.08,1.0
Kepler-289 c,Kepler-289,125.8723,0.50155,0.0,394.0,4.882,0.66,11.23,157.18,5990.0,0.05,0.061,1.08,1.0
K2-167 b,K2-167,9.978541,0.0932,0.48,1220.0,317.0,2.87,2.36509493,6.5,6310.0,-0.456,0.50651,1.084,1.499
K2-265 b,K2-265,2.36902,0.03359,0.16,1366.0,592.0,7.9,1.70824866,7.3418362,5420.0,0.033,-0.18243,0.901,0.92
Kepler-289 b,Kepler-289,34.5383,0.21183,0.0,607.0,27.371,1.45,2.49,3.7,5990.0,0.05,0.061,1.08,1.0
KELT-24 b,KELT-24,5.55149296,0.0665,0.0319,1391.0,624.0,3.9,12.71098411,1458.83238813,6426.0,0.138,0.43933,1.268,1.338
TOI-3568 b,TOI-3568,4.417965,0.0485,0.035,899.0,130.1481,0.98,5.3,26.4,4969.0,-0.01,0.33,0.78,0.719
K2-57 b,K2-57,9.0073,0.0752,0.25,635.8,24.1,2.65,2.30905002,5.94,4413.0,0.08,-0.8122,0.699,0.671
K2-54 b,K2-54,9.7833,0.0761,0.24,560.0,6.1,2.26,2.6116925,7.33,3990.0,-0.02,-1.02228,0.615,0.643
TOI-4638.01,TOI-4638,10.283918787,0.093013,,779.83,87.81,1.94,2.933,8.92,5700.0,,-0.11858,1.02,0.895
TOI-5076 b,TOI-5076,23.443162,0.1481,0.0,550.0,12.8373,2.08,3.48935569,16.14568308,4780.0,0.082,-0.47366,0.789,0.844
K2-77 b,K2-77,8.2000844,0.0753,0.29,806.0,58.0,,2.4996027,603.877,5160.0,0.13,-0.39686,0.847,0.792
K2-180 b,K2-180,8.865663,0.0756,0.075,797.5,48.3,4.16,2.46597575,11.41003981,5365.0,-0.578,-0.41341,0.735,0.719
TOI-2458 c,TOI-2458,16.553,0.129,0.29,922.76,131.8551,1.75,3.18,10.22,6005.0,-0.1,0.34128,1.05,1.31
K2-97 b,K2-97,8.407115,0.0854,0.207,1566.0,114.149,0.392,13.45077684,174.48779544,4673.0,0.328,0.86688,1.17,4.14
K2-182 b,K2-182,4.7369696,0.05174,0.071,965.8,146.9,5.7,2.71257333,20.97667486,5128.0,0.022,-0.41117,0.823,0.789
NGTS-33 b,NGTS-33,2.827972,0.048,0.0,1991.0,2620.0,0.19,18.38272835,1153.71711741,7437.0,-0.11,0.77159,1.6,1.47
Kepler-105 b,Kepler-105,5.4122034,0.06016,0.02,1418.0,341.809,3.68,2.53,10.8,5933.0,-0.09,0.09657,0.991,1.026
TOI-2537 b,TOI-2537,94.1022,0.3715,0.364,338.0,7.4445,1.6,11.25381662,415.40172795,4870.0,0.08,-0.52143,0.771,0.771
K2-98 b,K2-98,10.1367349,0.0986,0.119,1185.0,339.0,1.4,5.06645928,34.00763955,6260.0,-0.044,0.50379,1.246,1.518
K2-114 b,K2-114,11.390931,0.0944,0.079,701.4,40.0,2.96,10.59248676,638.83509807,4899.0,0.42,-0.4437,0.863,0.832
TOI-4994 b,TOI-4994,21.491984,0.1515,0.319,717.6,40.0,0.78,8.54124329,88.99195396,5640.0,0.165,0.0086,1.005,1.055
Kepler-105 c,Kepler-105,7.12592,0.07229,0.02,997.0,236.167,10.4,1.44,5.6,5933.0,-0.09,0.09657,0.991,1.026
TOI-2295 c,TOI-2295,966.5,2.018,0.194,234.9,0.5059,4.67,12.8,1783.01736327,5730.0,0.316,0.31387,1.168,1.459
TOI-5110 b,TOI-5110,30.158577,0.2157,0.745,976.0,15.1027,2.95,11.98240037,921.7023803,6160.0,0.065,0.84696,1.469,2.333
TOI-2537 c,TOI-2537,1920.0,2.78,0.287,123.1,0.0389,6.16,12.7,2297.89938261,4870.0,0.08,-0.52143,0.771,0.771
MOA-2008-BLG-310L b,MOA-2008-BLG-310L,,1.1,,,,0.925,5.18,23.4,,,,0.21,
K2-115 b,K2-115,20.2729914,0.1415,0.063,696.0,20.4393,1.07,11.80305668,321.00669107,5870.0,-0.198,-0.10791,0.918,0.855
K2-277 b,K2-277,6.326768,0.0664,0.52,1049.0,195.0,4.0,2.18575124,7.4,5680.0,0.078,-0.05061,0.974,0.973
TOI-406 c,TOI-406,3.307441,0.0322,0.032,584.0,19.0,4.9,1.32,2.08,3392.0,-0.02,-1.71444,0.408,0.41
TOI-5005 b,TOI-5005,6.3085044,0.06614,,1040.0,226.0,0.74,6.25,32.7,5749.0,0.15,-0.00451,0.97,0.93
HD 86728 b,HD 86728,31.1515,0.1916,0.067,687.36,37.1828,1.86,3.03,9.43,5610.0,0.2,0.13513,0.967,1.237
KMT-2021-BLG-2609L b,KMT-2021-BLG-2609L,,2.3,,,,1.75,3.17,10.17050902,,,,0.2,
TOI-5688 A b,TOI-5688 A,2.94815527,0.03379,0.128,742.0,50.3,0.61,10.3,124.0,3713.0,0.47,-1.22841,0.6,0.57
HD 222237 b,HD 222237,14892.0,10.8,0.56,58.74,0.0019,4.32,12.8,1649.52943233,4751.0,-0.32,-0.66555,0.76,0.71
HD 21520 b,HD 21520,25.1292,0.1726,0.0,637.0,25.7431,1.35,2.697,17.7,5871.0,0.049,0.06595,1.09,1.044
TOI-2768 b,TOI-2768,1.50801,0.027,,855.0,89.0458,2.24,2.63,7.41,4008.0,,-0.99801,0.63,0.657
TOI-1174 b,TOI-1174,8.953487683,0.07994,0.0,713.83,52.02,11.0,2.562,32.0,5030.0,-0.002,-0.4034,0.85,0.76
TOI-2981 b,TOI-2981,3.601501,0.048,0.035,1358.0,556.616,1.46,13.4,638.0,5940.0,-0.11,0.11594,1.03,1.08
TOI-1180 b,TOI-1180,9.686760378,0.080799,0.0,638.18,36.97,1.93,3.072,10.0,4738.0,0.067,-0.57675,0.75,0.73
OGLE-2016-BLG-1800L b,OGLE-2016-BLG-1800L,,1.88,,,,1.97,13.2,823.17557413,,,,0.41,
TOI-5713 b,TOI-5713,10.441989,0.06008,0.24,347.2,2.2554,3.75,1.77,3.78,3225.0,-0.03,-2.05849,0.2653,0.2992
TOI-6002 b,TOI-6002,10.904821,0.05722,0.15,321.4,1.6823,4.11,1.65,3.36,3229.0,-0.18,-2.23508,0.2101,0.2432
HD 135694 b,HD 135694,15.923475568,0.124695,0.0,750.83,71.8,2.05,2.857,6.1,5712.0,-0.121,0.03941,1.02,1.08
TOI-1295 b,TOI-1295,3.1968838,0.047,0.024,2360.0,1800.0,0.65,15.69257298,451.31633794,6280.0,0.26,0.58659,1.38,1.7
TOI-6130 b,TOI-6130,2.392679,0.036,0.036,1750.0,1150.0,0.64,14.3474953,333.71982735,6110.0,0.28,0.4609,1.31,1.51
TOI-1437 b,TOI-1437,18.840942,0.14,0.17,794.23,82.0,3.91,2.24,9.6,6008.0,-0.4924,0.28466,1.1,1.17
HD 183579 b,HD 183579,17.471291,0.1322,0.061,752.0,58.1,2.65,3.49,20.4,5784.0,-0.038,-0.03386,0.996,0.96
KMT-2023-BLG-1866L b,KMT-2023-BLG-1866L,,2.63,,,,4.94,1.43,2.63,,,,0.51,
K2-203 b,K2-203,9.6952,0.0824,0.23,738.4,49.6336,5.8,1.26549392,2.14,5026.0,-0.021,-0.47237,0.793,0.765
TOI-6651 b,TOI-6651,5.056973,0.0633,0.091,1493.0,817.0,2.52,5.09,61.0,5940.0,0.225,0.52244,1.323,1.721
TOI-1630.01,TOI-1630,12.055734733,0.101151,,584.0,55.58,2.5,2.417,6.42,5504.0,,-0.26764,0.95,0.83
TOI-1467 b,TOI-1467,5.97114713,0.050748,0.0,506.07,18.13,11.0,1.92,9.0,3834.0,-0.062,-1.42022,0.489,0.491
TOI-1659.01,TOI-1659,5.877556328,0.065757,,1031.14,268.44,2.74,2.255,5.71,5977.0,,0.06555,1.1,1.006
HD 101581 c,HIP 56998,6.20401,0.0573,,747.0,52.0,5.31,0.99,0.937,4675.0,-0.343,-0.78186,0.653,0.63
K2-208 b,K2-208,4.19097,0.04878,0.37,1122.0,264.3425,4.04,1.67462172,3.45,5500.0,-0.064,-0.20135,0.881,0.872
TOI-1716.01,TOI-1716,8.082376554,0.080496,,959.0,254.83,1.77,3.143,10.0,5879.0,0.096,0.21525,1.07,1.24
TOI-6038 A b,TOI-6038 A,5.8267311,0.069,,1439.0,716.0,1.62,6.41,78.5,6110.0,0.124,0.53275,1.291,1.648
HIP 116454 b,HIP 116454,9.1004157,0.0792,0.215,753.2,51.2858,3.53,2.469,9.7,5048.0,0.0,-0.47314,0.8,0.758
TOI-2420 b,TOI-2420,5.842641,0.0684,0.055,1571.6,1017.0,0.477,15.02003414,294.62693329,5707.0,,0.68664,1.158,2.369
K2-225 b,K2-225,15.8723,0.1409,0.23,923.0,121.3934,1.48,3.60929179,12.7,5520.0,0.486,0.38202,1.482,1.7
TOI-1739 b,TOI-1739,8.303341406,0.073872,,755.55,53.91,3.32,1.946,4.45,4814.0,0.07,-0.52433,0.78,0.781
HD 73344 d,HD 73344,5823.0,6.7,0.18,126.51,0.0407,1.94,13.2,810.46243785,6148.0,0.16,0.26184,1.19,1.22
TOI-2485 b,TOI-2485,11.23479,0.1093,0.0341,1134.0,275.6,2.36,12.1393261,766.60211768,6016.4,0.097,0.51983,1.163,1.72
K2-7 b,K2-7,28.6781,0.1867,0.24,786.0,125.0,1.28,4.03523305,15.3,5700.0,0.049,0.35025,1.056,1.533
HD 118203 c,HD 118203,5103.0,6.28,0.26,146.0,0.1122,10.8,12.4,3747.19691853,5742.0,0.287,0.6458,1.27,2.04
TOI-4734 b,TOI-4734,6.235633,0.074,0.12,1468.0,775.0,0.26,10.9175472,61.65871096,6070.0,0.288,0.62428,1.391,1.857
TOI-1453 c,TOI-1453,6.5886982,,0.0,819.8,75.3,1.472135,2.224,2.95,4975.0,-0.31,-0.57539,0.715,0.72
TOI-3493 b,TOI-3493,8.1594667,,,1102.0,245.0,1.47,3.22,8.97,5844.0,0.03,0.19294,1.023,1.228
TOI-2969 b,TOI-2969,1.8237146,0.0261,0.0,1186.0,382.0,1.1,12.32987877,368.68095212,4738.0,0.08,-0.58503,0.71,0.7
TOI-5300 b,TOI-5300,2.262196,0.0295,0.0,1043.0,198.0,1.1,9.86390302,190.6970442,4610.0,-0.17,-0.76195,0.67,0.65
TOI-4794 b,TOI-4794,3.5658116,0.0492,0.1,1673.0,1310.0,0.57,14.35870428,308.29355479,6390.0,-0.102,0.49969,1.25,1.451
TOI-2443 b,TOI-2443,15.66858,0.105,0.301,519.0,13.2931,2.0,2.363,4.8,4375.0,-0.29,-0.86487,0.642,0.631
OGLE-2016-BLG-0007L b,OGLE-2016-BLG-0007L,14200.0,10.1,,,,5.6,1.09,1.32,,,,0.59,
TOI-5340 b,TOI-5340,4.9394392,0.0628,0.13,1566.0,1004.0,0.43,15.07607904,270.15414595,5990.0,0.208,0.5955,1.35,1.842
AT2021ueyL b,AT2021ueyL,4168.69,4.01,,,,0.93,13.6,425.89006538,3680.0,,,0.49,
Kepler-10 c,Kepler-10,45.294301,0.241,0.136,579.0,18.3,4.75,2.355,11.29,5708.0,-0.15,0.05467,0.91,1.065
TOI-2407 b,TOI-2407,2.702969,0.033,0.08,705.0,41.0,1.19,4.26,16.8,3530.0,0.21,-1.34872,0.548,0.567
TOI-5386 A b,TOI-5386 A,3.62156552,0.04856,0.072,1488.0,817.0,0.268,14.70618268,155.10026262,6094.0,0.182,0.28488,1.165,1.245
TOI-2015 c,TOI-2015,5.582796,0.041232,0.00033,448.0,6.68,1.95,2.93,8.91,3297.0,-0.31,-1.49214,0.3041,0.3273
TOI-2015 b,TOI-2015,3.348237,0.029322,0.0789,530.9,13.185,1.4,3.309,9.2,3297.0,-0.31,-1.49214,0.3041,0.3273
GJ 3998 b,GJ 3998,2.65033,0.03,0.0,733.5,48.0,5.12,1.39,2.5,3726.0,-0.13,-1.358,0.52,0.5
TOI-1117 b,TOI-1117,2.22816,0.033,0.0,1538.0,928.0,3.3,2.46,8.9,5635.0,0.136,-0.4437,0.97,1.05
GJ 3998 c,GJ 3998,13.727,0.09,0.0,423.49,5.4,2.4,2.5,6.82,3726.0,-0.13,-1.358,0.52,0.5
TOI-640 b,TOI-640,5.003777,0.06608,0.013,1816.0,1150.12,0.138,19.2794468,181.16219199,6460.0,0.072,0.83442,1.536,2.082
K2-157 d,K2-157,66.5,0.309,0.5,429.1,6.46,0.932,5.16,23.3,5334.0,0.02,-0.2102,0.89,0.86
TOI-1117 c,TOI-1117,4.579,0.0534,0.0,1210.0,355.0,1.96,2.91,8.78,5635.0,0.136,-0.4437,0.97,1.05
TOI-1117 d,TOI-1117,8.665,0.0817,0.0,978.0,152.0,1.68,3.27,10.71,5635.0,0.136,-0.4437,0.97,1.05
Proxima Cen d,Proxima Cen,5.12338,0.02881,0.0,282.0,1.814,4.31,0.692,0.26,2900.0,,-2.82102,0.1221,0.141
Proxima Cen b,Proxima Cen,11.18465,0.04848,0.0,218.0,0.641,5.46,1.02,1.055,2900.0,,-2.82102,0.1221,0.141
LP 261-75 b,LP 261-75 A,,450.0,,1500.0,0.0,20.7,12.1,6674.396547,3138.0,,-2.08618,0.22,0.308
TIC 88785435 b,TIC 88785435,10.508843,0.08432,0.131,635.0,28.3253,0.963,5.03,22.3,3998.0,-0.08,-0.69596,0.724,0.911
TOI-1238 c,TOI-1238,3.294736,0.037,0.15,695.0,63.0,4.9,2.11,8.32,4089.0,0.31,-1.08249,0.59,0.58
TOI-1238 b,TOI-1238,0.764597,0.0139,0.25,1133.0,442.0,11.7,1.21,3.76,4089.0,0.31,-1.08249,0.59,0.58
KOI-1843.03,Kepler-974,0.1768913,0.005,,1654.0,1769.292,,0.61,8.0,3584.0,0.0,-1.35426,0.46,0.45
TOI-1803 b,TOI-1803,6.293287,0.06,0.0,747.0,58.0,2.15031,2.99,10.32,4687.0,0.014,-0.65365,0.756,0.715
TOI-5882 b,TOI-5882,7.148972,0.0804,0.0339,1515.0,4792.5,25.4,11.46678726,6995.40323807,5920.0,0.18,0.75358,1.334,2.26
TOI-4465 b,TOI-4465,101.94054,0.416,0.24,427.0,130.528,3.73,14.01122587,1872.00931723,5545.0,-0.06,-0.07267,0.93,1.014
TOI-1478 b,TOI-1478,10.1802117,0.0818,0.055,918.0,261.013,0.88,11.99360935,279.68899816,5597.0,0.078,-0.01278,0.947,1.048
HIP 67851 b,HIP 67851,89.23,0.42,0.13,840.72,83.22,0.781,13.7,365.50266805,4840.0,0.01,1.16673,1.28,5.45
HIP 67851 c,HIP 67851,3128.41,4.55,0.3,255.43,0.7091,5.91,12.7,2204.77565936,4840.0,0.01,1.16673,1.28,5.45
TOI-2346 b,TOI-2346,3.3312029,0.0473,0.086,1689.0,1360.0,0.52,16.11851425,394.10722468,6480.0,-0.03,0.48144,1.271,1.38
HD 94890 b,HD 94890,824.61,2.07,0.22,533.83,13.5382,1.58,13.3,676.97450691,4867.0,-0.02,1.7635,1.74,10.71
HD 87816 b,HD 87816,484.17,1.618,0.78,567.39,17.2656,5.75,12.7,2142.16346318,4989.0,0.14,1.65514,2.41,9.0
TOI-2886 b,TOI-2886,1.60200105,0.02871,0.11,1978.0,2560.0,0.377,18.6405349,444.9597698,6240.0,0.284,0.32222,1.229,1.241
TOI-2876 b,TOI-2876,6.2996431,0.0654,0.13,929.0,124.2,0.33,9.6397234,54.03082919,5271.0,0.353,-0.27654,0.939,0.873
TOI-2986 b,TOI-2986,3.2783662,0.04489,0.14,1622.0,1156.0,0.66,9.292245,96.61983573,5906.0,0.095,0.36773,1.122,1.458
WASP-116 b,WASP-116,6.6132,0.065,0.0,1414.0,663.0,0.43,13.67495645,203.41018048,6250.0,0.0,0.49624,1.25,1.426
HD 102888 b,HD 102888,252.06,1.05,0.11,688.63,37.4512,4.74,12.8,1808.44363583,4990.0,0.07,1.61584,2.42,8.6
HD 94890 c,HD 94890,2492.19,4.33,0.05,369.1,3.094,7.97,12.5,2831.85110637,4867.0,-0.02,1.7635,1.74,10.71
TOI-3135 b,TOI-3135,3.7065585,0.04756,0.24,1292.0,464.0,0.7,13.65253849,327.36325921,5890.0,0.071,0.02119,1.044,0.985
Gaia-4 b,Gaia-4,571.3,,0.338,,,10.8,12.4,3750.3752026,4034.0,0.05,-0.99957,0.644,0.624
WASP-188 b,WASP-188,5.748916,0.072,0.0,1666.0,1278.0,0.78,14.81827249,458.6263913,6850.0,0.0,0.74277,1.5,1.83
WASP-154 b,WASP-154,3.811678,0.044,0.0,994.0,162.0,0.88,10.76062147,198.96058278,4774.0,0.2,-0.50063,0.8,0.823
TIC 434398831 b,TIC 434398831,3.685504,0.04641,0.04,1250.0,333.6313,1.54,3.51,12.1,5638.0,-0.081,-0.14351,0.992,0.909
TOI-3464 b,TOI-3464,3.6515568,0.0515,0.25,1693.0,1370.0,0.83,13.7646283,397.28550875,6370.0,0.045,0.55871,1.363,1.56
HR 858 c,HR 858,5.973865,0.0687,0.0,1309.0,512.0,2.9,1.979,3.8,6354.0,0.025,0.36361,1.204,1.258
WASP-197 b,WASP-197,5.167228,0.065,0.0,1665.0,1276.0,0.74,14.44837612,403.32424848,6050.0,0.0,0.77067,1.36,2.112
WASP-102 b,WASP-102,2.709813,0.041,0.0,1671.0,1293.0,0.32,14.90794433,197.68926915,5990.0,-0.2,0.35701,1.08,1.375
TOI-3486 b,TOI-3486,2.21778105,0.03138,0.078,1190.0,334.0,0.46,10.5700688,99.16246298,4930.0,0.283,-0.4828,0.837,0.788
TOI-2328 b,TOI-2328,17.10197,0.127,0.057,842.0,20.0982,0.29,9.97599282,50.85254512,5525.0,0.09,-0.17005,0.95,0.9
TOI-3837 b,TOI-3837,11.88865,0.099,0.221,1178.0,138.065,0.82,10.87271128,187.51876013,5905.0,-0.26,0.19618,0.89,1.2
Gl 410 b,Gl 410,6.02,0.0531,,592.44,20.4555,2.04,2.83,8.4,3842.0,0.05,-1.239,0.55,0.543
HD 219666 b,HD 219666,6.034468,0.06356,0.05,1076.0,598.4408,0.87,4.898,17.6,5540.0,0.04,-0.0278,1.02,1.059
TOI-3682 b,TOI-3682,3.3462406,0.048,0.22,1657.0,1258.0,0.181,12.80065596,69.28659273,5703.0,0.416,0.45788,1.32,1.735
TOI-6628 b,TOI-6628,18.18424,0.134,0.67,833.0,20.0861,0.98,10.98480109,235.19302118,5463.0,0.36,-0.08778,0.97,1.01
Kepler-289 e,Kepler-289,330.0716,0.9342,0.0,286.0,1.58,2.92,2.94,17.4,5990.0,-0.0098,0.061,1.061,0.985
KMT-2022-BLG-2076L b,KMT-2022-BLG-2076L,,5.67,,,,0.572,13.9,279.68899816,,,,0.67,
TOI-4214 b,TOI-4214,3.4913885,0.05018,0.17,1642.0,1210.0,0.74,10.68215861,165.27077164,6370.0,0.294,0.48287,1.382,1.434
GJ 581 c,GJ 581,12.9211,0.0718,0.032,346.13,2.3985,2.39,2.5,6.81,3500.0,-0.08,-1.90781,0.295,0.302
G 192-15 c,G 192-15,1219.0,1.137,0.676,55.9,0.0016,1.36,3.87,14.3,2999.0,,-2.67285,0.132,0.170718
G 268-110 b,G 268-110,1.43263,0.01283,0.0,534.0,13.57,5.79,1.13,1.52,,,-2.63971,0.137,0.177
TOI-2449 b,TOI-2449,106.14468,0.45,0.098,400.0,362.642,0.859,11.24,222.0,6021.0,-0.03,0.14808,1.079,1.065
KMT-2024-BLG-2242L b,KMT-2024-BLG-2242L,,0.89,,,,1.38,3.82,13.98444991,,,,0.069,
GJ 3512 c,GJ 3512,2354.0,1.731,0.089,42.92,0.0005,0.271,14.3,143.97626837,3141.0,-0.07,-2.8041,0.123,0.139
HD 28471 b,HD 28471,3.1649,0.042,0.195,1377.0,653.3957,3.81,1.75,3.72,5766.0,-0.04,0.06167,0.98,1.08
HD 28471 c,HD 28471,6.1245,0.065,0.088,1066.0,272.8024,2.72,2.26,5.72,5766.0,-0.04,0.06167,0.98,1.08
NGTS-32 b,NGTS-32,3.31211,0.044,0.0,1750.0,1554.0,0.24,15.91675259,181.16219199,5680.0,-0.03,0.47092,1.07,1.85
HD 143811 AB b,HD 143811 A,117000.0,63.0,0.19,1042.0,0.0011,2.76,15.69257298,1938.7532827,6791.0,,0.64102,1.32,1.68398
AF Lep b,AF Lep,8905.0,8.996,0.015,1400.0,0.0241,2.87,13.0,1147.36054927,6140.0,0.19,0.29,1.218,1.25
TOI-238 b,TOI-238,1.273099,0.0212,0.18,1378.0,753.1,6.8,1.559,3.37,5059.0,-0.114,-0.47083,0.781,0.756
HD 152843 b,HD 152843,11.62071,0.1049,0.046,1003.11,265.4,1.9,3.05,9.82,6310.0,-0.16,0.44992,1.15,1.43
MOA-2022-BLG-033L b,MOA-2022-BLG-033L,,2.15,,,,1.53,3.52,12.15,,,,0.51,
HD 28471 d,HD 28471,11.681,0.1,0.093,945.0,115.259,3.09,2.06,4.91,5766.0,-0.04,0.06167,0.98,1.08
HD 152843 c,HD 152843,19.502104,0.1482,0.074,253.08,133.1,0.253,5.94,9.67,6310.0,-0.16,0.44992,1.15,1.43
KMT-2023-BLG-1896L b,KMT-2023-BLG-1896L,,2.86,,,,1.22,4.19,16.35,,,,0.72,
KMT-2023-BLG-0119L b,KMT-2023-BLG-0119L,,3.14,,,,0.346,11.0,83.7,,,,0.71,
TOI-6054.02,TOI-6054,12.563636,0.1079,0.332,1143.0,285.0,2.25,2.82,9.3,6047.0,-0.07,0.52244,1.107,1.662
WASP-110 b,WASP-110,3.7784022,,0.0,1158.0,279.0,0.396533,13.19297028,154.78243421,5392.0,-0.15,-0.229,0.814,0.853
K2-233 d,K2-233,24.3681,0.1516,0.18,525.0,12.7,4.3,2.363,10.3,4796.0,-0.082,-0.52288,0.79,0.71
K2-233 c,K2-233,7.06024,0.0664,0.0,794.0,66.2,12.4,1.272,4.6,4796.0,-0.082,-0.52288,0.79,0.71
2MASS J22501512+2325342 b,2MASS J22501512+2325342,,518.0,,1600.0,0.0,31.1,11.9,9534.85221,3352.0,,-1.66196,0.433173,0.437589
WASP-4 b,WASP-4,1.338230994,0.02261,0.0053,1653.0,1188.6219,0.647184,15.12091496,381.3940884,5436.0,-0.05,-0.17897,0.899,0.912
Kepler-391 b,Kepler-391,7.4175,0.083,0.46,930.0,690.0,380.0,2.5,1100.0,5038.0,0.04,0.66276,1.27,2.879
GJ 251 b,GJ 251,14.237,0.0808,0.0,336.0,2.37,3.69,1.79,3.85,3342.0,0.07,-1.80967,0.35,0.36
TOI-1438 b,TOI-1438,5.13967,0.0553,0.0,971.0,145.0,1.8,3.04,9.4,5230.0,0.03,-0.34679,0.876,0.82
GJ 536 c,GJ 536,32.761,0.1617,0.0,290.5,1.692,2.66,2.3,5.89,3641.0,-0.08,-1.35291,0.528,0.529
TOI-1438 c,TOI-1438,9.428089,0.083,0.0,794.0,65.0,2.9,2.75,10.6,5230.0,0.03,-0.34679,0.876,0.82
Kepler-391 c,Kepler-391,20.501,0.164,0.27,662.0,179.0,400.0,2.88,450.0,5038.0,0.04,0.66276,1.27,2.879
TOI-756 b,TOI-756,1.2392495,0.018,0.0,934.0,127.0,2.42,2.81,9.83,3657.0,0.196,-1.38722,0.505,0.505
TOI-756 c,TOI-756,149.4,0.439,0.445,194.0,0.24,3.22,13.0,1287.20504835,3657.0,0.196,-1.38722,0.505,0.505
HD 224018 d,HD 224018,138.0731,0.53,0.04,411.0,4.7348,1.7,2.4,4.2,5784.0,0.05,0.12385,1.013,1.147
TOI-2141 c,TOI-2141,5.4624,0.0585,,1095.0,241.0,2.6,2.35,6.14,5635.0,-0.14,-0.05,0.896,0.95
TOI-6448 b,TOI-6448,14.844261,0.131,0.2,745.0,28.1152,0.488,8.47398941,54.0,5910.0,,-0.04191,1.03,0.897
K2-214 b,K2-214,8.59656,0.0834,,1001.0,238.0,2.38,2.51,6.85,5875.0,0.04,0.19579,1.03,1.236
TOI-1203.01,TOI-1203,25.502672,0.1632,0.032,743.6,51.0,1.63,2.918,7.39,5737.0,-0.39,0.12977,0.886,1.179
TOI-2093 c,TOI-2093,53.81149,0.257,0.0,329.0,3.0647,7.0,2.3,15.8,4426.0,-0.08,-0.73565,0.745,0.729
KMT-2024-BLG-1209L b,KMT-2024-BLG-1209L,,2.51,,,,2.0,13.2,839.06699448,,,,0.77,
HD 135344 A b,HD 135344 A,,16.5,0.5,1585.0,0.061,4.07,16.25302201,3178.28407,9540.0,0.05,1.22,2.32,1.5
K2-10 b,K2-10,19.30553,0.137,0.31,649.0,42.1,2.36,3.773,25.2,5533.0,-0.07,-0.10088,0.88,0.956
TOI-1203 b,TOI-1203,4.1572888,0.04869,0.067,1361.2,572.2,5.48,1.52,3.51,5737.0,-0.39,0.12977,0.886,1.179
TOI-1203 c,TOI-1203,13.0766,,0.092,,,2.82,2.2,5.46,5737.0,-0.39,0.12977,0.886,1.179
HIP 18606 b,HIP 18606,674.94,1.61,,405.91,4.4294,0.49,14.0,244.72787339,4860.0,-0.01,1.06,1.21,4.83
HIP 111909 c,HIP 111909,893.63,1.97,,357.64,2.6982,0.527,13.9,257.44100967,4891.0,-0.01,1.02,1.28,4.53
TIC 257060897 b,TIC 257060897,3.66003639,0.04922,0.039,1775.0,1804.5549,0.215,17.26183028,201.50321004,5993.0,0.054,0.60531,1.187,1.863
OGLE-2016-BLG-1266L b,OGLE-2016-BLG-1266L,,0.43,,,,11.0,12.4,3813.940884,,,,0.015,
BD+37 3172 b,BD+37 3172,1887.76,4.65,0.59,713.25,31.9959,9.71,12.4,3368.9811142,4500.0,-0.03,2.84,3.75,50.24
TOI-654.01,TOI-654,1.527561,0.01944,0.0,794.0,65.0,3.59,2.378,8.71,3521.0,0.12,-1.60906,0.419,0.43
K2-37 b,K2-37,4.4434,0.05105,,949.0,193.0,5.14,1.39,2.51,5352.0,-0.08,-0.40798,0.84,0.809
K2-37 d,K2-37,14.09229,0.1102,,646.0,41.3,4.7,2.31,12.5,5352.0,-0.08,-0.40798,0.84,0.809
K2-55 b,K2-55,2.849271,0.03486,0.07,900.0,141.3,2.8,4.43,44.0,4300.0,0.376,-0.78432,0.688,0.715
TOI-5261 b,TOI-5261,4.1509768,0.05134,0.1585,1244.0,159.592,12.9,11.60129502,3651.84839643,5790.0,0.254,0.02078,1.037,1.021
TOI-4773 b,TOI-4773,1.7452851,0.03216,0.024,2255.0,3879.8071,2.63,15.22179579,1687.66884117,6740.0,0.11,0.64836,1.452,1.55
BD+42 2315 b,BD+42 2315,123.05,0.54,0.73,1247.58,335.1294,0.335,14.2,174.80562385,4500.0,-0.2,1.99,1.38,17.85
Ross 176 b,Ross 176,5.0066338,0.0464,0.25,682.0,36.2,4.03,1.84,4.57,4041.0,-0.19,-1.10891,0.577,0.569
K2-62 c,K2-62,16.19697,0.1148,,495.0,14.3,3.22,1.99,4.62,4455.0,-0.1,-0.72658,0.67,0.696
K2-61 b,K2-61,2.57336,0.0392,,1325.0,730.0,3.38,1.92,4.35,5748.0,0.03,-0.01524,0.97,0.995
TOI-6420 b,TOI-6420,6.961508,0.0753,0.078,1213.0,106.619,8.4,11.93756445,2606.1929374,6020.0,0.24,0.31175,1.165,1.312
TOI-5350 b,TOI-5350,7.581367,0.0796,0.0165,1195.0,321.879,6.03,12.41955062,2094.48920213,6220.0,0.044,0.33445,1.167,1.263
TOI-5817 b,TOI-5817,15.61031,0.1223,0.2,950.0,126.8632,1.93,3.08,10.3,5770.0,-0.24,0.31175,0.97,1.427
K2-73 b,K2-73,7.49556,0.07619,,968.0,209.0,2.8,2.58,9.2,5867.0,0.04,0.07609,1.02,1.058
TOI-5799 b,TOI-5799,4.164507,0.0348,,505.0,11.91,3.85,1.733,3.65,3452.0,0.01,-1.82974,0.325,0.321
TOI-1346 b,TOI-1346,1.7622538,,,1324.0,468.5415,2.54,2.39,6.3,5099.0,-0.01,-0.47288,0.82,0.78
TOI-1346 c,TOI-1346,5.502558,,,928.0,102.6644,2.77,2.23,5.6,5099.0,-0.01,-0.47288,0.82,0.78
K2-105 b,K2-105,8.26726,0.0796,0.0,805.0,100.0,2.24,3.4,15.4,5373.0,0.22,-0.18892,0.94,0.905
TOI-5799 c,TOI-5799,14.010449,0.0782,,337.0,2.4202,3.78,1.76,3.75,3452.0,0.01,-1.82974,0.325,0.321
TOI-6223 b,TOI-6223,3.855219,0.04018,,714.0,41.8646,0.953,5.07,22.6,3895.0,-0.12,-1.12203,0.582,0.576
KOI-351 g,KOI-351,210.73514,0.71704,0.0292,342.0,3.387,0.272128,7.718,15.0,6031.13,0.083,0.26853,1.242,1.185
HD 63433 c,HD 63433,20.5438281,0.146,0.21,678.92,35.3582,4.63,2.692,15.539,5553.0,-0.07,-0.1261,0.956,0.934
HD 17156 b,HD 17156,21.2164294,0.1632,0.6772,888.0,68.8,3.08,12.26262489,1036.12060682,6046.0,0.208,0.44091,1.285,1.517
TOI-6000 b,TOI-6000,0.448959,,,1120.0,258.7482,5.15,0.94,0.779,3419.0,,-1.75585,0.37,0.38
K2-189 c,K2-189,6.67932,0.068,,877.0,140.0,2.65,2.31,5.95,5442.0,-0.1,-0.21855,0.85,0.879
KMT-2024-BLG-0404L b,KMT-2024-BLG-0404L,,0.85,,,,28.2,11.9,8657.64580668,,,,0.09,
KMT-2024-BLG-1281L b,KMT-2024-BLG-1281L,,1.96,,,,1.08,4.59,19.06970442,,,,0.32,
GJ 317 b,GJ 317,695.69,1.138,0.0826,100.32,0.0159,1.86,13.3,794.5,3496.0,-0.02,-1.68663,0.402,0.403
TOI-6303 b,TOI-6303,9.485236,0.0761,0.02,541.0,14.28,8.82,11.59,2493.0,3977.0,0.44,-1.08672,0.644,0.609
LHS 1903 d,LHS 1903,12.566287,0.08604,0.112,442.0,6.35,2.09,2.5,5.96,3664.0,-0.11,-1.32451,0.538,0.539
LHS 1903 e,LHS 1903,29.31773,0.15135,0.014,333.0,2.05,6.1,1.732,5.79,3664.0,-0.11,-1.32451,0.538,0.539
WASP-120 b,WASP-120,3.61126721,0.0514,0.057,1749.0,1818.5489,2.334107,15.58048317,1541.4755,6450.0,-0.05,0.67509,1.393,1.68443
WASP-140 b,WASP-140,2.23598448,0.0323,0.047,1270.0,491.326,1.578175,14.23540549,775.5052,5300.0,0.12,-0.29437,0.9,0.87
HD 85426 c,TOI-1774,35.73,,0.06,640.0,,1.74,3.19,10.3,5746.0,-0.02,0.10143,0.991,1.1303
TOI-1774.01,TOI-1774,16.70988,,0.05,824.0,73.7609,2.17,2.78,8.5,5746.0,-0.02,0.10143,0.991,1.1303
KOINTREAU-3 b,ISO-Oph 96,,342.0,,8.74,0.0,2.64,13.1,1080.6165838,3920.0,-0.05,-1.18009,0.41,0.730795
PDS 70 b,PDS 70,43500.0,20.8,0.17,1392.0,0.0008,0.527,21.96960217,1017.0509024,4109.0,-0.11,-0.45593,0.982,1.26
HD 176986 d,HD 176986,61.376,0.28149,,363.0,4.09,2.41,2.49,6.76,4931.0,0.03,-0.48017,0.789,0.782
TOI-6692 b,TOI-6692,131.125,0.512,0.537,467.0,182.3533,0.68,11.67975789,197.05361234,5890.0,-0.008,0.31806,1.047,1.385
TOI-4342 b,TOI-4342,5.5382592,0.0519,0.0,639.0,27.8,3.18,2.329,7.3,3866.0,0.26,-1.12494,0.587,0.598
PDS 70 c,PDS 70,,34.3,0.037,1054.0,0.0003,1.2,22.19378179,2383.7130525,4109.0,-0.11,-0.45593,0.982,1.26
V2376 Ori b,V2376 Ori,,71.0,,2100.0,,0.0527,87.20586985,6356.56814,,,,0.45,
TOI-5489 b,TOI-5489,3.15222,,,624.0,25.1137,5.09,1.4,2.54,3547.0,,-1.60776,0.41,0.42
HD 208487 b,HD 208487,129.36,0.53,0.37,437.59,6.0876,0.275,14.3,146.20106722,6134.0,0.09,0.233,1.15,1.16
TOI-1135 b,TOI-1135,8.0277327,0.0815,0.062,1171.0,310.0,0.15,9.91994792,58.79825529,6320.0,-0.039,0.31806,1.119,1.202
TOI-5716 b,TOI-5716,6.7663,,,400.0,3.4093,5.22,0.96,0.84,3436.0,-0.54,-2.24692,0.19,0.22
HD 181433 d,HD 181433,6896.1,6.74,0.444,81.19,0.0077,2.05,13.2,858.1366989,4918.0,0.4012,-0.45618,0.86,0.79
DMPP-1 b,DMPP-1,17.812,0.1423,0.2,877.0,103.0711,1.19,4.26,16.8,6196.0,,0.31955,1.21,1.26
HD 202206 b,HD 202206,256.26,0.81,0.426,314.96,1.6613,21.2,12.1,6849.20217085,5764.23,0.23,0.03743,1.06,1.04
TOI-4940 b,TOI-4940,25.867811,0.165,,643.0,40.4612,,6.61,89.0,5504.0,0.326,0.04766,1.012,1.163
TOI-5734 b,TOI-5734,6.1841876,0.05921,,688.0,56.3778,5.403344,2.1,9.1,4750.0,-0.13,-0.74232,0.724,0.639
GJ 480 b,GJ 480,9.5536,0.068,0.0,406.0,5.929,1.96,2.91,8.8,3509.0,0.26,-1.562,0.45,0.449
DMPP-1 d,DMPP-1,3.1417,0.04467,0.36,1632.0,1045.9594,3.15,2.02,4.72,6196.0,,0.31955,1.21,1.26
DMPP-2 b,DMPP-2,5.203,0.06638,0.06,1000.0,288.2234,0.329,14.2,171.48,6500.0,,0.1038,1.41,1.78
K2-19 d,K2-19,2.50827,0.03478,0.44,1258.0,404.0,31.0,1.044,6.2,5350.0,0.03,-0.29196,0.892,0.824
NGTS-35 b,NGTS-35,25.241192,0.16,0.192,451.0,9.8437,0.645,10.9,152.0,4717.0,0.085,-0.59688,0.789,0.753
TOI-2267 c,TOI-2267 A,3.4950412,0.0263,,374.0,4.7,5.75,1.14,1.55,3030.0,0.164,-2.48149,0.171,0.2075
TOI-2267 b,TOI-2267 A,2.28909,0.0205,,424.0,8.4,5.34,1.0,0.972,3030.0,0.164,-2.48149,0.171,0.2075
HD 39194 c,HD 39194,14.0309,0.1083,0.078,675.19,33.2512,2.21,2.65,7.49,5205.0,-0.61,-0.40894,0.86,0.783742
DMPP-3 A b,DMPP-3 A,5.59,0.05958,0.42,854.0,142.7812,4.91,1.44,2.67,5138.0,0.18,-0.29513,0.9,0.91
TOI-5007 b,TOI-5007,2.543371,0.0307,0.074,774.0,85.3,0.85,11.07447293,211.03806225,3793.0,0.43,-1.09528,0.632,0.656
TOI-7166 b,TOI-7166,12.92063621,0.06191,0.0,249.0,1.07,3.18,2.01,4.7,3099.0,-0.2,-2.3869,0.19,0.222
TOI-375 b,TOI-375,9.45469,0.099,0.087,1373.0,593.3,1.037,10.77183045,236.78216321,5259.9,0.084,0.75997,1.441,2.9
TOI-5422 b,TOI-5422,5.377219,0.0619,0.094,1369.0,580.0,65.8,9.10169233,8899.195396,5820.0,-0.012,0.35218,1.066,1.474
HD 28185 b,HD 28185,385.92,1.034,0.063,271.95,0.9073,4.87,12.8,1859.29618095,5602.0,0.19,-0.01323,0.974,1.048
XO-3 b,XO-3,3.19152309,0.04815,0.2791,1890.0,1161.72,7.16,14.79585452,4217.58296089,6970.0,-0.159,0.69197,1.449,1.523
DMPP-6 c,DMPP-6,36.441,0.2206,0.31,715.27,42.4847,1.41,3.74,13.47,6182.09,0.32,0.31544,1.079,1.27
TOI-7510 b,TOI-7510,11.530869,0.1019,0.0572,878.0,1678.5119,0.255,7.31,18.1,5720.0,0.25,0.01115,1.063,1.035
TOI-5788 c,TOI-5788,16.213362,0.1197,0.046,667.0,49.8,3.032489,2.272,6.4,5615.0,-0.32,-0.14752,0.87,0.87
TOI-5788 b,TOI-5788,6.340758,0.064,0.061,910.0,175.1,5.734161,1.528,3.72,5615.0,-0.32,-0.14752,0.87,0.87
DMPP-9 b,DMPP-9,12.733,0.1097,0.25,995.58,176.6011,1.35,3.89,14.43,6092.0,,0.32741,1.1,1.26
HD 72659 c,HD 72659,35500.0,21.5,0.114,71.91,0.0051,19.1,12.1,6165.8710958,5929.0,-0.02,0.37397,1.033,1.36
KMT-2020-BLG-0202L b,KMT-2020-BLG-0202L,,4.17,,,,11.2,12.4,3902.93283796,,,,0.81,
KMT-2022-BLG-1551L b,KMT-2022-BLG-1551L,,2.29,,,,2.25,13.2,940.77208472,,,,0.54,
HD 95338 b,HD 95338,55.082694,0.262,0.197,443.0,7.42,3.98,4.27174254,42.9,5097.0,0.08,-0.3098,0.848,0.868
KMT-2022-BLG-1818L b,KMT-2022-BLG-1818L,,2.6,,,,3.18,13.0,1271.313628,,,,0.79,
TOI-1243 b,TOI-1243,4.6594779,,,450.0,17.2664,3.3,2.33,7.7,3515.0,-0.2,-1.44551,0.515,0.511
TOI-5938 b,TOI-5938,2.260424,0.0308,,1077.0,249.273,1.38,3.82,14.0,4650.0,0.07,-0.70991,0.744,0.712
TOI-7009 b,TOI-7009,2.3206612,0.0287,,872.0,42.4124,1.43,3.71,13.3,4080.0,-0.11,-0.88845,0.583,0.564
KMT-2025-BLG-0121L b,KMT-2025-BLG-0121L,,3.05,,,,6.78,12.6,2469.52672239,,,,0.61,
HD 28109 b,HD 28109,22.891054,0.1357,0.0071,867.0,33.4501,1.8,2.69,6.2,6189.0,0.1,0.43297,1.227,1.425
TOI-5388.01,TOI-5388,2.5946748,0.024335855,,488.0,3.3023,11.9,0.99,2.2,3440.0,-0.36,-1.94539,0.292,0.3
KMT-2024-BLG-2087L b,KMT-2024-BLG-2087L,,3.03,,,,3.57,12.9,1395.26670673,,,,0.48,
HD 100508 b,HD 100508,5681.0,6.11,0.42,106.66,0.0216,0.815,13.7,381.3940884,5419.0,0.33,-0.0942,0.94,1.0179
HD 114386 c,HD 114386,444.0,1.05,0.1,200.82,0.2616,0.269,13.4,117.59651059,4895.0,-0.1,-0.54,0.8,0.76
HD 28109 d,HD 28109,84.2899,0.411,0.0054,561.0,17.3745,1.1,3.11,5.8,6189.0,0.1,0.43297,1.227,1.425
KMT-2020-BLG-0414L b,KMT-2020-BLG-0414L,,2.07,,,,5.95,1.2,1.87,,,,0.49,
TOI-6716 b,TOI-6716,4.7185898,0.0319,0.88,369.0,4.4,5.29,0.982,0.911,3110.0,0.0,-2.31942,0.223,0.231
HD 154345 b,HD 154345,3280.0,4.158,0.058,119.21,0.0349,0.806,13.7,376.9444907,5468.0,-0.105,-0.21934,0.89,0.85
HD 217107 b,HD 217107,7.1270166,0.07359,0.1284,1105.84,231.1546,1.0,13.6,459.57987652,5622.0,0.37,0.09754,1.045,1.2245
TOI-1472 b,TOI-1472,6.36338574,0.064,0.041,891.0,110.0201,1.49,4.058,18.05,5100.0,0.27,-0.35556,0.87,0.84
TOI-1648 b,TOI-1648,7.331602,0.0694,0.178,799.0,27.4026,2.49,2.54,7.4,4850.0,0.2,-0.45377,0.83,0.81
HD 164604 b,HD 164604,653.9,1.362,0.479,170.16,0.1402,12.4,12.3,4195.3349724,4663.0,0.12,-0.58503,0.77,0.78
HD 164604 c,HD 164604,5387.0,5.556,0.196,84.25,0.0084,8.49,12.5,3019.3698665,4663.0,0.12,-0.58503,0.77,0.78
HIP 54515 b,HIP 54515,33000.0,24.8,0.42,100.72,0.0171,17.0,12.2,5625.5628039,8100.0,,1.02101,1.9,1.64915
TOI-1518 b,TOI-1518,1.90261131,0.03712,0.01,2546.0,7010.0,0.343,21.05046575,581.62598481,7299.0,-0.1,0.98408,1.88,1.942
GJ 4274 b,GJ 4274,1.6339,0.0153,,548.53,14.7,4.56,1.53,2.97,3228.0,-0.19,-2.46218,0.18,0.19
LHS 1903 b,LHS 1903,2.1555098,0.02656,0.015,796.0,66.66,6.82,1.382,3.28,3664.0,-0.11,-1.32451,0.538,0.539
LHS 1903 c,LHS 1903,6.226185,0.05387,0.089,559.0,16.2,2.91,2.046,4.55,3664.0,-0.11,-1.32451,0.538,0.539
TOI-1080 b,TOI-1080,3.9652482,0.0272,,368.0,4.35,,1.2,10.7,3065.0,-0.09,-2.48945,0.1667,0.2019
TOI-2145 b,TOI-2145,10.261128,0.1117,0.214,1484.0,515.939,5.34,12.24020692,1805.26535176,6206.0,0.28,0.99651,1.71,2.75
TIC 231949697 b,TIC 231949697,0.90720448719,,,982.91,154.97,4.54,1.52831855,2.95,3451.32,,-1.38707,0.490679,0.492584
CWISEP J193518.59-154620.3 b,CWISEP J193518.59-154620.3,,2.48,,390.0,,14.9,12.2,4926.3403085,,,,0.024,
HD 202772 A b,HD 202772 A,3.3088775,0.05208,0.03,2181.0,3770.0,0.293,18.2370116,323.54931833,6442.0,0.232,1.00945,1.721,2.554
TOI-4588 b,TOI-4588,13.11881173651,0.1376,0.0,1768.0,2310.43,1.95,2.92922558,8.9,7746.12,0.21,0.9174,2.018,1.57458
TOI-4513 b,TOI-4513,9.76042253684,,,653.0,30.3621,2.6,2.34587608,6.11,5623.93,,-0.26312,0.979,0.796628
TIC 24750448 b,TIC 24750448,3.59159193029,,,,,2.47,2.43722231,6.51,4545.43,,-0.7721,0.69,0.713599
TOI-4127 b,TOI-4127,56.3987,0.303,0.7484,556.0,22.3,2.17,12.07,743.71847238,6096.0,0.14,0.31639,1.23,1.293
TOI-697 b,TOI-697,8.60788713593,,,839.8,117.5495,2.58,2.35859364,6.16,5681.95,,-0.10598,0.97,0.968149
TOI-4561 b,TOI-4561,8.93547936706,,,789.81,91.9624,3.73,1.77789214,3.81,5537.93,,-0.18213,1.0,0.851957
TIC 24750448 c,TIC 24750448,10.14385270726,,,,,1.82,3.09028272,9.75,4545.43,,-0.7721,0.69,0.713599
GJ 1137 c,HD 93083,9.6412,0.0835,0.0,768.51,58.4,2.99,2.11,5.12,5033.8,0.13,-0.39041,0.836,0.837
TIC 87422071 b,TIC 87422071,11.364929,0.106,0.124,1110.0,140.925,1.8785,10.8615023,409.99864503,6150.0,0.16,0.44716,1.239,1.489
TOI-883 b,TOI-883,10.05771848538,,,861.0,91.5488,0.606,7.17166228,40.7,5713.15,,-0.02407,1.003,1.01477
TOI-4640 b,TOI-4640,2.68566015238,,,1378.86,854.2741,2.02,2.84326517,8.46,5743.01,,0.11737,1.1,1.06715
TIC 38828280 b,TIC 38828280,4.85558984762,,,,,2.24,2.62701629,7.4,5046.63,,-0.49681,0.84,0.741147
TIC 147027702 b,TIC 147027702,44.40523,0.274,0.127,863.0,90.5749,1.5666,10.92875618,346.43296363,6410.0,-0.08,0.83251,1.406,2.136
TIC 245076932 b,TIC 245076932,21.61389,0.157,0.428,845.0,85.6018,0.7466,10.87271128,162.09248757,6130.0,0.02,0.32428,1.117,1.288
TOI-921 b,TOI-921,5.12871907628,,,951.0,426.7683,1.52,3.53409617,12.2,6011.66,-0.0579,0.19836,1.13,1.14165
TOI-4930 b,TOI-4930,6.78130241498,,,1169.0,310.079,0.633,6.93277225,38.4,5624.72,,0.13797,1.04,1.15926
TIC 62895484 b,TIC 62895484,2.83985434327,,,,,1.55,3.49391667,12.0,5520.79,0.0985,-0.17702,0.98,0.874291
TOI-941 b,TOI-941,8.51460888787,,,982.42,220.1422,0.689,6.51165317,34.6,5745.88,,0.19135,1.078,1.1849
TOI-5159 b,TOI-5159,5.83639428843,,,866.29,133.1006,4.46,1.54732112,3.01,5156.16,,-0.29869,0.9,0.854084
TIC 86380416 b,TIC 86380416,6.0408643461,,,,,2.51,2.4123612,6.4,5723.74,,0.02589,1.07,0.989724
K2-19 b,K2-19,7.9193,0.07487,0.1,857.0,87.0,0.494,7.0,30.8,5322.0,0.06,-0.29196,0.88,0.82
TOI-5335 b,TOI-5335,3.61365988443,,,1048.0,200.83,1.29,4.02422162,15.3,5528.92,,-0.18268,0.945,0.916633
TIC 88692598 b,TIC 88692598,2.64909436758,,,,,3.63,1.81295951,3.94,3483.17,,-1.36028,0.529218,0.532473
TOI-1752 b,TOI-1752,0.9351861,0.01624,,1036.0,194.1729,3.97,1.693,3.51,3762.0,-0.11,-1.29671,0.524,0.53
TOI-1269 c,TOI-1269,9.23786144195,,,757.0,54.6767,2.77,2.22999162,5.6,5554.02,-0.049,-0.21968,0.9027,0.848906
TOI-5486 b,TOI-5486,2.02470073205,,,752.0,53.3297,1.31,3.96824928,14.9,3750.17,,-1.30844,0.548138,0.553216
TIC 139702105 b,TIC 139702105,6.83601903383,,,,,2.45,2.45316949,6.59,5742.35,-0.28,0.03698,0.9,1.25423
TOI-5624 c,TOI-5624,7.885385,0.07374,0.0,857.0,96.429,1.72,2.474,4.8,5327.0,-0.023,-0.31336,0.858,0.82
TOI-1718 b,TOI-1718,5.58703768615,,,948.0,134.155,1.25,4.10824994,15.8,5304.91,0.2,-0.17723,0.93,0.939285
TOI-5532 b,TOI-5532,5.6539659431,,,617.33,34.3229,2.36,2.52763693,6.93,4208.45,,-1.00617,0.636083,0.662052
TIC 161045582 b,TIC 161045582,8.85577189959,,,,,2.75,2.24566738,5.67,5683.87,0.188,0.07687,1.04,1.07976
TOI-1232 c,TOI-1232,30.356,0.194,0.027,660.05,31.4327,0.459,8.88,58.48042689,5823.0,0.18,0.07298,1.058,1.072
TOI-1732 b,TOI-1732,4.11923678339,,,657.79,44.2458,2.4,2.49549787,6.78,4201.93,,-1.08955,0.613891,0.632571
TOI-5605 b,TOI-5605,5.91340454843,,,669.0,33.3499,2.36,2.52611303,6.92,4583.79,-0.0269,-0.74768,0.68,0.736044
TOI-1756 b,TOI-1756,2.78301736297,,,696.39,55.5824,3.32,1.94225664,4.43,3891.86,,-1.24599,0.556454,0.562607
TOI-5630 b,TOI-5630,3.22118452536,,,1541.0,937.884,2.56,2.37117553,6.22,5385.64,0.135,-0.1813,0.934,0.933361
TIC 206466666 b,TIC 206466666,9.10486865159,,,,,2.92,2.14817673,5.26,4620.3,,-0.69846,0.76,0.667193
TOI-198 b,TOI-198,10.215213,0.0675,0.15,456.0,7.2,6.89,1.36,3.17,3801.0,-0.66,-1.484,0.417,0.418
KMT-2024-BLG-2005L b,KMT-2024-BLG-2005L,,1.12,,,,0.511,8.18,50.85254512,,,,0.12,
TOI-1839 b,TOI-1839,1.42378440907,,,1405.35,921.8467,2.8,2.21895097,5.56,5315.91,0.252,-0.26441,0.934,0.848099
TOI-5926 b,TOI-5926,3.81122794237,,,987.0,157.644,0.565,7.56807148,44.6,5388.92,,-0.20728,0.946,0.890046
TIC 290487717 b,TIC 290487717,3.400818229,,,,,0.671,6.63777941,35.7,5328.97,0.0959,-0.1841,0.92,0.943767
TOI-672 b,TOI-672,3.633581,0.0376,0.0,699.5,39.8,1.86,5.31,50.9,3810.0,-0.14,-1.31885,0.54,0.54
TOI-2071 b,TOI-2071,5.67395386982,,,1029.33,265.3025,2.31,2.56484195,7.1,5755.41,0.048,0.03271,1.063,1.00286
TOI-4156 c,TOI-4156,12.82282706375,,,809.32,101.3929,1.95,2.92303762,8.87,5971.64,,0.097,1.1,1.03963
TIC 356227008 b,TIC 356227008,2.96147448702,,,,,2.54,2.39024009,6.3,5731.86,,-0.05745,1.02,0.959792
TOI-2518 b,TOI-2518,6.89797425216,,,1095.0,239.133,2.72,2.26838675,5.77,5751.2,,0.06615,1.11,0.993374
TOI-6393 b,TOI-6393,9.53176110329,,,696.0,39.0679,2.1,2.75958542,8.04,5008.2,,-0.47332,0.835,0.766023
EPIC 220674823 b,EPIC 220674823,0.57130782,0.0132,0.0,2324.0,4467.0,10.684836,1.606,7.54,5578.0,-0.005,-0.11919,0.913,0.99
EPIC 220674823 c,EPIC 220674823,13.340603,0.1078,0.18,838.0,70.0,2.336119,2.712,7.9,5578.0,-0.005,-0.11919,0.913,0.99
TOI-2654 b,TOI-2654,2.96760425926,,,819.0,75.0167,0.53,7.94454164,48.4,4594.08,,-0.71592,0.69,0.756095
TOI-6699 b,TOI-6699,5.32005926761,,,976.0,150.91,2.63,2.32645266,6.02,4705.1,,-0.59732,0.75,0.75309
TOI-1839 c,TOI-1839,4.02393854207,,,,,2.51,2.40867246,6.39,5315.91,0.252,-0.26441,0.934,0.848099
K2-111 c,K2-111,15.6748,0.11565,0.069,923.0,142.0569,1.64,3.34,11.1,5775.0,-0.46,0.27875,0.84,1.25
TOI-4156 b,TOI-4156,4.46189034133,,,1289.0,459.495,2.35,2.53823825,6.98,5971.64,,0.097,1.1,1.03963
TOI-7333 b,TOI-7333,6.26449803661,,,755.0,53.9635,3.01,2.09469416,5.04,4586.87,,-0.75937,0.721,0.666066
rho CrB e,rho CrB,12.904,0.1061,0.082,1004.88,151.5473,3.8,1.75,3.71,5817.0,-0.2,0.23198,1.0,1.3617
MOA-2007-BLG-192L b,MOA-2007-BLG-192L,,2.02,,,,1.5,3.58,12.49,,,,0.28,
K2-79 b,K2-79,10.995039,0.0987,0.032,1033.0,180.0,0.476928,4.15,5.9,5897.0,0.035,0.24551,1.06,1.269
K2-111 b,K2-111,5.3518963,0.0565,0.134,1293.0,490.0,5.065359,1.837,5.35,5775.0,-0.46,0.27875,0.84,1.25
TOI-4363 b,TOI-4363,2.11867592279,,,884.71,144.7854,3.76,1.76689273,3.77,4278.45,,-0.95684,0.62,0.69132
HD 5388 b,HD 5388,772.5,1.757,0.41,316.59,1.4901,2.49,13.1,1017.0509024,6297.0,-0.27,0.66276,1.21,1.91
Kepler-79 b,Kepler-79,13.48451,0.11929,0.022,929.0,205.404,0.97,3.51,7.6,6389.0,0.06,0.342,1.244,1.316
Kepler-79 c,Kepler-79,27.4026,0.19144,0.038,734.0,79.765,0.48,3.76,4.6,6389.0,0.06,0.342,1.244,1.316
HD 16760 b,HD 16760,466.08,1.156,0.079,226.14,0.5388,21.2,12.1,6833.3107505,5518.0,0.067,-0.14267,0.93,0.835
TOI-3457 b,TOI-3457,32.600268,0.2001,0.59,824.2,17.4858,,10.64,797.74930157,6300.0,0.28,0.2927,1.04,1.474
TOI-6884 b,TOI-6884,4.808264,0.0629,0.067,1652.0,1230.0,41.0,10.39072511,8365.24367224,6330.0,0.094,0.69108,1.41,1.84
TOI-4602.01,TOI-4602,3.9812999,0.04747,0.0,1344.0,664.0,2.18,2.45,5.53,5966.0,-0.26,0.11394,0.9,1.08
TOI-791 b,TOI-791,139.29931,0.602,0.032,434.3,8.47,0.037,11.13051784,9.5,6294.0,-0.14,0.57642,1.28,1.474
eps Eri b,eps Eri,2680.0,3.53,0.06,112.26,0.0306,0.665,13.8,317.828407,5020.38,-0.13,-0.41928,0.82,0.759106
TOI-791 c,TOI-791,232.0157,0.863,0.028,362.8,4.12,0.047,12.94637271,18.6,6294.0,-0.14,0.57642,1.28,1.474
HD 190360 b,HD 190360,2887.5,3.965,0.3342,150.0,0.0741,1.2,13.5,537.0,5560.0,0.26,0.06647,0.996,1.14
HD 190360 c,HD 190360,17.11625,0.1298,0.163,794.55,69.1705,0.851,5.53,26.2,5560.0,0.26,0.06647,0.996,1.14
HD 190360 d,HD 190360,88.69,0.3886,0.058,459.21,7.7173,1.55,3.48,11.9,5560.0,0.26,0.06647,0.996,1.14
TOI-3664 b,TOI-3664,3.2974839,0.0431,0.159,1232.0,349.544,0.248,13.69737442,114.41822652,5593.0,0.17,0.07566,0.98,1.11
TOI-4034 b,TOI-4034,1.8020932,0.03289,0.0,1907.0,1870.78,0.275,17.71018951,276.51071409,5891.0,0.12,0.53102,1.19,1.83
HD 126105 b,HD 126105,524.0,1.36,0.103,413.6,4.8659,1.19,13.5,530.77343969,4875.0,0.0,0.95424,1.2,4.21
TIC 52059926 b,TIC 52059926,175.532,0.553,0.51,229.6,4.4802,24.1,10.71,5380.0,4505.0,-0.08,-0.72125,0.73,0.72
TOI-4427 b,TOI-4427,4.6182621,0.05389,0.074,1040.0,195.0,0.214,13.09208946,87.72064033,5347.0,0.002,-0.17393,0.9,0.89
TOI-2049 b,TOI-2049,5.303468,0.06919,0.054,1869.0,2032.0,0.578,16.64533634,486.27746271,6164.0,0.311,1.1038,1.57,3.2
TOI-4458 b,TOI-4458,3.9393792,0.0522,0.03,1759.0,1595.0,1.59,12.40834163,552.06794296,6151.0,0.17,0.72754,1.47,1.96
TOI-159 b,TOI-159,3.7628396,0.056,0.24,1891.0,1797.8272,1.02,18.18,1110.0,7287.0,0.3,0.82217,1.661,1.62
COCONUTS-2 b,COCONUTS-2 A,402000000.0,7506.0,,493.0,0.0,6.58,12.57647635,2383.7130525,3552.0,0.0,-1.719,0.4,0.366
HD 30177 c,HD 30177,11320.0,9.9,0.21,87.87,0.0124,3.8,12.9,1484.25866069,5680.0,0.43,0.0835,0.98,1.019
TOI-1710 b,TOI-1710,24.28336,0.1652,0.05,602.99,33.0,0.8,5.06,19.1,5775.0,0.04,-0.0655,1.02,0.93
K2-370 b,K2-370,2.1408093,0.0321,0.0,1267.0,428.205,3.2,2.67,11.1,5662.0,0.08,-0.12703,0.962,0.945
HIP 8923 b,HIP 8923,5160.0,5.9,0.011,136.48,0.0539,8.92,12.5,3171.92750186,5980.0,0.42,0.27354,1.01,1.32164
TOI-201 c,TOI-201,2890.0,4.37,0.651,169.58,0.1367,24.0,10.4,4990.0,6423.0,0.24,0.41664,1.32,1.31
KMT-2023-BLG-0332L b,KMT-2023-BLG-0332L,,3.2,,,,22.2,12.0,6992.224954,,,,0.54,
XO-2 S d,XO-2 S,4696.0,5.46,0.091,110.98,0.0253,2.95,13.0,1179.14338997,5325.0,0.32,-0.12302,0.98,1.02
TOI-237 c,TOI-237,1.74486147,0.016,,515.0,16.0,5.95,1.206,1.9,3226.0,-0.3443,-2.38722,0.1698,0.2056
bet Pic b,bet Pic,8682.0,10.07,0.105,1612.0,0.0885,2.4,18.49485,2765.1071409,8038.68,-0.21,0.95282,1.789,1.54416
bet Pic c,bet Pic,1202.0,2.7,0.307,1250.0,1.2305,7.78,12.5,2765.1071409,8038.68,-0.21,0.95282,1.789,1.54416
bet Pic d,bet Pic,33200.0,26.0,0.44,600.0,0.0133,1.49,14.12331568,762.7881768,8038.68,-0.21,0.95282,1.789,1.54416
Kepler-484 b,Kepler-484,10.045569313,0.09036,0.0,766.0,90.629,2.7,2.28,5.82,5668.0,-0.1,-0.13505,0.96,0.87
Kepler-758 c,Kepler-758,4.75793986,0.05768,0.0,1372.0,1211.822,3.98,1.69,3.5,6228.0,-0.1,0.56281,1.16,1.42
TOI-4311 b,TOI-4311,0.9902738,0.01817,,1664.0,1273.0,9.3,1.376,4.5,5063.0,-0.065,-0.37469,0.816,0.8441
TOI-2147 b,TOI-2147,26.20518,0.172,0.29,820.0,68.2928,0.55,10.5,116.0,5983.0,-0.29,0.35211,0.99,1.39
TOI-6019 b,TOI-6019,14.547952,0.1212,0.48,1095.0,249.6501,0.44,12.3,149.0,5561.0,0.04,0.52792,1.13,2.02
Kepler-929 b,Kepler-929,0.921032135,0.01982,0.0,2362.0,8159.933,5.67,1.11,1.41,5869.0,-0.04,0.46075,1.01,1.02
Kepler-1767 b,Kepler-1767,59.65829849,0.2873,0.0,393.0,5.66,1.88,3.01299077,9.34,5243.0,0.14,-0.50273,0.887,0.831
Kepler-223 e,Kepler-223,19.72567,0.14481,0.051,751.0,119.882,0.28,4.6,4.8,5803.0,0.1,0.37128,1.125,1.72
Kepler-1127 b,Kepler-1127,5.12330347,0.0556,0.0,994.0,160.765,3.28,1.96,4.5,5664.0,0.04,-0.25911,0.97,0.95
Kepler-1793 b,Kepler-1793,8.779999733,0.0787,0.0,713.0,61.24,1.39,3.79037518,13.8,5191.0,-0.06,-0.23389,0.85,0.764
HD 141937 b,HD 141937,662.37,1.54,0.46,231.49,0.4436,10.4,12.4,3591.4609991,5870.0,0.12,0.022,1.09,1.03
Kepler-1367 b,Kepler-1367,1.574090272,0.0236,0.0,998.0,225.233,5.09,0.92,0.721,4106.0,-0.06,-0.90488,0.62,0.6
Kepler-1900 b,Kepler-1900,2.986229897,0.042,0.0,1356.0,798.35,4.2,1.62314676,3.27,6173.0,-0.04,0.21994,1.104,1.041
Kepler-1364 b,Kepler-1364,13.32196237,0.1284,0.0,1299.0,672.06,2.91,2.15,5.27,6805.0,0.04,0.792,1.49,1.79
Kepler-482 b,Kepler-482,56.35418576,0.25787,0.0,352.0,4.436,2.58,2.36,6.17,4871.0,-0.13,-0.53864,0.75,0.72
Kepler-1646 b,Kepler-1646,4.48558383,0.0295,0.0,365.0,4.2,6.02,1.23,2.04,3299.0,0.04,-1.77984,0.24,0.26
HD 6718 b,HD 6718,2476.0,3.53,0.06,148.94,0.0907,1.78,13.3,762.7881768,5746.0,-0.06,0.0531,0.96,1.02
Kepler-32 c,Kepler-32,8.7522,0.09,0.0,451.0,10.68,0.33,2.0,158.9,3900.0,0.0,-1.29243,0.58,0.53
K2-177 b,K2-177,14.155185,,,,,2.97,2.1162048,5.13,6063.0,0.41,0.34158,1.210525,1.213565
Kepler-259 c,Kepler-259,36.924931,0.217,0.0,530.0,15.054,2.16,2.7,7.75,5938.0,-0.09,-0.15271,0.867,0.898
K2-183 b,K2-183,0.469285,,,,,5.66,1.1,1.37,5482.0,0.09,-0.13179,0.942219,0.87
Kepler-222 d,Kepler-222,28.081912,0.18,0.0,522.0,15.087,1.44,3.69,13.2,5433.0,0.33,-0.33784,0.933,0.869
Kepler-165 c,Kepler-165,15.31299,0.11,0.0,581.0,25.931,2.77,2.23,5.6,5211.0,-0.25,-0.4723,0.746,0.77
K2-263 b,K2-263,50.819172,0.2573,0.08,482.0,8.17,5.650354,2.513,15.4,5368.0,-0.08,-0.25964,0.88,0.85
Kepler-166 d,Kepler-166,1.554003928,0.02449,0.0,1313.0,651.409,3.86,1.73,3.64,5350.0,-0.03,-0.38508,0.88,0.83
Kepler-52 b,Kepler-52,7.8773565,0.0637,0.0,553.0,22.72,3.35,2.1,135.0,4075.0,0.0,-0.99568,0.54,0.52
K2-186 b,K2-186,41.474219,,,,,1.76,3.17207779,10.2,5784.0,0.06,0.0504,1.018617,0.98083
K2-195 c,K2-195,28.482786,,,,,2.3,2.57581891,7.16,5712.0,-0.09,-0.01196,0.963364,0.906367
K2-187 e,K2-187,13.606629,0.1106,,698.0,52.0501,3.42,1.9,4.27,5438.0,0.0,-0.19607,0.966999,0.83
K2-187 c,K2-187,2.871512,0.0392,,1173.0,414.343,5.09,1.4,2.54,5438.0,0.0,-0.19607,0.966999,0.83
K2-189 b,K2-189,2.58812,0.0361,,1203.0,497.0,5.07,1.403,2.55,5442.0,-0.1,-0.21855,0.85,0.879
K2-280 b,K2-280,19.89526,0.1461,0.35,787.0,69.5,0.48,7.5,37.1,5500.0,0.33,0.13976,1.03,1.28
K2-381 c,K2-381,16.034656,,,,,3.2,2.0,4.66,4473.0,-0.244,-0.73923,0.754,0.675
Kepler-229 b,Kepler-229,6.252972,0.062,0.0,823.0,76.217,2.83,2.2,5.48,5120.0,0.06,-0.53795,0.808,0.728
K2-222 b,K2-222,15.3889274,0.1186,0.021,803.0,95.0,3.721139,2.275,7.5,5942.0,-0.315,0.1271,0.94,1.072
K2-220 b,K2-220,13.68186,0.1104,,761.0,79.7,2.56,2.37,6.21,5612.0,-0.05,-0.06106,0.91,1.026
Kepler-491 b,Kepler-491,4.225384512,0.05191,0.0,1111.0,312.514,0.457,8.92,59.0,5582.0,0.37,-0.05683,1.04,1.03
Kepler-197 b,Kepler-197,5.599308,0.06,0.02,1142.0,431.256,5.39,1.02,1.04,6004.0,-0.441,0.22187,0.857,1.12
Kepler-216 b,Kepler-216,7.693641,0.079,0.0,1069.0,540.034,2.59,2.35,6.12,6091.0,-0.1489,0.51836,1.126,1.26
K2-176 b,K2-176,5.329439,,,,,4.69,1.49090097,2.83,5428.0,0.15,-0.34794,0.938545,0.86416
K2-223 b,K2-223,0.50557,0.0127,,2271.0,5714.3505,4.99,0.89,0.64,5859.0,0.19,-0.03543,1.06,1.0
Kepler-1732 b,Kepler-1732,32.31240082,0.2015,0.0,699.0,27.05,1.25,4.09903273,15.7,5821.0,0.04,0.29575,1.043,1.494
14 Her b,14 Her,1766.41,2.839,0.3683,147.32,0.0873,7.96,12.5,2828.6728223,5338.0,0.43,-0.15273,0.97,0.93
16 Cyg B b,16 Cyg B,798.5,1.66,0.68,228.76,0.454,1.26,13.5,565.7374,5750.0,0.06,0.09729,1.08,1.13
K2-368 d,K2-368,20.201085,,,,,3.31,1.948,4.45,4663.0,-0.25,-0.69293,0.746,0.663
Kepler-261 b,Kepler-261,10.381227,0.088,0.0,672.0,45.779,2.86,2.18,5.39,5098.0,0.1621,-0.471,0.834,0.794
1RXS J160929.1-210524 b,1RXS J160929.1-210524,,330.0,,1700.0,0.0,2.54,18.647,3000.0,4060.0,,-0.37,0.85,1.31316
CoRoT-4 b,CoRoT-4,9.20205,0.09,0.0,1074.0,203.9517,0.525,13.34,228.83,6190.0,0.05,0.18482,1.16,1.17
K2-224 c,K2-224,10.09489,0.0886,,764.0,73.1328,2.51,2.41,6.39,5620.0,-0.19,-0.24102,0.91,0.84
K2-368 c,K2-368,9.660186,,,,,5.27,1.361,2.42,4663.0,-0.25,-0.69293,0.746,0.663
24 Sex c,24 Sex,883.0,2.08,0.29,377.31,3.3719,0.559,13.9,273.32,5098.0,-0.03,1.164,1.54,4.9
CoRoT-7 b,CoRoT-7,0.85359163,0.017016,0.0,1756.0,1773.7952,9.355,1.68135,4.07660518,5275.0,0.05,-0.28938,0.82,0.83
K2-226 b,K2-226,3.27109,0.04095,0.22,1187.0,332.7564,4.49,1.53899305,2.98,5288.0,-0.05,-0.25337,0.856,0.889
K2-227 b,K2-227,13.621832,,,,,4.06,1.66551298,3.41,5673.0,-0.1,-0.16664,0.950811,0.890666
2MASS J12073346-3932539 b,2MASS J12073346-3932539,,46.0,,1163.0,0.0,2.35,15.69257298,1652.7077164,2825.0,,-2.56086,0.188001,0.21887
CoRoT-7 c,CoRoT-7,3.698,0.046,0.0,1098.59,242.7184,2.04,2.83,8.4,5256.0,0.06,-0.28938,0.899,0.864273
eps Tau b,eps Tau,585.82,1.878,0.076,603.08,22.147,6.13,12.7,2285.18624633,4877.0,0.1,1.89271,2.57,12.35
gam1 Leo b,gam1 Leo,428.5,1.19,0.144,1080.7,228.5105,7.85,12.5,2790.43,4330.0,-0.51,2.51,1.23,31.88
K2-229 b,K2-229,0.584216,0.0131,0.0,1818.0,2290.0,7.6,1.0,2.55,5315.0,-0.09,-0.38869,0.87,0.79
Kepler-752 b,Kepler-752,18.82747265,0.1353,0.0,632.0,45.278,2.06,2.81,8.3,5373.0,-0.08,-0.12488,0.87,0.83
CoRoT-9 b,CoRoT-9,95.272656,0.4021,0.133,420.0,3.444,0.86,11.948794,266.9772,5625.0,-0.01,-0.25426,0.96,0.96
K2-343 b,K2-343,2.787174,,,653.0,,4.11,1.65,3.36,3804.0,-0.1,-1.43852,0.49,0.46
51 Peg b,51 Peg,4.2307966,0.052,0.0063,1328.93,506.1775,0.38,14.1,193.87532827,5761.0,0.2058,0.13631,1.07,1.19
K2-331 c,K2-331,22.996591,,,673.0,,2.14,2.72,7.85,5994.0,0.08,0.05943,1.1,1.06
EPIC 212624936 c,EPIC 212624936,11.811437,,,,,2.66,2.3,5.9,5765.0,-0.39,-0.12371,1.0,0.93
K2-334 b,K2-334,5.113981,,,1380.0,832.2294,0.829,5.65,27.2,6502.0,0.17,0.51362,1.36,1.49
K2-379 b,K2-379,8.777247,,,,,2.86,2.181,5.4,4603.0,-0.045,-0.6327,0.856,0.751
61 Vir d,61 Vir,123.01,0.476,0.35,382.51,3.5464,0.943,5.11,22.9,5577.0,-0.01,-0.095,0.942,0.963
K2-202 b,K2-202,3.405164,,,,,2.66,2.30165603,5.91,5491.0,0.27,-0.33519,0.971461,0.910685
K2-343 c,K2-343,7.676972,,,465.0,,3.16,2.02,4.74,3804.0,-0.1,-1.43852,0.49,0.46
K2-342 b,K2-342,11.561052,,,861.0,,3.14,2.03,4.78,5920.0,-0.06,0.09264,1.01,1.09
Kepler-260 b,Kepler-260,8.187399,0.075,0.0,782.0,132.134,3.18,2.01,4.7,5250.0,0.29,-0.09198,1.013,0.862
K2-381 d,K2-381,26.803023,,,,,3.99,1.689,3.5,4473.0,-0.244,-0.73923,0.754,0.675
K2-381 b,K2-381,7.9389334,,,,,5.57,1.075,1.26,4473.0,-0.244,-0.73923,0.754,0.675
K2-348 b,K2-348,4.688418,,,908.0,133.083,1.7,3.26,10.7,5077.0,0.13,-0.38844,0.83,0.85
K2-384 d,K2-384,6.679582,,,,,5.13,1.392,2.52,3623.0,0.068,-1.86986,0.33,0.348
81 Cet b,81 Cet,1005.57,2.104,0.037,526.92,13.0071,2.57,13.1,1051.05854195,4734.0,-0.11,1.76027,1.23,11.21
K2-352 c,K2-352,8.234885,,,885.0,,3.38,1.92,4.35,5791.0,-0.05,-0.06326,0.98,0.95
K2-384 c,K2-384,4.194766,,,,,5.92,1.191,1.82,3623.0,0.068,-1.86986,0.33,0.348
BD+14 4559 b,BD+14 4559,268.94,0.78,0.29,246.28,0.7867,0.691,13.8,330.5432,4864.0,0.17,-0.32,0.49,0.86
K2-204 b,K2-204,7.055908,0.0738,0.28,1148.0,290.0978,1.76,3.17214154,10.2,5783.0,0.21,0.19866,1.076,1.253
Kepler-1736 b,Kepler-1736,37.81029892,0.2188,0.0,566.0,24.27,1.35,3.8765856,14.3,6085.0,-0.28,0.40206,0.976,0.973
K2-205 b,K2-205,26.672263,,,,,3.21,1.99552771,4.64,5890.0,-0.26,0.19406,0.951027,1.077574
Kepler-8 b,Kepler-8,3.5224991,0.0474,0.0,1680.0,1444.881,0.27,15.871944,187.5197,6213.0,-0.055,0.605,1.213,1.486
K2-209 b,K2-209,2.080615,,,,,4.92,0.86850263,0.586,4720.0,-0.06,-0.58815,0.74479,0.712365
Kepler-745 b,Kepler-745,9.93143556,0.0915,0.0,931.0,286.026,2.9,2.16,5.31,5849.0,0.06,0.37557,1.04,1.04
K2-211 b,K2-211,0.669561,0.01419,0.19,1873.0,2056.0589,5.42,1.33162691,2.33,5117.0,0.134,-0.383,0.851,0.818
Kepler-262 c,Kepler-262,21.853722,0.152,0.0,618.0,25.26,4.15,1.64,3.33,5841.0,-0.3382,-0.13988,0.816,0.881
Kepler-119 b,Kepler-119,2.422082,0.035,0.0,1213.0,745.285,1.48,3.6,12.6,5595.0,0.01,-0.0366,0.918,0.839
K2-394 b,K2-394,5.095717,,,643.0,28.5068,3.98,1.692,3.51,4938.0,-0.388,-0.85841,0.478,0.631
CoRoT-19 b,CoRoT-19,3.89713,0.0518,0.047,2000.0,1103.809,0.71,14.46,352.78,6090.0,-0.02,0.544,1.21,1.65
Kepler-748 b,Kepler-748,7.40742793,0.0745,0.0,938.0,439.778,2.37,2.52,6.9,5934.0,0.08,0.36017,1.07,1.1
HD 113538 b,HD 113538,663.2,1.24,0.14,140.67,0.0585,0.273,13.2,114.41,4462.0,-0.24,-1.04576,0.585,0.53
Kepler-112 b,Kepler-112,8.408878,0.076,0.0,809.0,123.818,2.58,2.36,6.17,5544.0,-0.5221,-0.08612,0.782,0.841
HD 114386 b,HD 114386,937.70001,1.73,0.23,154.56,0.0964,1.01,13.6,464.02947422,4836.0,-0.05,-0.54,0.6,0.76
HD 136418 b,HD 136418,464.29999,1.29,0.25,411.81,4.0863,1.59,13.3,680.1562,4989.0,-0.11,0.83251,1.48,3.78
GJ 676 A b,GJ 676 A,1051.44521,1.735,0.319,113.55,0.0301,4.82,12.8,1840.86213334,3734.0,0.23,-1.04251,0.626,0.69
HAT-P-31 b,HAT-P-31,5.00542,0.061,0.25,1450.0,746.9025,2.18,12.21781,721.4741,6065.0,0.15,0.43315,1.31,1.39
HD 11506 b,HD 11506,1617.7,2.885,0.379,193.57,0.2609,3.97,12.9,1551.00262616,6123.0,0.3,0.33685,1.22,1.24
HD 11506 c,HD 11506,223.92,0.771,0.228,374.44,3.6537,0.255,14.0,127.1313628,6123.0,0.3,0.33685,1.22,1.24
GJ 581 e,GJ 581,3.1481,0.02799,0.012,554.37,15.783,5.19,1.38,2.48,3500.0,-0.08,-1.90781,0.295,0.302
HAT-P-35 b,HAT-P-35,3.646706,0.04978,0.02,1581.0,999.6688,0.55,14.930388,335.62848,6096.0,0.11,0.38307,1.236,1.435
HD 116029 b,HD 116029,670.0,1.65,0.0,400.04,4.1506,0.972,13.6,444.962,4819.0,0.09,1.05308,0.83,4.89
HD 142245 b,HD 142245,1299.0,2.78,0.0,306.3,1.7468,2.39,13.1,975.7381,4922.0,0.17,1.13033,3.5,4.63
GJ 876 b,GJ 876,61.1166,0.208317,0.0324,190.6,0.2857,1.69,13.3,723.2235,3293.74,0.2129,-1.90658,0.32,0.3
HD 118203 b,HD 118203,6.1349779,0.0713,0.3136,1361.0,593.4,1.79,12.778238,680.15279098,5742.0,0.287,0.6458,1.27,2.04
HD 142 b,HD 142,351.43394,1.039,0.158,358.19,2.7603,6.05,12.7,2256.5816897,6245.0,0.09,0.47418,1.21,1.47
GJ 876 d,GJ 876,1.93778,0.02080665,0.207,603.09,28.6429,2.37,2.51,6.83,3293.74,0.2129,-1.90658,0.32,0.3
GQ Lup b,GQ Lup,,100.0,,2650.0,0.0001,0.921,33.6,6356.0,4360.0,-0.35,-0.07239,0.7,1.94153
GJ 876 e,GJ 876,124.26,0.3343,0.055,150.46,0.111,1.33,3.92,14.6,3293.74,0.2129,-1.90658,0.32,0.3
HD 100655 b,HD 100655,157.57001,0.68,0.09,907.14,92.9931,1.14,13.5,511.7063,4891.0,0.07,1.63347,2.28,10.06
Kepler-744 b,Kepler-744,12.06222443,0.09735,0.0,750.0,62.955,4.21,1.62,3.26,5594.0,0.0,-0.22215,0.94,0.93
HD 10180 f,HD 10180,122.744,0.4929,0.119,427.54,6.1329,0.913,5.24,23.9,5911.0,0.08,0.17319,1.06,1.109
HD 126614 b,HD 126614,1257.25303,2.249,0.548,209.54,0.2392,0.289,12.7,107.74382997,5568.0,0.56,0.08279,0.96,1.369794
HD 12661 b,HD 12661,262.70862,0.84,0.38,325.35,1.9237,1.8,13.3,772.3269,5645.0,0.36,0.1327,1.2,1.2
HAT-P-15 b,HAT-P-15,10.8635,0.0965,0.19,904.0,79.7578,1.96,11.88154,616.5902,5568.0,0.22,0.03019,1.0,1.07
HAT-P-16 b,HAT-P-16,2.77596727,0.0413,0.0462,1566.0,1597.59,2.479989,14.68376472,1341.56043,6140.0,0.17,0.29447,1.218,1.158
Kepler-764 b,Kepler-764,7.33683936,0.0724,0.0,875.0,160.457,4.15,1.64,3.33,5557.0,-0.06,-0.13604,0.92,0.89
Kepler-123 b,Kepler-123,17.232366,0.135,0.0,817.0,138.807,12.0,2.94,55.3,6089.0,-0.08,0.40952,1.079,1.264
HD 104985 b,HD 104985,199.68,0.715,0.047,901.01,115.1548,4.63,12.8,1766.80811451,4738.0,-0.32,1.76989,1.22,11.12
HD 104067 b,HD 104067,55.851,0.2674,0.123,407.83,4.2965,0.438,9.2,62.1,4952.0,0.11,-0.51256,0.82,0.78
HD 13189 b,HD 13189,471.60001,1.25,0.27,1115.98,277.0528,10.0,12.4,3480.2385,4175.0,-0.37,2.63638,2.24,38.41
HD 106252 b,HD 106252,1535.0,2.655,0.48,178.13,0.1884,8.94,12.5,3178.28407,5874.0,-0.06,0.1232,1.05,1.05
HD 132406 b,HD 132406,908.0,1.98,0.25,228.73,0.4641,4.95,12.8,1887.90073758,5766.0,0.1293,0.25996,0.973,1.34
HD 108874 c,HD 108874,1624.0,2.659,0.239,168.21,0.1412,0.658,13.8,314.64,5551.0,0.19,-0.00072,0.95,1.05
HD 10647 b,HD 10647,989.2,2.015,0.15,221.54,0.3471,0.625,13.8,298.75,6218.0,0.0,0.149,1.11,1.1
HD 134060 b,HD 134060,3.2696,0.0444,0.45,1473.18,730.4602,1.76,3.16,10.1,5966.0,0.14,0.15836,1.095,1.164285
HAT-P-21 b,HAT-P-21,4.12448,0.05037,0.23,1367.0,459.542,3.633781,12.44199,1547.8321,5588.0,0.01,0.18184,1.24,1.21
HD 37124 c,HD 37124,885.5,1.71,0.125,204.73,0.2641,0.406,14.1,207.22516,5698.64,-0.44,-0.11224,0.85,0.949168
HD 159868 b,HD 159868,1184.1,2.32,0.024,255.69,0.668,1.65,13.3,704.94694,5534.0,-0.08,0.55574,1.19,2.13
HD 187085 b,HD 187085,1019.74,2.1,0.251,229.38,30.5887,0.544,13.9,265.70588,6117.0,0.12,2.13,1.189,1.27
HD 216437 b,HD 216437,1359.0,2.57,0.31,209.85,0.3389,3.34,13.0,1334.8793094,5909.0,0.2,0.35,1.22,1.394
HD 187123 c,HD 187123,3810.0,4.89,0.252,135.42,0.056,2.18,13.2,912.16752809,5790.0,0.09,0.12713,1.04,1.15043
HD 216770 b,HD 216770,118.45,0.46,0.37,370.18,3.7539,0.355,14.1,181.1631,5399.0,0.27,-0.1,0.74,0.93
HD 18742 b,HD 18742,766.0,1.82,0.04,399.93,4.1964,2.64,13.1,1080.622,4940.0,-0.04,1.14301,1.36,5.13
HD 21693 c,HD 21693,53.7357,0.2586,0.07,492.36,9.2712,1.17,4.34,17.37,5430.0,0.0,-0.20761,0.8,0.914378
HD 162020 b,HD 162020,8.4282,0.08,0.28,650.0,39.0625,8.8,12.5,3127.4472,4723.0,-0.1,-0.60206,0.42,0.75
HD 190647 b,HD 190647,1176.45,2.231,0.224,214.19,0.3978,1.44,13.4,630.89255,5656.0,0.23,0.29667,1.069,1.376
HD 190984 b,HD 190984,4885.0,5.5,0.57,152.29,0.089,2.85,13.0,1137.82569706,5988.0,-0.48,0.43,0.91,1.53
HD 192263 b,HD 192263,24.3556,0.15,0.05,486.0,15.0597,0.342,14.2,177.9848,4976.0,0.03,-0.47,0.66,0.74
HD 217786 b,HD 217786,1301.36009,2.446,0.311,207.3,0.3159,13.0,12.3,4402.55909376,5966.0,-0.135,0.27646,1.14,1.27
HD 217107 c,HD 217107,5138.7,5.922,0.3918,123.27,0.0357,3.56,12.9,1388.91013859,5622.0,0.37,0.09754,1.045,1.2245
HD 41004 B b,HD 41004 B,1.3283,,0.081,,,18.1,12.1,5838.29,5036.0,,-0.20175,0.4,1.04137
HD 163607 c,HD 163607,1272.0,2.39,0.08,228.5,0.4605,1.63,13.3,699.54383,5522.0,0.21,0.42,1.12,1.76
HD 192310 c,HD 192310,525.8,1.18,0.32,185.0,0.2765,0.911,5.25,24.0,5166.0,-0.04,-0.41454,0.8,0.857922
HD 4208 b,HD 4208,832.97,1.662,0.042,196.68,0.2878,0.527,13.9,257.4423,5717.0,-0.28,-0.09961,0.883,0.846
HD 164922 b,HD 164922,1207.0,2.16,0.08,159.4,0.1578,0.271,13.3,116.0,5390.0,0.18,-0.14874,0.926,0.946
HD 197037 b,HD 197037,1035.7,2.07,0.22,216.67,0.4042,0.514,13.9,251.0,6150.0,-0.2,0.23857,1.11,1.105
HD 4308 b,HD 4308,15.56,0.12,0.0,799.37,68.8078,1.25,4.12,15.8915,5686.0,-0.35,-0.004,0.93,1.02
Kepler-272 c,Kepler-272,6.057342,0.061,0.0,947.0,310.76,93.7,1.79,97.8,5297.0,0.04,0.06634,0.91,0.929
HD 4313 b,HD 4313,356.21,1.157,0.147,502.39,10.533,1.4,13.4,612.45841,4943.0,0.14,1.14922,1.63,5.14
HD 168746 b,HD 168746,6.404,0.07,0.11,900.0,224.4898,0.345,11.1,85.8141,5570.0,-0.08,0.04139,1.07,1.09
HD 148156 b,HD 148156,1027.0,2.45,0.52,213.76,0.2965,0.553,13.9,270.144,6308.0,0.29,0.25042,1.22,1.21
HD 17092 b,HD 17092,359.89999,1.31,0.17,671.64,33.1963,9.06,12.5,3219.6179,4326.0,0.18,1.75563,6.73,13.58
HD 27894 b,HD 27894,18.01939,0.125,0.047,627.88,22.7604,0.386,14.1,196.73578393,4875.0,0.3,-0.449,0.81,0.891767
HD 28254 b,HD 28254,1333.0,2.45,0.95,212.28,0.3645,3.02,13.0,1207.7479466,5664.0,0.06,0.34,1.1,1.48
HD 148427 b,HD 148427,331.9,1.11,0.12,451.86,4.8905,0.815,13.7,381.3940884,5025.0,0.154,0.78,1.64,3.86
HD 171028 b,HD 171028,550.0,1.32,0.59,374.07,3.1028,1.99,13.2,832.7146,5671.0,-0.48,0.73291,1.53,2.47
HD 204313 c,HD 204313,34.95875,0.211,0.059,634.95,28.2644,1.18,4.31,17.16273398,5767.0,0.18,0.09981,1.03,1.1
HD 30177 b,HD 30177,2539.0,3.49,0.186,148.0,0.0995,7.2,12.6,2622.08435775,5680.0,0.43,0.0835,0.98,1.019
HD 290327 b,HD 290327,2443.0,3.43,0.08,139.7,0.0616,1.8,13.3,772.3269,5505.0,-0.14,-0.14,0.84,0.95
HD 152581 b,HD 152581,686.5,1.66,0.04,426.55,5.4072,1.36,13.4,594.02427,5027.0,-0.46,1.17319,1.3,5.14
HD 177830 b,HD 177830,410.10001,1.14,0.1,399.64,3.7258,1.2,13.5,537.1327,4901.0,0.42,0.68502,1.7,3.26
HD 20794 b,HD 20794,18.314,0.1257,0.064,660.0,43.4733,4.87,1.45,2.7,5368.0,-0.42,-0.16311,0.79,0.93
HD 31253 b,HD 31253,466.0,1.26,0.3,348.36,2.0698,0.386,14.1,197.0546,6130.0,0.17,0.51667,1.7,1.75
HD 178911 B b,HD 178911 B,71.484,0.34,0.11,480.24,7.8319,7.01,12.6,2552.1749,5588.0,0.24,-0.04317,1.24,1.08
HD 155358 b,HD 155358,194.3,0.63,0.17,421.43,5.0212,0.658,13.8,314.6517,5905.0,-0.6,0.29949,1.15,1.38
HD 154857 b,HD 154857,408.60001,1.29,0.46,359.86,2.7638,1.82,13.3,778.6835,5589.0,-0.22,0.66269,1.96,2.3
HD 155358 c,HD 155358,391.9,1.02,0.16,330.92,1.9155,0.534,13.9,261.0,5900.0,-0.51,0.29949,0.92,1.38
HD 210702 b,HD 210702,355.5,1.079,0.071,485.86,9.3194,1.05,13.6,481.5100366,4912.0,-0.02,1.03543,1.33,4.54
HD 3651 b,HD 3651,62.25,0.295,0.645,432.84,6.1123,0.386,10.1,72.46524,5221.0,0.1453,-0.27415,0.799,0.871954
HD 156668 b,HD 156668,4.6455,0.05,0.0,887.48,679.2975,3.49,1.87,4.15,4850.0,0.05,0.23,0.772,0.72
HD 156411 b,HD 156411,842.2,1.88,0.22,304.95,1.5229,0.471,14.0,235.18,5900.0,-0.12,0.731,1.25,2.16
HD 183263 b,HD 183263,624.87404,1.46,0.383,263.26,0.8347,2.7,13.1,1103.1824007,5948.0,0.2776,0.25025,1.06,1.23
HD 63454 b,HD 63454,2.81805,0.04,0.0,1018.06,159.9116,0.234,12.31,79.4575,4812.0,0.1,-0.592,0.42,0.77
HD 89307 b,HD 89307,2166.0,3.27,0.2,166.55,0.1265,1.47,13.4,642.01338214,5955.0,-0.13,0.13131,1.27,1.1
rho CrB b,rho CrB,39.849,0.2245,0.046,614.0,34.7,0.744,13.7,347.995,5817.0,-0.2,0.23198,1.0,1.3617
HD 66428 b,HD 66428,2269.81726,3.395,0.471,159.02,0.1082,10.0,12.4,3478.94974302,5716.0,0.23,0.09579,1.01,1.13
HD 93083 b,HD 93083,144.72,0.508,0.118,311.57,1.59,0.269,14.3,143.34061156,5033.8,0.13,-0.39041,0.836,0.837
HD 69830 b,HD 69830,8.667,0.0785,0.1,872.84,97.7824,1.76,3.17,10.2,5385.0,-0.05,-0.22,0.86,0.886947
TrES-3 b,TrES-3,1.30618581,0.02282,0.0,1638.0,1025.5022,0.994,14.975,607.03,5650.0,-0.19,-0.20412,0.928,0.829
WASP-50 b,WASP-50,1.9551,0.0293,0.009,1394.84,690.3398,1.325,13.069694,466.828704,5400.0,-0.12,-0.19792,0.892,0.843
HD 69830 d,HD 69830,197.0,0.63,0.07,308.1,1.5182,1.13,4.45,18.1,5385.0,-0.05,-0.22,0.86,0.886947
HD 96127 b,HD 96127,638.9,1.41,0.3,947.29,364.3861,3.02,13.0,1207.7479466,3943.0,-0.24,2.86,0.91,35.0
HD 70573 b,HD 70573,851.8,1.76,0.4,206.11,0.3222,4.98,12.8,1900.0,5737.0,-0.18,-0.00083,1.0,0.976919
HD 97658 b,HD 97658,9.4897116,0.0805,0.05,751.0,41.924,4.8,2.12,8.3,5212.0,-0.23,-0.45469,0.85,0.728
V0391 Peg b,V0391 Peg,1170.0,1.7,0.0,519.69,9.375,2.49,13.1,1017.056,29300.0,,1.43287,0.5,0.23
WASP-8 b,WASP-8,8.15872,0.0801,0.31,1059.0,209.118,2.1,12.66617,807.2882,5600.0,0.17,-0.05754,1.34,1.03
WASP-10 b,WASP-10,3.0927616,0.03781,0.0473,1370.0,174.0323,4.14,12.106,1001.12,4675.0,0.03,-0.64029,0.75,0.698
XO-2 N b,XO-2 N,2.61585906,0.03666,0.0,1328.0,428.036,0.715,11.130537,199.91507,5290.0,0.37,-0.08823,0.96,0.998
HD 74156 b,HD 74156,51.63564,0.28,0.636,679.63,32.0951,1.19,13.5,532.36258173,6068.0,0.131,0.40075,1.1,1.510576
HD 99706 b,HD 99706,841.0,1.98,0.25,391.46,3.9282,0.835,13.7,390.9309,4862.0,0.14,1.18752,1.46,5.52
HIP 12961 b,HIP 12961,57.435,0.25,0.17,303.32,1.5889,0.273,13.2,114.4188,3901.0,-0.14,-1.00302,0.69,0.65
HD 45184 b,HD 45184,5.8854,0.0644,0.07,1156.34,272.4625,1.54,3.52,12.19,5869.0,0.04,0.05308,1.03,1.075139
WASP-16 b,WASP-16,3.1186,0.0415,0.0,1389.0,481.917,0.572,13.67498,394.1092,5700.0,0.01,0.01005,1.78,1.14
HD 45364 b,HD 45364,225.79,0.6793,0.067,301.69,1.3804,0.449,9.03,60.16491745,5466.0,-0.17,-0.19586,0.82,0.89
HD 75898 b,HD 75898,422.82,1.2025,0.105,335.16,1.9945,1.94,13.2,810.46243785,6122.0,0.29,0.46,1.295,1.55
Kepler-746 b,Kepler-746,3.48159251,0.0435,0.0,1156.0,421.61,5.67,1.11,1.41,5418.0,0.09,-0.172,0.91,0.93
HD 79498 b,HD 79498,1807.0,2.98,0.575,164.53,0.1207,0.93,13.6,425.8922,5748.0,0.18,0.03,1.08,1.05
HD 48265 b,HD 48265,778.51,1.814,0.211,283.0,1.167,6.46,12.6,2351.9302118,5733.0,0.3,0.58433,1.312,1.901
HD 49674 b,HD 49674,4.94737,0.06,0.09,1113.78,264.2871,0.733,6.2,31.783,5602.0,0.32,-0.02162,1.03,1.02
HIP 57274 c,HIP 57274,32.03,0.178,0.05,437.32,48.8832,0.249,14.2,130.0,4640.0,0.09,0.19,0.73,0.68
HD 52265 b,HD 52265,119.27,0.52,0.27,405.0,7.3281,0.822,13.7,384.5743,6136.0,0.21,0.297,1.204,1.32
HR 8799 e,HR 8799,20815.6,16.4,0.15,1150.0,0.0201,7.74,13.11453,3178.3,7400.0,-0.5,0.73347,1.51,1.49338
HD 5891 b,HD 5891,177.11,0.64,0.07,918.78,96.1914,6.66,12.6,2425.0429,4673.0,-0.37,1.5955,1.93,10.64
HD 85390 b,HD 85390,799.52,1.373,0.5,190.89,0.2281,0.74,6.16,31.46517,5186.0,-0.07,-0.36653,0.758,0.8
xi Aql b,xi Aql,136.97,0.625,0.059,973.07,149.8624,1.41,13.4,616.90493799,4841.0,-0.11,1.76745,1.74,10.86
WASP-35 b,WASP-35,3.16158,0.04317,0.0,1338.29,758.1026,0.378,14.5717,225.6593,5990.0,-0.15,0.1443,1.05,1.08
TOI-1408 b,TOI-1408,4.42587,0.05778,0.0023,1293.0,465.179,0.18,25.0,593.0,6117.0,0.25,0.47129,1.312,1.53
TOI-2524 b,TOI-2524,7.18585,0.073,0.0,1100.0,210.609,0.79,11.2089807,203.41018048,5831.0,0.06,0.11628,1.007,1.119
HD 219415 b,HD 219415,2093.3,3.2,0.4,221.26,0.4071,0.665,13.8,317.83,4820.0,-0.04,0.62,1.0,2.9
WD 0806-661 b,WD 0806-661,,2500.0,,357.0,,6.89,12.10569916,2224.798849,10393.0,,,0.605,
WASP-99 b,WASP-99,5.75251,0.0717,0.0,1480.0,2005.426,2.79,11.43318,772.3269,6150.0,0.21,0.5433,1.21,1.64
HD 32963 b,HD 32963,2372.0,3.41,0.07,157.63,0.0996,1.5,13.4,657.90480249,5727.0,0.11,0.06398,0.94,1.111044
K2-133 b,K2-133,3.07133,0.03194,,665.21,32.5438,5.39,1.34,2.36,3655.0,,-1.47886,0.461,0.455
HATS-53 b,HATS-53,3.8537768,0.04753,0.33,1312.0,471.61,0.303,15.02006,189.10885,5644.0,,0.04532,0.964,1.101
Kepler-286 b,Kepler-286,1.796302,0.027,0.0,1367.0,850.1,5.97,1.24,2.07,5580.0,-0.25,-0.11623,0.83,0.863
TOI-283 b,TOI-283,17.61745,0.123,0.0,661.0,30.4,2.81,2.34,6.54,5213.0,-0.09,-0.33724,0.8,0.85
Kepler-69 b,Kepler-69,13.722341,0.094,0.16,779.0,123.517,2.76,2.24,5.65,5638.0,-0.29,-0.097,0.81,0.93
TOI-2525 b,TOI-2525,23.2856,0.1511,0.17,512.97,16.3643,0.225,8.67575106,26.69758619,5096.0,0.14,-0.44009,0.849,0.785
HD 169830 b,HD 169830,225.67372,0.765,0.294,345.0,7.8465,1.92,13.2,804.42369812,6300.0,0.21,0.662,1.17,1.935709
HD 192699 b,HD 192699,340.94,1.063,0.082,495.11,9.0351,1.52,13.4,666.17168,5041.0,-0.15,1.009,1.38,4.41
Pr0211 b,Pr0211,2.1461,0.03176,0.011,1304.13,457.3078,1.36,13.4,597.5204,5300.0,0.18,-0.33603,0.935,0.827
HATS-3 b,HATS-3,3.547851,0.0485,0.0,1648.0,1212.0044,0.51,15.48,340.382,6351.0,-0.157,0.456,1.209,1.404
HD 33844 c,HD 33844,916.0,2.24,0.13,360.22,2.8101,1.24,13.5,556.2025,4861.0,0.27,1.14922,1.78,5.29
HATS-29 b,HATS-29,4.6058749,0.05475,0.158,1212.0,356.0,0.411,14.022459,207.54299,5670.0,0.16,0.02938,1.032,1.073
K2-138 b,K2-138,2.35309,0.03385,0.048,1157.0,486.0,4.9,1.51,3.1,5356.3,0.14,-0.28654,0.935,0.863
gam Lib c,gam Lib,966.49,2.318,0.065,543.71,14.6916,4.36,12.8,1662.56039702,4879.0,-0.27,1.8973,1.78,12.38
TOI-406.01,TOI-406,13.175682,0.0809,0.056,368.0,3.0,4.1,2.08,6.57,3392.0,-0.02,-1.71444,0.408,0.41
Kepler-282 d,Kepler-282,24.806,0.15837,0.0,588.0,52.348,22.5,2.46,61.0,5656.0,-0.2,0.10587,0.97,0.89
TOI-663 b,TOI-663,2.598902,0.0295,,674.0,49.1,2.07,2.27,4.45,3681.0,0.07,-1.37033,0.514,0.512
Kepler-283 b,Kepler-283,11.008151,0.082,0.0,488.0,16.26,2.95,2.13,5.18,4351.0,-0.17,-0.98297,0.596,0.566
HD 195019 b,HD 195019,18.20132,0.14,0.01,901.66,109.862,3.16,13.0,1264.9634,5751.0,0.05,0.3331,1.21,1.48
BD-06 1339 c,BD-06 1339,125.94,0.435,0.31,261.91,0.5024,0.495,8.38,53.0,4324.0,-0.14,-1.022,0.7,0.686355
CoRoT-25 b,CoRoT-25,4.86069,0.0578,0.0,1330.0,414.1434,0.15,12.11,85.81,6040.0,-0.01,0.14101,1.09,1.19
HD 564 b,HD 564,492.3,1.2,0.096,261.1,0.7254,0.295,12.5,104.88,5902.0,-0.2,0.01893,0.961,1.01
HATS-45 b,HATS-45,4.1876244,0.05511,0.24,1518.0,811.3504,0.41,14.414774,222.481,6450.0,0.02,0.42488,1.272,1.315
Kepler-421 b,Kepler-421,704.1984,1.219,0.041,185.0,0.2,1.23,4.16,16.1,5308.0,-0.25,-0.398,0.794,0.757
TOI-663 d,TOI-663,7.1027268,0.0576,,482.0,12.9,4.0,1.92,5.2,3681.0,0.07,-1.37033,0.514,0.512
TOI-1443 b,TOI-1443,23.540678,0.147,0.0,520.66,16.8576,14.0,2.30381001,30.0,5224.0,-0.294,-0.42022,0.7663,0.7511
HAT-P-41 b,HAT-P-41,2.69405,0.04258,0.0,1941.0,2485.0721,0.204,22.97845,378.2177,6390.0,0.21,0.628,2.56,2.05
HD 5608 b,HD 5608,768.7,1.79,0.11,403.72,4.4568,0.793,13.7,371.22357938,4807.0,0.04,1.15473,1.29,5.43
HD 13908 b,HD 13908,19.382,0.154,0.02,993.25,168.6392,0.562,13.9,274.91,6255.0,0.01,0.602,1.29,1.67
HD 108341 b,HD 108341,1129.0,2.0,0.85,155.23,0.1066,1.67,13.3,715.11391575,5122.0,0.04,-0.37001,0.843,0.79
KELT-12 b,KELT-12,5.031623,0.06708,0.0,1800.0,1749.0,0.209,19.95202,301.9385,6279.0,0.19,0.89209,1.591,2.37
HD 34445 f,HD 34445,676.8,1.543,0.031,266.14,0.8442,0.64,6.88,37.9,5836.0,0.14,0.3032,1.07,1.38
HD 34445 e,HD 34445,49.175,0.2687,0.09,637.76,27.8395,1.19,4.26,16.8,5836.0,0.14,0.3032,1.07,1.38
KELT-19 A b,KELT-19 A,4.6117093,0.0637,,1935.0,2340.0,0.744,21.40919,1293.5681,7500.0,-0.12,0.97772,1.62,1.83
KOI-1257 b,KOI-1257,86.647661,0.382,0.772,511.0,7.28,2.1,10.54,460.83,5520.0,0.27,0.0292,0.99,1.13
TOI-1226 b,TOI-1226,3.92880881576,,,1123.44,376.4613,2.51,2.4101112,6.39,5434.91,0.129,-0.04296,1.01,0.986943
K2-219 d,K2-219,11.137278,,,,,2.3,2.57634456,7.16,5753.0,0.13,0.15097,1.021545,1.189232
HD 216435 b,HD 216435,1311.0,2.56,0.07,242.57,0.5501,0.856,13.7,400.4,5999.0,0.244,0.55689,1.3,1.800029
HD 23079 b,HD 23079,735.74,1.6,0.07348,237.47,0.5273,2.02,13.2,845.42356262,5994.0,-0.129,0.13033,1.16,1.08
BD+49 828 b,BD+49 828,2590.0,4.2,0.35,320.63,1.673,1.14,13.5,508.5,4943.0,-0.19,1.47,1.52,7.6
HD 20794 e,HD 20794,147.02,0.509,0.29,352.04,2.6513,3.13,2.03,4.77,5401.0,-0.4,-0.16311,0.813,0.93
K2-239 b,K2-239,5.24,0.0441,,502.0,8.227,5.66,1.1,1.37,3420.0,-0.1,-1.79588,0.4,0.36
TOI-880.02,TOI-880,2.57571,0.0349,,1085.0,301.8661,2.84,2.19,5.43,5050.0,0.23,-0.44771,0.87,0.83
TOI-1232 b,TOI-1232,14.256,0.117,0.065,785.71,90.0659,0.926,10.92875618,220.57291446,5823.0,0.18,0.07298,1.058,1.072
WASP-71 b,WASP-71,2.90367,0.046,0.0,2016.1,3384.6097,1.1,13.22662,441.7837,6050.0,0.15,0.76845,0.76,1.82
HD 159243 c,HD 159243,248.4,0.8,0.075,349.35,2.0315,1.38,13.4,603.9,6123.0,0.05,0.114,1.125,1.12
HIP 91258 b,HIP 91258,5.0505,0.06,0.02,1024.97,166.6086,0.74,13.7,346.4347,5519.0,0.23,-0.222,0.97,0.89
HIP 109384 b,HIP 109384,499.48,1.134,0.549,213.83,0.3732,1.11,13.5,495.8148,5180.0,-0.26,-0.31878,0.78,0.831075
HD 27894 c,HD 27894,36.07,0.198,0.015,498.89,9.0713,0.506,8.24,51.48846,4875.0,0.3,-0.449,0.8,0.891767
K2-239 d,K2-239,10.115,0.0685,,399.0,3.4099,5.66,1.1,1.37,3420.0,-0.1,-1.79588,0.4,0.36
Kepler-778 b,Kepler-778,3.75574426,0.0453,0.0,977.0,216.568,4.01,1.68,3.46,5102.0,-0.09,-0.41318,0.81,0.77
TOI-1244 b,TOI-1244,6.400316483,0.060694,0.0,714.86,56.63,2.66,2.467,6.6,4599.0,0.034,-0.62893,0.73,0.721
TOI-1466 b,TOI-1466,1.87190602231,,,1001.0,167.099,2.43,2.46741991,6.65,4435.39,,-0.80218,0.66,0.749646
K2-157 b,K2-157,0.3652575,0.00962,,2432.0,6660.0,7.7,0.935,1.14,5334.0,0.02,-0.2102,0.89,0.86
HD 33564 b,HD 33564,388.0,1.1,0.34,344.43,2.8331,8.14,12.5,2892.1,6250.0,-0.12,0.53504,1.25,1.4367
WASP-55 b,WASP-55,4.465631,0.0558,0.0,1342.0,504.0,0.342159,14.72860064,186.2474465,6096.0,-0.03,0.16259,1.071,1.09
ROXs 12 b,ROXs 12,,210.0,0.83,13.23,0.0,15.4,12.2,5085.0,3850.0,0.14,-0.79013,0.87,1.06627
bet UMi b,bet UMi,522.3,1.4,0.19,1040.63,273.9958,5.2,12.7,1938.7,4126.0,-0.27,2.73,1.4,38.3
HD 216536 b,HD 216536,148.60001,0.61,0.38,897.99,169.5666,0.698,13.8,333.7215,4639.0,-0.17,1.8,0.81,9.83
HIP 65407 b,HIP 65407,28.125,0.177,0.14,610.68,20.7979,0.256,14.3,136.03124,5460.0,0.25,-0.18603,0.93,0.952252
HD 12484 b,HD 12484,58.83,0.297,0.07,524.3,11.9305,2.26,13.2,947.1334,5920.0,0.05,0.02217,1.01,1.001848
NGTS-1 b,NGTS-1,2.647298,0.0326,0.016,790.0,65.3,0.42,14.90797,258.07796,3916.0,0.0,-1.15326,0.617,0.573
K2-148 b,K2-148,4.38395,0.0454,,733.87,48.8,5.44,1.33,2.33,4079.0,-0.11,-0.99568,0.65,0.632
K2-158 b,K2-158,10.06049,0.0887,,794.0,87.3327,2.23,2.64,7.46,5503.0,0.07,-0.16298,0.92,0.95
HD 86081 b,HD 86081,2.1378431,0.0346,0.0119,1860.31,2003.7697,1.03,13.6,470.3884,5939.0,0.22,0.38,1.21,1.46
HD 45652 b,HD 45652,44.073,0.237,0.607,508.4,11.2332,0.259,14.3,137.62039,5294.0,0.26,-0.2,0.92,0.94
WASP-62 b,WASP-62,4.41195,0.0571,0.0,1475.3,1817.8874,0.262,14.79588,165.2716,6230.0,0.04,0.3456,1.11,1.23
TOI-1422 b,TOI-1422,12.99894,0.107,0.2,870.0,90.5151,0.93,3.83,9.5,5840.0,-0.028,0.04766,0.9903,1.019
HIP 65426 b,HIP 65426,,92.0,,1500.0,0.0022,3.31,16.8135,2860.47,8840.0,,1.26895,1.96,1.77
K2-148 d,K2-148,9.7579,0.0774,,562.05,16.8,4.15,1.64,3.33,4079.0,-0.11,-0.99568,0.65,0.632
GJ 1265 b,GJ 1265,3.6511,0.026,0.04,424.04,5.3846,2.24,2.63,7.4,3236.0,-0.04,-2.4389,0.178,0.192
HD 6061 b,HD 6061,5.2549,0.06,0.0,1075.31,339.1,3.82,2.42763557,10.0,5934.0,-0.05,0.05538,1.0269,1.0072
FU Tau b,FU Tau,,800.0,,2375.0,0.0,15.4,12.2,5085.28,2838.0,,-0.69897,0.05,
Kepler-19 c,Kepler-19,28.731,0.1765736996,0.21,589.64,22.1608,1.44,3.68,13.1,5544.0,-0.08,-0.16056,0.936,0.859
Kepler-25 d,Kepler-25,122.4,0.4164221832,0.13,544.68,15.2243,0.395,10.0,71.9,6354.0,0.11,0.4216,1.165,1.316
HIP 8541 b,HIP 8541,1852.14387,3.729,0.36,305.12,1.4683,6.73,12.6,2451.7283316,4672.0,-0.19,1.31,2.009,6.84
K2-113 b,K2-113,5.817685,0.0642,0.0,1098.0,277.39,1.97,12.14,410.0007,5660.0,0.27,0.0086,1.04,1.24
K2-152 b,K2-152,32.6479,0.1716,,337.0,2.9,2.68,2.29,5.86,4044.0,0.12,-1.06048,0.63,0.61
K2-243 c,K2-243,24.94598,0.1817,,801.0,80.9171,3.18,2.01,4.7,6570.0,-0.03,0.42675,1.29,1.39
HD 13167 b,HD 13167,2613.0,4.1,0.563,208.79,0.5428,2.57,13.1,1052.0173,5671.0,0.19,0.96025,1.35,2.39
TOI-929 b,TOI-929,5.83015366944,,,774.0,59.7261,2.17,2.68983343,7.7,4457.16,,-0.73994,0.7,0.717414
K2-162 b,K2-162,9.45889,0.0795,,631.0,34.8621,4.91,1.44,2.67,4842.0,-0.17,-0.65691,0.75,0.69
K2-161 b,K2-161,9.283188,,,,,0.747,6.11721229,31.1,4972.0,-0.03,0.91922,0.986876,2.568173
KELT-3 b,KELT-3,2.70339,0.04123,0.0,1816.0,1704.57,0.75,17.48604,616.5902,6304.0,0.05,0.62523,1.96,1.7
KELT-14 b,KELT-14,1.7100566,0.03005,0.0,1970.0,826.113,0.322,19.537287,408.09372,5720.0,0.32,0.27875,1.239,1.52
tau Cet h,tau Cet,49.41,0.243,0.23,473.22,8.3829,5.97,1.19,1.83,5310.0,-0.52,-0.30539,0.783,0.83
K2-154 c,K2-154,7.95486,0.0677,,552.0,20.5,3.06,2.07,4.94,4097.0,0.21,-1.01773,0.65,0.63
K2-246 b,K2-246,5.76918,0.0602,,977.0,194.9508,1.55,3.49,12.0,5610.0,-0.19,-0.15088,0.87,0.94
TOI-969 b,TOI-969,1.8237305,0.02636,,941.0,188.0,2.34,2.765,9.1,4435.0,0.175,-0.70042,0.734,0.671
TOI-1291 b,TOI-1291,7.1620097551,,,1649.0,1230.42,0.831,5.63826391,27.1,6139.95,,0.64816,1.2,1.8109
HD 220689 b,HD 220689,2266.4,3.396,0.054,160.11,0.1074,0.815,13.7,381.3940884,5921.0,-0.07,0.093,1.016,1.068
GJ 163 b,GJ 163,8.63182,0.0607,0.073,438.49,5.3165,1.7,3.25,10.6,3500.0,0.1,-1.708,0.4,0.409738
WASP-104 b,WASP-104,1.7554137,0.02918,0.0,1516.0,867.7365,1.074,12.745,404.263,5475.0,0.32,-0.18964,1.076,0.963
HAT-P-53 b,HAT-P-53,1.9616241,0.03159,0.134,1778.0,1400.0226,0.8,14.773462,471.65972,5956.0,0.0,0.21748,1.093,1.209
HD 111591 b,HD 111591,1056.4,2.5,0.26,422.08,6.0912,3.58,12.9,1398.452,4884.0,0.07,1.58058,1.94,8.03
K2-155 b,K2-155,6.342,0.0562,,708.0,19.9,3.67,1.8,3.89,4258.0,-0.3,-1.22915,0.65,0.58
HD 180053 b,HD 180053,213.72,0.843,0.081,542.98,17.673,1.63,13.3,697.31902,5131.0,0.25,1.09897,1.75,4.06
TOI-1669 c,TOI-1669,2.6800535,0.0376,0.0,1285.16,342.997,6.0,2.2963977,13.0,5497.0,0.274,-0.03574,0.9867,1.0561
K2-165 d,K2-165,14.101361,,,629.38,37.0819,2.22,2.64809498,7.5,5185.0,-0.05,-0.36982,0.834847,0.803827
DENIS-P J082303.1-491201 b,DENIS-P J082303.1-491201,246.36,0.36,0.345,,,29.5,11.9,9057.77,,,,0.075,
NGC 2682 YBP 1514 b,NGC 2682 YBP 1514,5.118,,0.28,,,0.255,14.0,127.132,5725.0,0.03,-0.01797,0.96,0.89
HD 14067 b,HD 14067,2744.0,5.15,0.65,360.28,2.9812,14.7,12.2,4862.7746271,4815.0,-0.1,1.898,2.4,12.4
K2-30 b,K2-30,4.098503,0.04839,0.0,1092.0,299.0,0.64,11.646151,184.02357,5425.0,-0.15,-0.25649,0.9,0.844
YZ Cet d,YZ Cet,4.65626,0.02851,0.07,356.7,2.7,5.48,1.03,1.09,3151.0,-0.18,-2.65857,0.142,0.157
Kepler-90 i,KOI-351,14.44912,0.1201380843,0.0,709.0,128.579,5.5,1.32,2.3,6015.0,0.098,0.26853,1.12,1.29
HD 75784 c,HD 75784,7900.0,8.4,0.489,149.31,0.0808,4.7,12.8,1792.5612,4867.0,0.25,0.756,1.26,3.4
WASP-56 b,WASP-56,4.6171,0.05614,0.0,1216.0,447.82,0.583,10.53646,143.0235,5600.0,0.12,0.10256,0.71,0.96
GJ 667 C g,GJ 667 C,256.2,0.549,0.08,,0.0455,3.21,1.99,4.6,3350.0,-0.55,-1.863,0.33,
WASP-135 b,WASP-135,1.4013794,0.0243,0.0,1403.66,917.4101,1.16,14.5717,603.877,5675.0,0.02,-0.32573,0.98,0.96
CoRoT-32 b,CoRoT-32,6.71837,0.071,,938.0,132.26,1.1,6.38913,47.6745,5970.0,0.0,-0.1549,1.08,0.79
TOI-1054.01,TOI-1054,15.5077855,,,853.0,88.0718,2.48,2.43432,6.5,6122.0,,0.23193,1.14,1.17
Kepler-504 b,Kepler-504,9.549275422,0.0646,0.0,374.0,5.991,4.31,1.59,3.15,3519.0,-0.31,-1.57681,0.33,0.33
KMT-2025-BLG-0975L b,KMT-2025-BLG-0975L,,0.81,,,,0.77,5.97,29.8,,,,0.1,
TOI-1691 b,TOI-1691,16.736888935,0.129365,0.0,703.49,59.13,1.76,3.66,14.6,5759.0,0.052,-0.03058,1.03,1.0
K2-221 b,K2-221,2.399094,,,,,4.02,1.67890272,3.46,5716.0,0.13,-0.06367,1.010842,0.947599
GJ 504 b,GJ 504,,43.5,,510.0,0.0011,3.94,12.10569916,1271.3,6234.0,0.28,0.332,1.22,1.26
WASP-68 b,WASP-68,5.0843,0.06206,0.0,1490.0,843.4794,0.665,14.79588,343.2564,5910.0,0.22,0.505,1.49,1.79
psi1 Dra B b,psi1 Dra B,3117.0,4.43,0.4,159.48,0.1079,1.09,13.5,486.2799,6212.0,0.01,0.32579,1.19,1.255735
K2-118 b,K2-118,50.92092,0.245,0.2,394.64,4.3,2.34,2.54,6.99,4726.29,0.129,-0.56055,0.756446,0.734626
GJ 3942 b,GJ 3942,6.905,0.0608,0.121,590.0,20.5207,2.31,2.57,7.14,3867.0,-0.04,-1.12,0.63,0.61
Kepler-1654 b,Kepler-1654,1047.8356,2.026,0.26,206.0,0.3,1.2,9.180171,158.915,5597.0,-0.088,0.08991,1.011,1.179
TOI-1695 b,TOI-1695,3.1342791,0.033548,0.097,698.0,39.0,5.0,1.9,6.36,3690.0,0.0,-1.3536,0.513,0.515
Kepler-750 b,Kepler-750,9.42887179,0.08742,0.0,1163.0,255.74,1.83,3.07,9.64,6160.0,0.03,0.34371,1.15,1.23
WASP-78 b,WASP-78,2.17518,0.03488,0.0,2469.7,4812.6238,0.131,21.63337,352.7913,6100.0,-0.35,0.76274,1.87,2.46
HD 66141 b,HD 66141,480.5,1.2,0.07,880.31,120.6806,5.0,12.8,1906.9,4323.0,-0.323,2.24,1.1,21.4
HD 203030 b,HD 203030,,487.1,,1040.0,0.0,6.35,14.4595851,3496.112477,5603.0,0.3,-0.2272,0.94,0.856458
WASP-88 b,WASP-88,4.954,0.06431,0.0,1772.0,1489.5543,0.141,16.36514,133.4886,6430.0,-0.08,0.72351,0.94,1.8
Wolf 1061 d,Wolf 1061,217.21,0.47,0.55,130.24,0.06,2.17,2.69,7.7,3342.0,-0.09,-1.9914,0.294,0.307
K2-130 b,K2-130,2.49412,0.032,0.17,1013.11,136.4,5.91,1.25,2.1,4356.47,-0.24,-0.79892,0.69563,0.744261
K2-129 b,K2-129,8.239493,0.057,0.13,419.19,4.5,5.47,1.04,1.12,3459.09,,-1.82842,0.360031,0.36001
HD 147379 b,HD 147379,86.58,0.3193,0.063,276.66,0.7847,0.985,4.94,21.6,4090.0,0.16,-1.09691,0.58,0.628304
HATS-42 b,HATS-42,2.292102,0.03689,0.229,1856.0,1637.2058,0.83,15.6926,597.5204,6060.0,0.22,0.42488,1.273,1.48
WASP-144 b,WASP-144,2.2783152,0.0316,0.0,1260.0,775.8849,0.95,9.52765,139.8452,5200.0,0.18,-0.12928,0.81,0.81
HD 83443 c,HD 83443,8241.0,8.0,0.76,89.95,0.0123,1.04,13.6,476.7426105,5442.0,0.34,-0.10403,1.0,0.94
TOI-1347 c,TOI-1347,4.841962,0.0546,0.0,1000.0,183.6642,4.1,1.6,6.4,5464.0,0.04,-0.25964,0.913,0.83
HD 108147 b,HD 108147,10.8985,0.102,0.53,890.0,193.0925,0.352,10.9,82.95,6255.73,0.1803,0.30297,1.22,1.20664
CHXR 73 b,CHXR 73,,210.0,,,,11.8,12.3,3994.486,3099.0,,,0.35,
KIC 8540376 b,KOI-7892,31.8099,,,,,1.26,4.1,15.8,6474.0,-0.16,0.2987,1.04,1.26
HATS-51 b,HATS-51,3.3488702,0.04639,0.33,1553.0,740.2246,0.34,15.80469,244.09344,5758.0,,0.30963,1.187,1.44
K2-233 b,K2-233,2.467583,0.03293,0.0,1127.0,269.0,5.7,1.315,2.4,4796.0,-0.082,-0.52288,0.79,0.71
Kepler-814 b,Kepler-814,6.1469851,0.0695,0.0,1164.0,935.124,2.96,2.12,5.14,6162.0,0.01,0.66937,1.15,1.22
HD 18599 b,HD 18599,4.1374354,0.048,0.34,863.0,145.0,7.5,2.6,24.1,5145.0,0.0,-0.42946,0.863,0.767
Kepler-127 c,Kepler-127,29.393195,0.2,0.03,698.0,61.688,2.21,2.66,7.56,6106.0,0.2142,0.40651,1.248,1.359
HIP 55507 b,HIP 55507,5138.43727,5.062,0.362,76.05,0.0056,7.1,12.6,2585.53409095,4171.0,,-0.8453,0.65,0.723643
NGC 2682 Sand 1429 b,NGC 2682 Sand 1429,77.48,0.384,0.0,683.0,37.2589,1.31,13.4,572.0911326,6000.0,-0.013,0.73989,1.26,2.13
Kepler-955 b,Kepler-955,14.53244172,0.1083,0.0,664.0,33.091,1.78,3.13,9.96,5350.0,0.02,-0.4085,0.89,0.84
Kepler-962 b,Kepler-962,12.05707239,0.09874,0.0,689.0,53.823,3.26,1.97,4.54,5478.0,0.01,-0.26115,0.93,0.86
TOI-5678 b,TOI-5678,47.73022,0.249,0.14,513.0,3.8369,0.928,4.91,20.0,5485.0,0.0,-0.13069,0.905,0.938
HD 155918 c,HD 155918,17202.19446,13.183,0.071,77.38,0.006,4.92,12.8,1878.04805696,5771.84,-0.6616,0.01635,1.03,1.01906
TOI-6034 b,TOI-6034,2.576184,0.02949,0.04,714.0,43.0,0.82,11.92,254.0,3635.0,-0.09,-1.4034,0.514,0.489
HD 101581 b,HIP 56998,4.46569,0.046,,834.0,80.0,5.2,0.956,0.827,4675.0,-0.343,-0.78186,0.653,0.63
Kepler-922 b,Kepler-922,0.938466832,0.01795,0.0,1876.0,2142.634,4.99,1.42,2.6,5671.0,-0.05,-0.13328,0.95,0.93
Barnard c,Barnard's star,4.1244,0.0274,0.08,400.0,4.7285,4.49,0.743,0.335,3195.0,-0.56,-2.44977,0.162,0.185
TIC 32032563 b,TIC 32032563,13.83460487791,,,,,1.56,3.47739942,11.9,5567.93,,0.01512,1.05,1.00188
Kepler-911 b,Kepler-911,20.310501,0.15594,0.0,931.0,198.725,2.27,2.6,7.27,6112.0,0.03,0.70686,1.34,1.99
HD 16905 b,HD 16905,10256.0,8.8,0.68,69.63,0.0039,10.4,12.4,3591.4609991,4866.12,0.2405,-0.51804,0.85,0.77494
HD 184010 b,HD 184010,286.6,0.94,0.0,545.04,14.8144,0.306,12.1,98.52680617,4971.0,-0.17,1.11694,1.35,4.86
TOI-6041 b,TOI-6041,26.04945,0.1651,,605.6,22.4,1.79,4.55,28.9,5445.0,0.104,-0.21254,0.885,0.879
TOI-6281 b,TOI-6281,1.05426244177,,,2240.0,4181.02,3.36,1.92416074,4.36,4533.23,-0.09,-0.68565,0.65,0.874219
TOI-4600 c,TOI-4600,482.8191,1.152,0.21,191.0,48.3867,,9.42,2946.26933289,5170.0,0.16,-0.37675,0.89,0.81
Luhman 16 b,Luhman 16 A,9697.0,3.52,0.344,,0.0,30.5,11.9,9344.1551658,,,-4.66,0.0338,
Barnard b,Barnard's star,3.1542,0.0229,0.03,438.0,6.76,4.4,0.72,0.299,3195.0,-0.56,-2.44977,0.162,0.185
Barnard e,Barnard's star,6.7392,0.0381,0.04,340.0,2.4456,4.1,0.637,0.193,3195.0,-0.56,-2.44977,0.162,0.185
HD 224018 c,HD 224018,36.57669,0.217,0.02,641.0,28.2444,4.0,2.42,10.4,5784.0,0.05,0.12385,1.013,1.147
TIC 38825265 b,TIC 38825265,3.31336980985,,,,,2.85,2.18869476,5.43,4375.52,,-0.94114,0.64,0.664503
Kepler-1012 b,Kepler-1012,5.50860439,0.06066,0.0,934.0,191.811,5.66,1.29,2.21,5556.0,0.05,-0.19399,0.95,0.91
Kepler-1754 b,Kepler-1754,8.195949554,0.0718,0.0,672.0,48.2,2.47,2.43996509,6.53,4723.0,0.08,-0.61192,0.734,0.747
LHS 1678 d,LHS 1678,4.9652229,0.04,0.036,462.95,9.1,5.28,0.981,0.907,3490.0,,-1.83863,0.345,0.329
HD 18143 c,HD 18143,28982.41764,17.53,0.194,54.55,0.0016,8.94,12.5,3177.64841319,5078.0,0.28,-0.31953,0.85,0.87
Kepler-935 b,Kepler-935,4.88083852,0.0527,0.0,879.0,94.607,5.34,1.35,2.39,4830.0,-0.01,-0.63887,0.78,0.73
Kepler-879 c,Kepler-879,0.646716,,,,,3.13,0.4,0.0364,5456.75,0.05,0.0334,0.974,1.022
ZTF J1230-2655 b,ZTF J1230-2655,0.23597766,,,2949.65,17889.745,,13.78704626,7024.0077947,10000.0,,-2.86,0.646,0.0123
TIC 270471727 b,TIC 270471727,10.45623256647,,,1147.1,283.9789,2.11,2.75029559,8.0,5271.39,-0.09,-0.17008,0.9,0.997091
TIC 65612701 b,TIC 65612701,10.22467974953,,,,,0.953,5.07802804,22.7,5692.29,,0.50623,1.06,1.73709
Kepler-1014 b,Kepler-1014,16.57110363,0.121,0.0,614.0,33.479,2.54,2.39,6.3,5388.0,-0.06,-0.3365,0.88,0.84
Kepler-1044 b,Kepler-1044,6.77408868,0.0741,0.0,1058.0,218.497,2.2,2.67,7.61,5985.0,0.04,0.03099,1.08,1.11
Kepler-66 b,Kepler-66,17.815815,0.1352,0.0,699.0,62.845,2.07,2.8,8.25,5962.0,-0.2,0.05113,1.038,0.966
Kepler-857 b,Kepler-857,85.35129427,0.3751,0.0,390.0,5.747,0.65,6.8,37.2,5773.0,0.02,-0.07143,0.99,0.99
TOI-6080 b,TOI-6080,8.05562348084,,,919.33,168.812,1.65,3.32424168,11.0,5775.46,,0.02451,1.01,1.06221
Wolf 1069 b,Wolf 1069,15.564,0.0672,,250.1,0.652,5.5,1.08,1.26,3158.0,0.07,-2.53106,0.167,0.1813
TOI-6330 b,TOI-6330,6.8500246,0.05763,0.34,495.0,9.97,13.57,10.89,3179.0,3539.0,0.08,-1.43168,0.531,0.49
ITG 15 b,ITG 15 A,,435.0,,2601.0,,20.7,12.1,6674.396547,,,,,
WISPIT 2 b,WISPIT 2,,57.0,,33.46,0.0002,1.47,17.93436912,1541.46777395,4400.0,,-0.15552,1.08,1.418
NGTS-38 b,NGTS-38,180.52797,0.697,0.3086,457.0,10.1316,4.67,12.11690814,1516.04150139,6310.0,0.33,0.69214,1.46,1.88
TOI-5210 b,TOI-5210,4.5661061,0.0557,0.066,1286.0,456.0,0.364,10.72699453,81.99972901,5723.0,0.324,0.15229,1.105,1.209
TOI-5726.01,TOI-5726,5.491125215,0.062186,,1093.03,338.95,2.33,2.554,7.05,5874.0,,0.11832,1.06,1.106
HD 194490 b,HD 194490,13092.18348,11.116,0.251,90.87,0.0114,10.3,12.4,3561.90295725,5861.32,0.08,0.1474,1.06,1.14911
HD 190228 b,HD 190228,1143.59858,2.406,0.559,267.99,0.8598,4.09,12.9,1598.67688721,5360.0,-0.24,0.697,1.415,2.58658
HD 206893 b,HD 206893,11100.0,10.75,0.069,1429.2,0.0247,12.4,14.01122587,6197.6539365,6500.0,,0.4561,1.31,1.31116
HD 112570 b,HD 112570,2615.0,3.9,0.2,364.01,2.9139,2.66,13.1,1086.97315194,4750.0,-0.4,1.6466,1.15,9.85
HD 154391 b,HD 154391,5163.0,7.46,0.2,253.57,0.685,8.14,12.5,2892.2385037,4909.0,0.1,1.58115,2.07,8.56
G 196-3 b,G 196-3,,350.0,,1670.0,0.0,26.3,12.0,8263.538582,3517.0,,-1.42456,0.519782,0.522432
Kepler-1026 b,Kepler-1026,36.5156053,0.1977,0.0,425.0,5.988,2.81,2.21,5.52,4948.0,-0.02,-0.61688,0.79,0.75
G 261-6 b,G 261-6,5.4536,0.02971,0.0,322.3,1.8,5.66,1.1,1.37,2907.0,,-2.82122,0.118,0.153162
TOI-5789 d,TOI-5789,29.65,0.1756,0.096,545.0,15.2098,3.38,1.91,4.29,5185.0,-0.12,-0.32883,0.821,0.833
TOI-5789 b,TOI-5789,2.76369,0.03608,0.0,1201.0,360.2797,5.82,1.26,2.12,5185.0,-0.12,-0.32883,0.821,0.833
TIC 142589416 b,TIC 142589416,2.09518466313,,,,,2.19,2.67899519,7.65,4396.27,,-0.88783,0.641,0.713832
NGTS-39 b,NGTS-39,58.20472,0.3077,0.386,519.0,16.7057,1.411,12.195371,466.25427307,6053.0,0.196,0.19912,1.16,1.16
Gliese 48 b,Gliese 48,39.6299,0.1752,0.0,271.0,0.89,2.1,2.77,8.11,3450.0,,-1.56384,0.47,0.463
Kepler-993 b,Kepler-993,22.08557563,0.13,0.0,352.0,3.954,1.91,2.97,9.11,3843.0,0.03,-1.22868,0.57,0.54
Kepler-80 d,Kepler-80,3.07222,0.0372,0.0041,722.0,164.625,7.04,1.53,6.75,4540.0,0.04,-0.76955,0.73,0.678
K2-411 b,K2-411,3.2141,0.0511,,1428.52,619.038,5.31,0.9898,0.937,5711.0,0.1415,0.25809,1.018,1.375
HD 169142 b,HD 169142,,37.2,,71.02,0.0042,2.33,13.1,953.485221,7246.0,,0.76845,1.85,1.53702
TOI-6383 A b,TOI-6383 A,1.79058695,0.02292,0.05,745.0,51.3,1.26,11.29,331.0,3444.0,,-1.48678,0.458,0.457
TIC 139270665 b,TIC 139270665,23.624,0.163,0.105,703.0,40.3,2.13,7.22979255,147.15455244,5844.0,0.156,0.03222,1.035,1.016
TOI-7149 b,TOI-7149,2.65206166,0.02603,0.078,593.0,20.6,0.53,13.2,224.0,3363.0,-0.08,-1.91542,0.344,0.351
Kepler-348 b,Kepler-348,7.05677,0.076,0.0,1196.0,438.942,4.57,1.52,2.92,6177.0,-0.03,0.4331,1.189,1.359
TOI-5789 e,TOI-5789,62.98,0.2901,0.071,424.0,5.5729,1.58,3.43,11.61,5185.0,-0.12,-0.32883,0.821,0.833
TIC 154870955 b,TIC 154870955,7.9698747128,,,,,1.81,3.09467466,9.77,4739.58,,-0.5299,0.828,0.724328
Kepler-332 b,Kepler-332,7.626324,0.07,0.0,703.0,53.712,5.87,1.17,1.71,4955.0,-0.13,-0.5837,0.743,0.72
TOI-5238 b,TOI-5238,4.872171,,,1042.0,195.925,0.916,5.22,23.7,5631.0,,-0.02335,1.0,1.02283
Kepler-914 b,Kepler-914,4.40966548,0.05454,0.0,1192.0,568.378,5.19,1.38,2.48,5877.0,0.22,0.24467,1.1,1.15
K2-413 c,K2-413,5.3301,0.0426,,804.55,69.529,6.01,1.2327,2.05,4116.0,-0.205,-0.83322,0.808,0.7
TOI-6086 b,TOI-6086,1.3888725,0.01541,,634.0,26.8,5.89,1.18,1.76,3200.0,0.11,-2.19791,0.254,0.259
Kepler-314 c,Kepler-314,5.960392,0.064,0.0,890.0,149.977,1.97,2.9,8.75,5378.0,0.322,-0.22569,0.99,0.95
HIP 29442 c,TOI-469,3.5379559,0.04518,,1123.0,451.0,6.3,1.551,4.5,5289.0,0.24,-0.14921,0.901,0.98
HD 63433 d,HD 63433,4.209075,0.0503,0.16,1040.0,296.4321,5.56,1.073,1.25,5688.0,0.03,-0.12494,0.99,0.912
Kepler-317 b,Kepler-317,5.524242,0.061,0.0,976.0,151.652,66.1,2.09,109.8,5497.0,0.13,-0.2078,0.865,0.941
TOI-7384 b,TOI-7384,6.2340258,0.0439,0.4,378.0,4.9,1.51,3.56,12.4,3185.0,0.0,-2.02507,0.318,0.319
Kepler-1768 b,Kepler-1768,15.13589954,0.1286,0.0,933.0,179.16,2.77,2.23346338,5.62,6050.0,0.14,0.28665,1.24,1.572
Kepler-981 b,Kepler-981,4.469757736,0.0535,0.0,1103.0,337.471,2.65,2.31,5.95,5718.0,0.01,-0.08124,0.98,0.96
Kepler-1043 b,Kepler-1043,38.5053398,0.2159,0.0,532.0,21.692,2.33,2.55,7.04,5629.0,-0.11,-0.07309,0.92,0.9
TOI-5777 b,TOI-5777,6.91716177373,,,602.0,21.9209,1.81,3.09551273,9.78,4408.03,,-0.89438,0.658,0.671912
HIP 113103 b,HIP 113103,7.610303,0.06899,0.17,721.0,55.7356,3.59,1.829,4.0,4930.0,-0.1,-0.57629,0.761,0.742
UCAC3 113-933 b,UCAC3 113-933,,6100.0,,1.79,0.0,20.7,12.1,6674.396547,3864.0,-0.95,-1.19385,0.61,0.564484
HD 73344 c,HD 73344,65.94,0.3388,0.124,562.57,15.9205,0.265,13.5,118.54999581,6148.0,0.16,0.26184,1.19,1.22
Kepler-139 f,Kepler-139,355.0,,,,,0.667,6.67,36.0,5630.0,0.35,0.01598,1.078,1.045
TIC 249022743 b,TIC 249022743,2.25719681538,,,,,1.03,4.79568155,20.6,5567.58,,0.12392,1.0,1.2084
TIC 260969020 b,TIC 260969020,8.48584501953,,,,,2.78,2.22686612,5.59,4572.94,,-0.68492,0.75,0.68988
Kepler-62 e,Kepler-62,122.3874,0.427,0.0,270.0,1.352,,1.61,36.0,4925.0,-0.37,-0.678,0.69,0.64
HD 105618 c,HD 105618,77114.07158,35.731,0.126,51.64,0.0012,27.5,11.9,8419.59232984,5671.0,,0.17967,1.01,1.27399
HIP 113103 c,HIP 113103,14.245648,0.10479,0.17,585.0,180.487,2.52,2.4,6.35,4930.0,-0.1,-0.57629,0.761,0.742
Kepler-1053 b,Kepler-1053,2.414351654,0.0315,0.0,953.0,139.818,5.28,0.98,0.904,4529.0,0.1,-0.89512,0.74,0.69
Kepler-102 d,Kepler-102,10.311767,0.08618,0.092,686.0,36.9,10.7,1.154,3.0,4909.0,0.11,-0.58436,0.803,0.724
HD 196067 c,HD 196067,4.601088,,0.235,,,1.73,3.21,10.4,6072.0,0.213,0.549,1.16,1.71
GJ 887 d,GJ 887,50.77,0.212,,241.0,0.81,2.62,2.34,6.1,3688.0,-0.06,-1.43415,0.495,0.468
Kepler-347 b,Kepler-347,12.79836,0.11,0.0,908.0,180.549,3.26,1.97,4.54,6088.0,-0.14,0.34232,0.922,1.005
HD 11112 b,HD 11112,17244.90764,13.38,0.285,94.51,0.0133,7.14,12.6,2598.56505563,5905.64,0.1869,0.37657,1.07,1.47368
TIC 393818343 b,TIC 393818343,16.24921,0.1291,0.6058,805.5,2.28,4.22,12.18416202,1379.37528638,5756.0,0.318,0.06744,1.082,1.086
Kepler-1032 b,Kepler-1032,3.290117953,0.0361,0.0,802.0,176.144,3.5,1.87,4.16,4647.0,0.16,-0.65547,0.77,0.71
HD 284149 AB b,HD 284149 A,,431.16,,2395.0,0.0,26.6,12.0,8352.53053596,6035.0,,0.34242,1.13,1.36
WASP-132 d,WASP-132,1816.6,2.71,0.12,107.0,0.0363,4.3,12.8,1639.99458012,4686.0,0.15,-0.57512,0.789,0.758
K2-157 c,K2-157,25.942,0.165,0.2,587.0,22.65,0.753,6.08,30.8,5334.0,0.02,-0.2102,0.89,0.86
KOINTREAU-4 b,2MASS J16262785-2625152,,182.0,,,,14.7,12.2,4862.7746271,3252.0,,,,
TIC 390586021 b,TIC 390586021,2.74703755819,,,,,2.01,2.86009388,8.55,4434.81,,-0.85517,0.648,0.726565
HD 113337 c,HD 113337,5429.93477,6.805,0.164,153.36,0.0926,19.5,12.1,6299.67685515,6774.0,0.07,0.63246,1.41,1.5
HD 94771 b,HD 94771,2164.0,3.48,0.39,200.79,0.271,0.324,14.2,169.0,5631.0,0.22,0.51587,1.2,1.903
TOI-6695 b,TOI-6695,80.389,0.402,0.04,599.0,85.9385,0.41,9.52763359,66.74396547,6400.0,0.2,0.54033,1.338,1.517
Gaia-5 b,Gaia-5,358.62,,0.6423,,,20.6,12.1,6633.07885409,3447.0,-0.18,-1.82594,0.339,0.345
DMPP-2 d,DMPP-2,16.491,0.1432,0.1,1105.06,61.9324,0.323,11.6,91.79,6500.0,,0.1038,1.41,1.78
TIC 423703298 b,TIC 423703298,4.03712711976,,,,,2.09,2.77230429,8.11,4540.37,,-0.73914,0.691,0.729825
Kepler-335 b,Kepler-335,6.562331,0.075,0.0,1290.0,721.124,1.61,3.39,11.4,5877.0,0.278,0.57766,1.367,1.854
Kepler-1023 b,Kepler-1023,62.1387714,0.30284,0.0,524.0,6.978,2.24,2.63,7.41,5494.0,0.05,-0.1926,0.93,0.89
TOI-5592 b,TOI-5592,2.6085846,0.03935,0.062,1789.0,1712.0,0.22,17.14974047,285.72773789,6237.0,-0.013,0.4216,1.194,1.393
HD 122562 c,HD 122562,84.96276,0.406,0.228,552.02,15.4863,0.39,10.1,73.10053361,4956.0,,0.407,1.241,2.16627
HD 115404 A c,HD 115404 A,15319.22517,11.364,0.211,61.22,0.0023,9.23,12.5,3279.67133183,5019.17,-0.1568,-0.5197,0.83,0.727007
GJ 1002 c,GJ 1002,21.202,0.0738,,181.7,0.257,5.61,1.1,1.36,3024.0,-0.25,-2.85201,0.12,0.137
Kepler-932 b,Kepler-932,1.921437396,0.02876,0.0,1276.0,562.217,5.24,1.37,2.45,5331.0,-0.01,-0.32176,0.87,0.84
TOI-6707 b,TOI-6707,3.83479363758,,,1509.43,1226.7862,0.813,5.72673066,27.8,6289.49,-0.0801,0.49111,1.14,1.58202
Kepler-139 e,Kepler-139,2047.635373,3.23579639,0.013121,154.06,0.0991,0.808,13.7,378.0,5622.0,0.35,0.01598,1.078,1.045
Kepler-328 c,Kepler-328,71.312,0.354,0.0,475.0,22.025,0.6,5.4,39.4,6064.0,0.08,0.44013,1.15,1.06
TOI-7510 d,TOI-7510,48.864468,0.2672,0.04,542.4,20.6036,0.89,10.52,190.0,5720.0,0.25,0.01115,1.063,1.035
Kepler-138 d,Kepler-138,23.0923,0.1288,0.01,345.0,3.4,3.6,1.51,2.1,3841.0,-0.18,-1.25181,0.535,0.535
Kepler-1779 b,Kepler-1779,16.34359932,0.1264,0.0,730.0,67.34,1.86,3.03295685,9.44,5730.0,0.16,-0.04999,1.008,1.056
Kepler-973 b,Kepler-973,49.6077331,0.2489,0.0,402.0,7.892,3.28,1.96,4.5,5213.0,-0.06,-0.34416,0.86,0.78
TOI-5595 b,TOI-5595,5.99002553853,,,621.0,24.7628,1.04,4.73740402,20.1,4417.3,,-0.84376,0.645,0.743344
HD 203387 b,HD 203387,512.5352,1.771,0.732,610.0,23.0974,2.7,13.1,1106.04285636,5174.32,0.05,1.86,2.817,10.5852
TOI-6016 b,TOI-6016,4.023687,0.055,0.0,1890.0,940.0,0.81,13.67495645,371.85923619,6110.0,0.28,0.4609,1.31,1.51
HIP 99770 b,HIP 99770,18600.0,15.8,0.31,135.17,0.0555,16.4,12.2,5403.082919,8000.0,,1.14176,1.9,1.93986
Kepler-1772 b,Kepler-1772,3.215090036,0.04391,0.0,1155.0,1485.0,2.18,2.68609988,7.68,5541.0,0.12,0.47201,0.942,0.934
GJ 2126 b,GJ 2126,272.7,0.71,0.85,203.08,0.2833,0.903,13.6,413.1769291,4159.0,0.6,-0.84527,0.65,0.728
TOI-5616 b,TOI-5616,2.002849,0.0272,0.0,939.0,137.0,,10.78,624.0,3996.0,0.14,-0.99268,0.666,0.646
Kepler-408 b,Kepler-408,2.46502,0.03592,0.0,1561.0,1503.581,,0.82,5.0,6104.0,-0.2,0.28298,1.08,1.23
Gaia23braL b,Gaia23braL,,4.847,,129.2,0.0464,1.16,13.5,518.06030341,5055.0,,0.03781,0.774,1.36181
Kepler-10 d,Kepler-10,151.06,0.5379,0.19,387.0,3.9198,1.55,3.49,12.0,5708.0,-0.15,0.05467,0.91,1.065
GJ 3988 b,GJ 3988,6.9442,0.0405,0.0,348.0,2.45,3.85,1.74,3.69,3273.0,-0.12,-2.39513,0.1842,0.19734
TOI-1408 c,TOI-1408,2.1664,0.03587,0.1353,1864.0,2005.35,3.8,2.22,7.6,6117.0,0.25,0.47129,1.312,1.53
HD 68475 b,HD 68475,7832.0,7.27,0.62,79.88,0.0068,4.3,12.8,1639.99458012,5022.0,0.07,-0.44562,0.83,0.79099
HD 48265 c,HD 48265,10418.0,10.4,0.41,124.28,0.0355,3.62,12.9,1414.33641115,5805.0,0.39,0.58433,1.38,2.05
Kepler-958 b,Kepler-958,9.7678805,0.08631,0.0,749.0,73.59,3.08,2.06,4.9,5421.0,0.01,-0.28165,0.91,0.86
TOI-5624 d,TOI-5624,13.731468,0.1067,0.0,712.6,157.055,0.59,3.584,4.9,5327.0,-0.023,-0.31336,0.858,0.82
KOI-351 d,KOI-351,59.73667,0.32,0.0,520.0,18.168,2.0,2.87,8.6,6080.0,-0.12,0.26853,1.2,1.2
Kepler-20 e,Kepler-20,6.0984882,0.0637,0.092,1004.0,169.8,7.5,0.821,0.76,5495.0,0.07,-0.16451,0.929,0.9164
nu Oct A b,nu Oct A,402.4,1.24,0.195,477.33,8.5848,1.63,13.3,696.04421133,4910.0,0.18,1.12057,1.57,5.04
TOI-1288 c,TOI-1288,416.0,1.07,0.0,245.88,0.6114,0.344,11.1,85.7,5388.0,0.257,-0.1549,0.9552,0.9583
Kepler-104 c,Kepler-104,23.668205,0.153,0.0,668.0,45.438,2.994855,3.13,7.14430805,5711.0,-0.42,0.08926,0.818,1.349
Kepler-507 b,Kepler-507,3.568096926,0.04781,0.0,1407.0,877.327,14.828486,1.3,5.69692195,6113.0,0.06,0.32648,1.16,1.32
HN Lib b,HN Lib,36.116,0.1417,0.079,234.4,0.503,2.82,2.2,5.46,3347.0,-0.18,-1.99542,0.291,0.299
Kepler-49 d,Kepler-49,2.576549,0.031,0.0,717.0,64.39,20.0,1.6,235.982,4252.0,0.03,-1.13077,0.549,0.559
HIP 10090 b,HIP 10090,2960.0,3.87,0.115,163.17,0.1074,3.08,13.0,1229.99593509,5661.0,0.47,0.20641,0.94,1.38268
Kepler-346 b,Kepler-346,6.511127,0.071,0.0,1008.0,134.357,2.21,2.66,7.56,6033.0,0.1,-0.15256,0.943,1.021
Kepler-265 d,Kepler-265,43.130617,0.236,0.0,554.0,18.941,2.41,2.49,6.76,5835.0,-0.11,0.00548,0.97,1.103
Kepler-399 b,Kepler-399,14.425281,0.103,0.0,773.0,35.63,5.22,0.96,0.84,5502.0,0.14,-0.418,0.902,0.68
Kepler-110 c,Kepler-110,31.719775,0.198,0.0,743.0,45.336,2.81,2.21,5.52,5960.0,-0.1498,0.27598,0.989,1.149
Kepler-1248 b,Kepler-1248,7.46725407,0.0806,0.0,1035.0,271.25,5.89,1.18,1.76,6149.0,0.24,0.276,1.21,1.21
Kepler-1269 b,Kepler-1269,37.3331536,0.23611,0.0,657.0,69.004,4.17,1.63,3.29,5998.0,0.07,0.5557,1.1,1.15
Kepler-1314 b,Kepler-1314,5.424749281,0.0504,0.0,625.0,36.05,0.943,5.11,22.9,4188.0,-0.22,-1.89109,0.6,0.59
Kepler-1870 b,Kepler-1870,3.606940031,0.0452,0.0,1046.0,287.6,3.0,2.10143764,5.07,5508.0,0.07,-0.22577,0.955,0.84
Kepler-236 b,Kepler-236,8.295611,0.065,0.0,469.0,15.632,4.39,1.57,3.09,3750.0,-0.05,-1.22915,0.596005,0.51
Kepler-125 c,Kepler-125,5.774464,0.051,0.0,529.0,16.81,4.47,0.74,0.33,3810.0,-0.14,-1.3279,0.542101,0.512
Kepler-304 d,Kepler-304,9.653471,0.08,0.0,611.0,33.16,2.11,2.75,8.0,4731.0,0.03,-0.6616,0.737,0.687
Kepler-326 d,Kepler-326,6.766888,0.066,0.0,781.0,180.644,21.4,1.21,6.9,5105.0,0.2385,-0.15657,0.91,0.801
Kepler-126 c,Kepler-126,21.869741,0.162,0.19,790.0,112.128,1.695536,1.58,1.27942148,6239.0,-0.16,0.452,1.108,1.358
Kepler-400 c,Kepler-400,17.340824,0.134,0.0,755.0,76.86,4.7,1.49,2.83,5886.0,0.0844,0.152,1.08,1.145
Kepler-1089 b,Kepler-1089,5.132485618,0.0497,0.0,584.0,26.266,3.6,1.83,4.01,3753.0,-0.09,-1.29726,0.52,0.49
Kepler-102 f,Kepler-102,27.453592,0.1656,0.1,495.0,10.0,37.0,0.861,4.3,4909.0,0.11,-0.58436,0.803,0.724
Kepler-1223 b,Kepler-1223,16.301259,0.1186,0.0,557.0,20.51,5.99,1.22,1.98,4870.0,0.04,-0.54142,0.8,0.75
Kepler-1853 b,Kepler-1853,48.88819885,0.2395,0.0,386.0,5.23,4.58,1.51862272,2.92,4821.0,0.16,-0.56217,0.765,0.788
Kepler-512 b,Kepler-512,34.43587975,0.21395,0.0,652.0,32.329,2.17,2.69,7.7,5997.0,0.22,0.21625,1.17,1.3
Kepler-369 b,Kepler-369,2.732756,0.03,0.0,687.0,40.295,5.75,1.13,1.51,3591.0,-0.09,-1.42022,0.5,0.471
Kepler-305 c,Kepler-305,8.291,0.07568,0.0,728.0,65.1,0.917,3.3,6.0,5080.0,0.09,-0.42318,0.76,0.8
Kepler-975 c,Kepler-975,5.05821338,0.0567,0.0,1168.0,439.8,0.361,10.69,80.2,4883.0,0.56,-0.51184,0.951,1.667
Kepler-22 b,Kepler-22,289.863876,0.812,0.72,279.0,1.013,5.2,2.1,9.1,5596.0,-0.255,-0.19024,0.857,0.869
Kepler-1995 b,Kepler-1995,73.7578875,0.3259,0.0,375.0,4.66,1.18,4.28,16.9,5029.0,0.48,-0.55559,0.847,0.93
Kepler-1227 b,Kepler-1227,94.2887577,0.38555,0.0,369.0,4.179,2.68,2.29,5.86,5747.0,-0.04,-0.15834,0.97,0.95
Kepler-1272 b,Kepler-1272,51.1309704,0.2705,0.0,542.0,34.433,2.56,2.37,6.21,5926.0,0.06,0.37031,1.06,1.09
Kepler-201 c,Kepler-201,151.884058,0.573,0.0,378.0,6.033,2.02,2.85,8.5,6065.0,-0.0442,0.34816,1.098,1.229
Kepler-215 c,Kepler-215,14.667108,0.113,0.0,675.0,57.694,3.75,1.77,3.78,5739.0,-0.4425,-0.1172,0.788,1.027
Kepler-267 c,Kepler-267,6.87745,0.06,0.0,484.0,17.583,2.95,2.13,5.18,4258.0,-0.18,-1.22915,0.541571,0.555
Kepler-373 c,Kepler-373,16.725948,0.126,0.0,729.0,103.756,5.97,1.24,2.07,5787.0,0.14,0.21244,0.981,0.845
Kepler-54 d,Kepler-54,20.995694,0.126,0.0,328.0,3.425,9.2,1.53,12.0946,4252.0,-0.27,-1.30103,0.518,0.554
Kepler-329 b,Kepler-329,7.416397,0.061,0.0,547.0,40.689,5.09,1.4,2.54,4257.0,-0.44,-0.97062,0.602,0.523
Kepler-279 d,Kepler-279,54.414,0.2901,0.0,574.0,35.739,0.3,3.1,37.5,6689.45,-0.1141,0.5188,1.1,1.07
HD 219134 c,HD 219134,6.76458,0.0653,0.062,782.0,62.1,6.95,1.511,4.36,4699.0,0.11,-0.57741,0.81,0.778
Kepler-1198 b,Kepler-1198,7.6847716,0.0732,0.0,830.0,108.069,4.77,1.47,2.76,5517.0,0.03,-0.23165,0.93,0.9
Kepler-161 c,Kepler-161,7.06424,0.068,0.0,769.0,76.201,1.31,2.05,3.61,5078.0,0.24,-0.44679,0.853,0.806
Kepler-1294 b,Kepler-1294,115.6862258,0.4684,0.0,401.0,12.362,1.74,3.19,10.3,5776.0,-0.03,0.42138,0.99,0.97
Kepler-1319 b,Kepler-1319,2.886762645,0.0296,0.33,557.0,38.452,5.39,1.34,2.36,3655.0,0.44,-1.45739,0.56,0.54
Kepler-275 d,Kepler-275,35.676062,0.224,0.0,671.0,50.7,1.65,3.33,11.1,6165.0,0.08,0.44934,1.189,1.383
Kepler-374 b,Kepler-374,1.897806,0.029,0.0,1761.0,2014.661,5.43,1.03,1.08,5977.0,0.1111,0.27435,1.033,0.911
Kepler-306 d,Kepler-306,17.326644,0.12,0.0,535.0,21.983,2.43,2.47,6.66,4954.0,-0.13,-0.4693,0.75,0.719
Kepler-305 e,Kepler-305,3.20538,0.04017,0.0,1000.0,220.4,3.68,1.7938153,3.87,4974.0,0.09,-0.42318,0.82,0.827279
Kepler-11 f,Kepler-11,46.6888,0.25,0.013,513.0,19.53,0.69,2.49,2.0,5663.0,0.05,0.1202,0.961,1.065
Kepler-276 d,Kepler-276,48.648,0.24666,0.0,489.0,11.274,0.76,2.8,16.3,5693.0,-0.29,-0.08948,1.1,1.03
Kepler-36 c,Kepler-36,16.21865,0.12692,0.0,928.0,191.0,0.787,3.679,7.13,5979.0,-0.18,0.51005,1.034,1.634
Kepler-1251 b,Kepler-1251,45.0904643,0.2478,0.0,487.0,13.78,3.56,1.84,4.04,5545.0,-0.04,-0.15264,0.92,0.89
Kepler-1843 b,Kepler-1843,25.54339981,0.17871,0.0,772.0,111.8,2.16,2.70909809,7.8,5422.0,0.02,0.394,1.02,1.782
Kepler-1857 b,Kepler-1857,8.94340992,0.08308,0.0,946.0,217.4,3.28,1.96065412,4.5,6074.0,-0.54,0.2052,0.873,1.005
Kepler-190 c,Kepler-190,3.763024,0.045,0.0,948.0,181.699,4.82,1.46,2.73,5106.0,0.06,-0.44055,0.834,0.795
Kepler-123 c,Kepler-123,26.695074,0.181,0.0,706.0,77.399,4.73,1.48,2.79,6089.0,-0.08,0.40952,1.079,1.264
Kepler-380 c,Kepler-380,7.630004,0.078,0.0,1056.0,333.565,5.77,1.27,2.15,6045.0,-0.16,0.2776,0.99,1.224
Kepler-283 c,Kepler-283,92.743711,0.341,0.0,240.0,0.949,3.62,1.82,3.97,4351.0,-0.17,-0.98297,0.596,0.566
KELT-6 c,KELT-6,1276.0,2.39,0.21,241.9,0.5448,2.95,13.0,1179.1493,6272.0,-0.27,0.493,1.126,1.529
Kepler-85 b,Kepler-85,8.3,0.07885,0.02,809.0,107.028,1.819493,1.778,1.84,5505.2,0.12,-0.2123,0.928,0.875
Kepler-799 c,Kepler-799,15.19419956,0.1214,0.0,893.0,150.25,2.08,2.78068551,8.15,5588.0,0.14,0.349,1.031,1.593
Kepler-1884 b,Kepler-1884,8.988320351,0.0845,0.0,864.0,131.92,3.64,1.81406781,3.95,5984.0,-0.2,0.27711,0.993,0.906
Kepler-381 b,Kepler-381,5.629021,0.066,0.0,1576.0,716.085,5.31,0.99,0.937,6152.0,-0.2016,0.5139,1.144,1.568
Kepler-84 d,Kepler-84,4.224537,0.052,0.0,1254.0,584.24,5.19,1.38,2.48,6031.0,-0.07,0.212,1.06,1.169
Kepler-334 b,Kepler-334,5.470319,0.061,0.0,1090.0,300.982,5.71,1.12,1.46,5828.0,-0.012,0.05556,1.022,1.068
Kepler-285 c,Kepler-285,6.186676,0.064,0.0,851.0,137.068,5.71,1.12,1.46,5411.0,0.17,-0.27923,0.915,0.808
Kepler-1232 b,Kepler-1232,26.7839183,0.16545,0.0,523.0,14.6,3.35,1.93,4.38,5471.0,0.06,-0.35931,0.92,0.89
Kepler-1858 b,Kepler-1858,88.07160187,0.3575,0.0,330.0,2.79,2.49,2.42168247,6.44,4939.0,0.16,-0.45269,0.785,0.819
Kepler-204 c,Kepler-204,25.660593,0.173,0.0,683.0,36.886,3.7,1.79,3.86,5812.0,0.07,0.02981,1.038,1.238
Kepler-515 b,Kepler-515,19.96371318,0.1333,0.0,564.0,47.97,4.82,1.46,2.73,5293.0,0.08,-0.312,0.9,0.83
Kepler-221 e,Kepler-221,18.369917,0.13,0.0,582.0,25.156,0.57,2.63,7.86706,5243.0,0.0616,-0.40429,0.854,0.821
Kepler-1877 b,Kepler-1877,2.377569914,0.03472,0.0,1278.0,691.1,4.05,0.624086,0.179,5615.0,0.24,-0.07722,1.022,0.936
Kepler-350 d,Kepler-350,26.136,0.1786,0.0,782.0,83.237,2.69,2.8,14.9,6492.3,0.041,0.42842,1.0,1.25
Kepler-58 e,Kepler-58,4.45814897,0.0533,0.0,1212.0,511.6,131.0,1.61,597.796,6100.0,-0.12,-0.00422,1.017,1.083
Kepler-1679 b,Kepler-1679,9.75376,0.0892,0.0,813.0,103.3,3.06,2.0692036,4.93,5501.0,-0.04,-0.20132,0.96,0.873196
Kepler-58 c,Kepler-58,15.5741568,0.12307,0.0,799.0,64.389,10.0,2.86,53.0,5843.0,0.1,-0.00422,0.95,1.03
Kepler-1844 b,Kepler-1844,3.924510002,0.0478,0.0,1074.0,314.25,1.86,3.03648191,9.46,5776.0,-0.18,0.22606,0.939,0.849
Kepler-1278 b,Kepler-1278,3.23941344,0.04417,0.0,1213.0,1314.67,5.39,1.01,1.01,6074.0,0.02,0.36593,1.11,1.16
Kepler-1864 b,Kepler-1864,3.881510019,0.049,0.0,1156.0,427.6,4.52,0.75408365,0.353,5854.0,0.06,0.03004,1.03,0.979
Kepler-1324 b,Kepler-1324,4.115844679,0.0466,0.0,895.0,98.414,4.61,1.51,2.89,4776.0,0.05,-0.67302,0.78,0.73
Kepler-462 c,Kepler-462,207.62,0.7584,0.11,453.0,9.97,0.4,4.0,6.0,7500.0,0.05,0.92588,1.59,1.57
Kepler-226 d,Kepler-226,8.109044,0.076,0.0,800.0,103.645,5.99,1.22,1.98,5571.0,0.09,-0.23921,0.904,0.802
Kepler-221 b,Kepler-221,2.795906,0.037,0.0,1090.0,308.885,0.19,1.71,5.95575,5243.0,0.0616,-0.40429,0.854,0.821
Kepler-245 c,Kepler-245,17.460812,0.124,0.0,568.0,25.152,9.4,2.18,26.7,5100.0,0.12,-0.39579,0.856,0.795
Kepler-352 b,Kepler-352,10.05537,0.085,0.0,694.0,50.389,4.89,0.86,0.566,5212.0,-0.11,-0.43235,0.798,0.781
Kepler-382 c,Kepler-382,12.162701,0.097,0.0,882.0,124.743,4.31,1.59,3.15,5600.0,0.082,0.14553,1.002,0.945
Kepler-336 b,Kepler-336,2.024823,0.033,0.0,1625.0,1652.5,5.39,1.02,1.04,5867.0,0.337,0.26,1.09,1.304
HD 11755 b,HD 11755,433.70001,1.09,0.19,903.49,124.3021,4.69,12.8,1789.3829,4312.0,-0.74,2.16933,0.72,20.58
Kepler-385 c,Kepler-385,15.163161,0.127,0.0,829.0,83.155,2.58,3.04,13.2,6326.0,0.01,0.14374,0.992,1.126
Kepler-267 d,Kepler-267,28.464515,0.154,0.0,301.0,2.647,2.71,2.27,5.77,4258.0,-0.18,-1.22915,0.541571,0.555
Kepler-384 c,Kepler-384,45.348269,0.236,0.0,531.0,40.099,5.75,1.13,1.51,5577.0,-0.29,0.39588,0.882,0.882
Kepler-299 e,Kepler-299,38.285489,0.22,0.0,534.0,20.174,3.5,1.87,4.16,5617.0,0.12,-0.04352,1.004,1.032
8 UMi b,8 UMi,93.31,0.462,0.062,1126.38,247.8402,1.17,13.5,524.41687155,4847.0,-0.03,1.72346,1.51,10.73
Kepler-1104 b,Kepler-1104,5.03728015,0.06321,0.0,1321.0,813.524,6.02,1.23,2.04,6417.0,0.13,0.51439,1.3,1.41
Kepler-1987 e,Kepler-1987,8.74292005,0.0765,0.0,643.0,40.33,3.38,1.92,4.35,4769.0,0.12,-0.61631,0.799,0.714
Kepler-1830 b,Kepler-1830,56.49330139,0.31769,0.0,681.0,35.8,1.65,3.32992941,11.1,6160.0,0.24,0.63129,1.443,2.046
Kepler-182 b,Kepler-182,9.825792,0.096,0.0,935.0,239.787,2.3,2.58,7.18,6250.0,0.072,0.34366,1.114,1.146
Kepler-1688 b,Kepler-1688,5.62012,0.0577,0.0,772.0,84.01,5.83,1.26174569,2.13,4632.11,-0.046,-0.636,0.814,0.746
Kepler-385 b,Kepler-385,10.043686,0.097,0.0,951.0,143.919,3.46,2.73,12.8,6326.0,0.01,0.14374,0.992,1.126
Kepler-55 f,Kepler-55,10.198545,0.081,0.0,559.0,25.438,4.31,1.59,3.15,4503.0,-0.01,-0.76324,0.631,0.619
Kepler-339 d,Kepler-339,10.558345,0.091,0.0,796.0,58.651,50.4,1.17,14.7,5631.0,0.033,-0.31322,0.87,0.802
Kepler-1669 d,Kepler-1669,4.72941177,0.0468,0.0,669.0,47.3,5.99,1.22,1.98,4224.0,-0.2,-0.80265,0.609,0.603
Kepler-69 c,Kepler-69,242.4613,0.64,0.14,299.0,2.687,3.92,1.71,3.57,5638.0,-0.29,-0.097,0.81,0.93
HAT-P-57 b,HAT-P-57,2.4653,0.0406,0.0,2200.0,2726.6328,0.332,19.50366,448.1403,6330.0,-0.25,0.80618,2.77,1.85
Kepler-1067 c,Kepler-1067,5.425839901,0.06069,0.0,973.0,190.8,3.81,1.74682428,3.7,5594.0,0.16,-0.14725,0.981,0.934
Kepler-299 d,Kepler-299,15.054786,0.118,0.0,729.0,69.96,3.52,1.86,4.12,5617.0,0.12,-0.04352,1.004,1.032
Kepler-208 c,Kepler-208,7.466623,0.079,0.0,1141.0,300.165,5.14,1.39,2.51,6092.0,-0.0423,0.30912,1.082,1.314
Kepler-530 b,Kepler-530,39.30941904,0.21491,0.0,488.0,14.238,1.88,3.01,9.32,5697.0,-0.08,-0.13247,0.97,0.89
Kepler-354 d,Kepler-354,24.209842,0.146,0.0,451.0,8.949,5.97,1.24,2.07,4648.0,-0.03,-0.71394,0.652,0.674
Kepler-339 c,Kepler-339,6.988055,0.069,0.0,914.0,101.841,26.4,1.15,7.3,5631.0,0.033,-0.31322,0.87,0.802
Kepler-1114 b,Kepler-1114,14.97435694,0.11056,0.0,631.0,39.321,5.34,1.35,2.39,5374.0,-0.08,-0.29317,0.87,0.83
Kepler-114 d,Kepler-114,11.776,0.08358,0.0,446.0,31.016,0.22,2.53,3.9,4660.0,0.2291,-0.6853,0.56,0.54
Kepler-303 c,Kepler-303,7.061149,0.057,0.0,521.0,25.851,5.75,1.14,1.55,3944.0,-0.4136,-1.0655,0.575,0.485
Kepler-1212 b,Kepler-1212,12.94130146,0.1082,0.0,795.0,142.096,2.93,2.14,5.22,6051.0,0.03,0.21104,1.1,1.15
Kepler-394 c,Kepler-394,12.130686,0.11,0.0,901.0,94.528,4.07,1.66,3.39,6402.0,-0.3,0.05347,0.87,1.132
Kepler-393 c,Kepler-393,14.613612,0.124,0.0,901.0,231.213,5.44,1.33,2.33,6189.0,0.0322,0.52394,1.256,1.382
Kepler-318 c,Kepler-318,11.815007,0.105,0.0,762.0,96.513,1.44,3.68,13.1,5746.0,0.332,0.00394,1.073,1.189
Kepler-1241 b,Kepler-1241,18.5525701,0.1336,0.0,612.0,31.456,2.24,2.63,7.41,5261.0,-0.09,-0.32438,0.84,0.8
Kepler-185 b,Kepler-185,1.6329,0.026,0.0,1237.0,475.507,5.87,1.17,1.71,5208.0,-0.14,-0.50448,0.763,0.806
Kepler-1283 b,Kepler-1283,12.9460978,0.1062,0.0,764.0,80.34,3.4,1.91,4.31,6175.0,0.04,0.92675,1.16,1.25
Kepler-1714 b,Kepler-1714,10.27530003,0.10549,0.0,1211.0,504.3,1.69,3.26437302,10.7,6150.0,0.22,0.76008,1.448,2.086
Kepler-1331 b,Kepler-1331,0.789161653,0.0142,0.0,1244.0,547.294,5.51,1.05,1.16,4508.0,0.05,-0.90934,0.72,0.69
Kepler-319 b,Kepler-319,4.362705,0.051,0.0,1023.0,253.665,4.17,1.63,3.29,5526.0,0.06,-0.18116,0.933,0.903
Kepler-396 b,Kepler-396,42.994,0.24067,0.0,496.0,13.731,9.68,3.5,75.5,5656.0,0.1558,-0.13461,0.85,1.06
Kepler-1085 c,Kepler-1085,56.7771,0.29798,0.0,491.0,11.8,1.68,3.26817741,10.7,5816.0,0.22,0.07867,1.05,1.0783
Kepler-1084 b,Kepler-1084,2.05333679,0.0324,0.0,1737.0,1766.593,5.67,1.11,1.41,6113.0,-0.02,0.25259,1.12,1.28
Kepler-1108 b,Kepler-1108,4.51005748,0.0511,0.0,1063.0,206.414,4.82,1.46,2.73,5406.0,-0.09,-0.25795,0.88,0.84
Kepler-1214 b,Kepler-1214,18.82634264,0.128,0.0,591.0,23.18,2.58,2.36,6.17,5130.0,0.05,-0.41949,0.85,0.8
Kepler-155 c,Kepler-155,52.661793,0.242,0.0,286.0,1.28,2.76,2.24,5.65,4508.0,-0.142,-1.21,0.635,0.62
Kepler-396 c,Kepler-396,88.505,0.38946,0.0,390.0,5.244,0.661,5.3,17.9,5656.0,0.1558,-0.13461,0.85,1.06
Kepler-1369 b,Kepler-1369,25.873148,0.1741,0.0,667.0,37.158,2.17,2.69,7.7,5761.0,0.0,-0.01005,0.99,0.99
Kepler-1370 b,Kepler-1370,20.2641684,0.15763,0.0,770.0,132.587,3.56,1.84,4.04,6202.0,0.05,0.45795,1.19,1.29
Kepler-252 b,Kepler-252,6.668391,0.058,0.0,587.0,39.264,6.02,1.23,2.04,4208.0,-0.13,-0.78566,0.61,0.549
Kepler-360 c,Kepler-360,7.186434,0.075,0.0,860.0,146.5,3.0,2.1,5.06,6053.0,0.15,-0.13236,0.994,1.058
Kepler-245 e,Kepler-245,3.219821056,0.04053,0.0,998.0,240.151,902.0,1.75,1806.36,5174.0,0.05,-0.39579,0.86,0.8
Kepler-298 d,Kepler-298,77.473633,0.305,0.0,277.0,1.715,2.39,2.5,6.8,4465.0,-0.21,-0.73284,0.66,0.582
Kepler-324 b,Kepler-324,4.385315,0.05,0.0,935.0,194.34,3.0,1.14,2414.4,5194.0,0.18,-0.30825,0.901,0.84
Kepler-1796 b,Kepler-1796,29.4557991,0.1879,0.0,598.0,30.3,2.11,2.75047868,8.0,6036.0,-0.16,0.11795,1.018,0.949
Kepler-520 c,Kepler-520,5.21104261,0.06035,0.0,1107.0,351.69,5.56,1.07,1.24,6112.0,-0.03,0.51032,1.1,1.09
Kepler-1244 b,Kepler-1244,3.70428172,0.0502,0.0,1839.0,4756.325,5.34,1.35,2.39,6680.0,0.05,1.03224,1.46,1.77
Kepler-169 c,Kepler-169,6.195469,0.062,0.0,776.0,82.853,5.96,1.21,1.92,4997.0,0.17,-0.49611,0.825,0.763
Kepler-97 b,Kepler-97,2.58664,0.03563,0.0,1328.0,767.964,5.44,1.48,3.51,5779.0,-0.2,-0.02505,0.94,0.98
Kepler-1336 b,Kepler-1336,23.198681,0.15845,0.0,793.0,103.72,3.24,1.98,4.58,5512.0,0.05,0.42052,0.94,1.3
Kepler-88 d,KOI-142,1403.0,2.466329866,0.41,158.95,0.1124,2.36,13.1,965.14699656,5466.0,0.27,-0.16507,0.99,0.897
Kepler-301 d,Kepler-301,13.751243,0.112,0.0,725.0,68.931,3.8,1.75,3.71,5815.0,0.187,-0.07963,1.022,0.9
Kepler-104 d,Kepler-104,51.755394,0.257,0.0,515.0,16.012,1.668541,3.58,5.54022107,5711.0,-0.42,0.08926,0.818,1.349
Kepler-1192 b,Kepler-1192,25.2034787,0.1693,0.0,600.0,34.742,2.58,2.36,6.17,5438.0,-0.16,-0.1283,0.86,0.83
Kepler-516 b,Kepler-516,24.85462415,0.1992,0.0,1095.0,174.58,0.811,5.74,27.9,7099.0,0.01,0.79832,1.62,2.02
Kepler-1851 b,Kepler-1851,12.02289963,0.1016,0.0,776.0,85.78,1.34,3.90012032,14.5,5982.0,-0.28,0.06007,0.967,0.879
Kepler-212 b,Kepler-212,16.257582,0.133,0.0,830.0,133.866,5.6,1.09,1.32,5852.0,0.22,0.38347,1.166,1.455
Kepler-1372 b,Kepler-1372,1.311555568,0.024,0.0,1655.0,2176.358,5.77,1.27,2.15,5677.0,0.05,0.0124,0.98,0.97
Kepler-364 b,Kepler-364,25.745718,0.178,0.0,753.0,68.71,4.46,1.55,3.02,6108.0,-0.031,0.35128,1.076,1.284
KELT-23 A b,KELT-23 A,2.255251,0.03302,0.0,1561.0,991.183,0.503,14.829507,298.12454,5899.0,-0.105,0.03383,0.944,0.996
HD 191939 d,HD 191939,38.353037,0.2132,0.031,540.0,14.3,0.57,2.995,2.8,5348.0,-0.15,-0.18709,0.81,0.94
HATS-77 b,HATS-77,3.0876262,0.03607,0.045,828.3,78.37,1.077,13.05846252,436.69623122,4071.0,0.253,-0.99183,0.655,0.6428
TOI-4479 b,TOI-4479,1.1589,0.0164,,861.0,92.5,2.05,2.82,8.35,3400.0,0.0,-1.60432,0.452,0.451
TOI-1752 c,TOI-1752,32.71443,0.1614,,291.0,1.6973,2.68,2.29,5.86,3762.0,-0.11,-1.29671,0.524,0.53
Kepler-1705 c,Kepler-1705,11.28,,0.028,,,3.528714,2.05,5.42,6312.0,-0.2,0.35411,1.139,1.259
TOI-1753 b,TOI-1753,5.3846104,0.059,0.0,1005.43,237.996,5.95,2.47852533,16.6,5621.0,0.026,-0.06956,0.9483,0.9715
TOI-2274 b,TOI-2274,2.67963,0.05,,771.46,83.7078,2.45,2.45,6.57,3943.0,,-1.06233,0.612,0.631
Kepler-43 b,Kepler-43,3.0240949,0.046,0.017,1620.0,1138.115,5.0,13.663771,1026.5909,6041.0,0.33,0.326,1.32,1.42
Kepler-858 b,Kepler-858,76.13602028,0.33939,0.0,399.0,6.338,1.0,4.87,21.1,5653.0,-0.04,-0.1131,0.96,0.91
TOI-3023 b,TOI-3023,3.9014971,0.0505,0.0,1596.0,1084.0,0.245,16.43236571,197.05361234,5760.0,0.085,0.44404,1.12,1.668
Kepler-1752 b,Kepler-1752,56.35850143,0.2698,0.0,419.0,7.29,1.1,4.54060463,18.7,5446.0,-0.2,-0.39819,0.824,0.821
Kepler-1408 b,Kepler-1408,2.99793191,0.04218,0.0,1616.0,1982.268,4.99,0.89,0.64,6170.0,0.0,0.57889,1.21,1.35
HIP 54373 b,HIP 54373,7.76,0.063,0.2,580.66,15.0984,2.0,2.87,8.62,4021.0,,-1.22239,0.57,0.564998
Teegarden's Star b,Teegarden's Star,4.90634,0.0259,0.03,277.0,1.08,5.51,1.05,1.16,3034.0,-0.11,-3.14146,0.097,0.12
BD+60 1417 b,BD+60 1417,,1662.0,,1303.0,0.0,8.27,14.68376472,4767.426105,4993.0,,0.35595,1.0,0.797
TOI-1227 b,TOI-1227,27.36397,0.0886,,243.77,3.21,0.417,9.57246952,66.5,3072.0,,-2.60033,0.17,0.56
CoRoT-7 d,CoRoT-7,8.966,,,,,1.18,4.31,17.142,5250.0,0.12,-0.28938,0.915,0.8389
TOI-1758 b,TOI-1758,20.705074685,0.141409,0.0,551.44,21.05,0.83,3.62,6.9,5169.0,-0.02,-0.37263,0.88,0.81
TOI-2567 b,TOI-2567,5.983944,0.0672,0.0,1352.0,558.0,0.269,10.92875618,63.88350981,5611.0,0.241,0.40483,1.13,1.686
Kepler-1410 b,Kepler-1410,60.866168,0.2543,0.0,290.0,1.06,3.72,1.78,3.82,4092.0,0.01,-1.158,0.63,0.6
HD 24085 b,HD 24085,2.0455,0.034,0.22,1875.43,2061.4187,1.57,3.46,11.8,6034.0,0.17,0.37712,1.22,1.412551
WASP-87 b,WASP-87,1.682795,0.02946,0.0,2049.54,4170.0965,1.02,15.524465,692.8694,6450.0,,0.53683,1.204,1.627
TOI-163 b,TOI-163,4.231306,0.058,0.0,1669.0,1489.1126,0.49,16.690201,387.7526,6495.0,0.22,0.63649,1.4352,1.648
K2-315 b,K2-315,3.1443189,,,460.0,7.45,5.18,0.95,0.809,3300.0,-0.24,-2.38722,0.174,0.196
HD 216520 b,HD 216520,35.45,0.198,0.09,482.1,9.0089,1.75,3.18,10.26,5103.0,-0.16,-0.452,0.82,0.76
TOI-1775 b,TOI-1775,10.2405549,0.08,0.0,707.89,55.4426,1.01,8.04728896,96.0,5284.0,0.162,-0.31605,0.9218,0.8288
Kepler-296 c,Kepler-296,5.8416366,0.0521,0.33,606.0,14.8,1.2,2.0,4.66,3740.0,-0.08,-1.50864,0.498,0.48
WASP-187 b,WASP-187,5.147878,0.0653,0.0,1760.0,1594.76,0.224,18.38276,254.264,6150.0,0.0,0.96727,1.54,2.83
HD 161178 b,HD 161178,279.3,0.85,0.044,828.33,78.0069,0.355,14.1,181.16219199,4786.0,-0.21,1.75097,1.06,10.95
GJ 514 b,GJ 514,140.43,0.422,0.45,202.0,0.28,2.96,2.13,5.2,3728.0,-0.14,-1.36653,0.51,0.5
HD 77946 b,HD 77946,6.527363,0.073,0.211,1128.86,413.1008,2.44,2.89646124,10.9,6007.0,0.215,0.30878,1.1973,1.3174
TOI-2345 c,TOI-2345,21.064302,0.1257,,544.0,14.57,2.71,2.451,7.27,4687.0,-0.1,-0.63639,0.727,0.729
Kepler-876 b,Kepler-876,5.14438011,0.0549,0.0,923.0,152.746,4.94,1.43,2.63,5060.0,-0.03,-0.33828,0.81,0.77
Kepler-1894 c,Kepler-1894,5.05368985,0.0576,0.0,1007.0,243.06,5.96,1.21,1.92,5772.0,0.0,-0.26976,0.999,0.901
HD 233832 b,HD 233832,2058.0,2.827,0.359,117.8,0.0376,1.26,13.5,565.7374,4981.0,-0.66,-0.52273,0.71,0.68
GJ 687 c,GJ 687,727.562,1.165,0.4,98.62,0.0157,1.24,4.14,16.0,3413.0,0.0631,-1.672,0.4,0.4183
HIP 5763 b,HIP 5763,30.014,0.17,0.054,440.9,6.2967,0.311,14.2,162.09248757,4352.0,,-0.73999,0.72,0.750378
TOI-712 b,TOI-712,9.531361,0.07928,0.54,650.0,22.6,3.1,2.049,4.85,4622.0,-0.02,-0.72793,0.732,0.674
TOI-1782.01,TOI-1782,4.987641028,0.05024,,697.84,56.25,2.57,2.368,6.2,4336.0,,-0.84649,0.68,0.669
TOI-2092 b,TOI-2092,4.30325528074,,,1042.0,195.793,1.93,2.94892961,9.0,5842.06,-0.1221,-0.04981,0.956,1.0519
Kepler-303 b,Kepler-303,1.937055,0.024,0.0,802.0,145.436,4.99,0.89,0.64,3944.0,-0.4136,-1.0655,0.575,0.485
Kepler-271 c,Kepler-271,7.41086267,0.06993,0.0,850.0,119.631,5.18,0.95,0.809,5555.0,-0.13,-0.25319,0.9,0.87
KOI-142 b,KOI-142,10.91647,0.09586,0.05561,758.0,68.563,1.29,3.438,9.5,5466.0,0.27,-0.16507,0.99,0.897
Qatar-6 b,Qatar-6,3.506195,0.0423,0.0,1006.0,174.9015,0.692,11.903958,212.31044,5052.0,-0.025,-0.51428,0.822,0.722
GJ 9066 c,GJ 9066,771.36,0.88,0.46,65.66,0.0033,0.415,9.6,66.74396547,3154.0,-0.13,-2.59517,0.15,0.164
K2-400 b,K2-400,3.865053,,,,,5.83,1.163,1.67,3578.0,-0.051,-1.74791,0.374,0.382
TOI-2094 b,TOI-2094,18.793193,0.136,,276.0,0.98,3.42,1.9,4.27,3435.0,-0.06,-1.74473,0.425,0.384
TOI-2714 b,TOI-2714,2.499387,0.036,0.164,1603.0,945.55,0.49,13.72,228.0,5665.0,0.3,0.16017,1.07,1.25
HD 164922 d,HD 164922,12.458,0.103,0.12,787.68,66.9243,3.59,1.83,4.0,5390.0,0.18,-0.14874,0.926,0.946
2MASS J01033563-5515561 AB b,2MASS J01033563-5515561 A,,84.0,,,,12.2,12.3,4131.79,,,,0.19,
TOI-2382 b,TOI-2382,4.6612061,0.059,0.18,1426.0,689.0,0.68,12.25141591,235.19302118,6033.0,0.249,0.37967,1.26,1.417
Kepler-402 b,Kepler-402,4.028751,0.051,0.0,1311.0,619.844,5.99,1.22,1.98,6090.0,-0.08,0.2035,1.072,1.264
EPIC 201841433 b,EPIC 201841433,4.1698,0.035,,1032.49,189.3706,5.47,1.04,1.12,5053.0,0.0,-0.63455,0.802,0.628461
USco1621 b,USco1621 A,,2880.0,,2270.0,0.0,15.4,12.2,5085.28,3460.0,,-1.02,0.36,0.710071
K2-318 b,K2-318,7.01,0.0911,,456.0,6.368,4.07,1.66,3.39,3851.0,,-1.27696,0.561,0.552
K2-405 b,K2-405,3.435471,,,969.0,146.577,1.09,4.569,18.9,4927.0,0.132,-0.48798,1.034,0.765
TOI-784 b,HD 307842,2.7970365,0.038,0.0,1256.0,413.894,7.4,1.93,9.67,5558.0,-0.13,-0.19034,0.91,0.907
TOI-1814 b,TOI-1814,6.36861010462,,,977.83,216.0619,0.926,5.18536642,23.5,4872.84,,0.463,,2.3895
Kepler-1419 b,Kepler-1419,42.5215895,0.2391,0.0,510.0,21.243,2.01,2.86,8.55,5796.0,0.04,0.04229,1.01,1.01
EPIC 206215704 b,EPIC 206215704,2.255436,,,,,5.34,1.0,0.972,3297.0,-0.33,-2.08843,0.407,0.25
Kepler-848 b,Kepler-848,6.91134416,0.07586,0.0,1086.0,794.778,3.95,1.7,3.53,5695.0,0.15,0.59369,1.01,1.2
Kepler-819 b,Kepler-819,33.1995648,0.1894,0.0,485.0,9.913,2.1,2.76,8.05,5279.0,-0.06,-0.39773,0.86,0.81
TOI-799 b,TOI-799,5.54519139676,,,958.69,199.6326,3.06,2.06631784,4.92,5662.81,,-0.12179,1.0,0.915519
K2-146 c,K2-146,4.00498,0.0327,0.075,518.53,14.028,3.92,2.19,7.49,3385.0,-0.02,-1.82391,0.331,0.33
K2-324 b,K2-324,3.262,0.0331,,707.0,42.3931,2.48,2.43,6.48,3752.0,,-1.33305,0.517,0.505
Kepler-822 b,Kepler-822,3.222969273,0.04078,0.0,1239.0,535.188,3.75,1.77,3.78,5928.0,0.04,-0.00495,1.06,1.08
TOI-1181 b,TOI-1181,2.103189,0.0364,0.011,1942.12,14140.0,0.49,17.02644168,374.71969185,6054.0,0.38,0.64246,1.467,1.961
TOI-808 b,TOI-808,9.73944854026,,,710.98,60.3881,2.82,2.20344362,5.49,5078.2,,-0.35523,0.87,0.833198
TOI-815 b,TOI-815,11.197259,0.0903,0.2,686.0,36.9,1.64,2.94,7.6,4869.0,-0.09,-0.50459,0.776,0.77
TOI-2141 b,TOI-2141,18.261608,0.1322,0.21,728.0,47.3,3.54,3.147,20.1,5635.0,-0.14,-0.05,0.896,0.95
TOI-2447 b,TOI-2447,69.33684,0.347,0.17,414.0,44.5933,0.774,9.60609646,124.90656395,5730.0,0.18,0.04891,1.034,1.006
TOI-2818 b,TOI-2818,4.039709,0.0493,0.0,1376.0,598.0,0.34,15.27784069,225.65816897,5721.0,-0.02,0.16435,0.977,1.229
Kepler-1371 c,Kepler-1371,2.00541269,0.02937,0.0,1216.0,853.269,4.11,0.64,0.196,5361.0,-0.07,-0.19829,0.87,0.83
EPIC 212587672 b,EPIC 212587672,15.28078,,,756.0,,5.85,1.26,2.13,6004.0,-0.18,0.03848,0.99,0.98
Kepler-843 b,Kepler-843,2.053879821,0.0313,0.0,1523.0,890.333,2.28,2.59,7.22,5830.0,0.05,-0.04723,1.02,1.03
K2-408 b,K2-408,20.978959,,,,,4.02,1.677,3.45,5335.0,-0.171,-0.33037,0.813,0.784
TOI-1516 b,TOI-1516,2.056014,,,1839.0,1899.83,1.56,15.24421375,1004.33776612,6520.0,-0.05,0.39065,1.14,1.14
TOI-2458 b,TOI-2458,3.73659,0.0482,0.087,1509.4,865.0,3.23,2.83,13.31,6005.0,-0.1,0.34128,1.05,1.31
Kepler-1423 b,Kepler-1423,23.955378,0.1586,0.0,741.0,71.16,5.54,1.06,1.2,4939.0,-0.02,-0.52,0.79,0.75
HATS-57 b,HATS-57,2.350621,0.03493,0.028,1413.4,570.233,2.65,12.767051,1000.21101,5587.0,0.268,-0.0942,1.026,0.96
HATS-56 b,HATS-56,4.324799,0.06043,0.019,1902.0,1080.87,0.155,18.920792,191.33366,6536.0,0.19,0.89763,1.573,2.201
TOI-763 b,TOI-763,5.6057,0.06,0.04,1038.0,182.935,4.51,2.28,9.79,5450.0,0.01,-0.15377,0.917,0.897
K2-409 b,K2-409,1.908084,,,,,2.42,2.482,6.72,5742.0,-0.036,0.17248,0.886,1.228
TOI-1722 b,TOI-1722,9.60523206943,,,952.0,136.86,1.15,4.38298108,17.6,5999.55,,0.18466,1.162,1.09414
TOI-1873 b,TOI-1873,7.00572708834,,,923.5,171.8936,2.01,2.86356397,8.57,5597.99,,-0.04707,1.015,0.971675
TOI-2158 b,TOI-2158,8.60077,0.075,0.07,1188.0,81.4989,1.14,10.76062147,260.61929374,5673.0,0.47,0.2308,1.12,1.41
Kepler-1888 b,Kepler-1888,11.39169979,0.0956,0.0,886.0,145.67,5.47,1.32578716,2.32,5557.0,0.0,0.37424,0.897,1.249
Kepler-1901 b,Kepler-1901,3.484129906,0.0453,0.0,1132.0,389.41,4.75,1.47418907,2.77,5696.0,0.14,-0.00315,1.022,0.921
GJ 433 c,GJ 433,5094.105,4.819,0.12,53.76,0.0009,0.723,6.27,32.422,3461.0,-0.17,-1.69897,0.48,0.5
K2-374 c,K2-374,16.43445,,,,,2.8,2.213,5.53,5789.0,-0.292,-0.05943,0.731,0.907
TOI-1860 b,TOI-1860,1.0662107,0.0204,,1885.0,876.703,5.55,1.31,2.27,5752.0,0.04,-0.09475,0.99,0.94
TOI-1723 b,TOI-1723,13.727012643,0.113496,0.0,782.98,92.36,1.6,3.435,10.4,5777.0,0.159,0.06446,1.04,1.09
TOI-1937 A b,TOI-1937 A,0.94667944,0.01932,0.0,2097.0,3230.0,1.28,13.97759893,638.83509807,5814.0,0.196,0.0799,1.072,1.08
Kepler-292 f,Kepler-292,20.834237,0.141,0.0,563.0,24.325,2.59,2.35,6.12,5299.0,0.04,-0.33691,0.865,0.826
Kepler-1395 b,Kepler-1395,3.78470649,0.04974,0.0,1311.0,730.531,4.69,0.8,0.437,6138.0,0.12,0.27693,1.17,1.23
Kepler-1905 b,Kepler-1905,3.42392993,0.0451,0.0,1212.0,508.75,4.89,1.4460734,2.69,5788.0,0.16,-0.02528,1.038,1.015
Kepler-65 e,Kepler-65,258.8,0.8539307544,0.283,389.08,4.0231,0.532,13.9,260.0,6220.0,0.13,0.4674,1.248,1.437
GJ 682 b,GJ 682,17.478,0.08,0.08,281.93,0.3125,3.36,1.93,4.4,3028.0,,-2.69897,0.27,0.298255
TOI-132 b,TOI-132,2.1097019,0.026,0.059,1395.0,860.0,3.08,3.42,22.4,5397.0,0.16,-0.22185,0.97,0.9
TOI-2000 c,TOI-2000,9.127055,0.0878,0.063,1038.0,149.0,0.829,8.14,81.7,5611.0,0.439,0.05956,1.082,1.134
TOI-2000 b,TOI-2000,3.09833,0.04271,0.0,1488.0,628.0,3.07,2.7,11.0,5611.0,0.439,0.05956,1.082,1.134
TOI-2194 b,TOI-2194,15.337597,,,590.88,14.2526,3.22,1.9892,4.61,4756.0,-0.372,-0.68955,0.74,0.6909
TOI-2498 b,TOI-2498,3.738252,0.0491,0.089,1443.0,790.4759,0.86,6.06,34.62,5905.0,0.167,0.27089,1.12,1.26
Kepler-102 e,Kepler-102,16.1456994,0.1162,0.089,590.0,20.3,2.5,2.17,4.7,4909.0,0.11,-0.58436,0.803,0.724
HD 2685 b,HD 2685,4.12688,0.0568,0.091,2061.0,1436.49,0.486,16.14096,371.8611,6801.0,0.02,0.66839,1.43,1.56
Kepler-95 b,Kepler-95,11.5231,0.10232,0.0,927.0,178.832,1.71,3.42,13.0,5699.0,0.3,0.28105,1.08,1.41
Wendelstein-2 b,Wendelstein-2,1.7522239,0.0234,0.057,2470.0,282.3101,0.62,12.9934728,232.33373,4591.0,,-0.83411,0.73,0.66
K2-384 b,K2-384,2.231527,,,,,5.56,1.076,1.26,3623.0,0.068,-1.86986,0.33,0.348
HD 174205 b,HD 174205,582.0,1.7,0.4,821.72,82.699,3.34,13.0,1334.8793094,4308.0,-0.28,2.3784,1.8,26.6
Kepler-430 c,Kepler-430,110.979,0.4757,0.0,458.0,9.096,3.8,1.75,3.71,5884.0,0.2,0.31207,1.166,1.485
Kepler-1656 b,Kepler-1656,31.562,0.1974,0.838,651.0,24.6,2.13,4.574,47.8,5569.0,0.19,0.02083,1.03,1.1
Kepler-647 c,Kepler-647,29.6663,0.18291,0.0,644.0,69.0,1.3,4.00135002,15.1,5906.74,-0.4146,0.41834,1.07,1.54571
Kepler-210 b,Kepler-210,2.453234,0.032,0.0,737.0,122.139,1.94,2.94,8.96,4559.0,0.2772,-0.79874,0.77,0.65
OGLE-2006-BLG-109L c,OGLE-2006-BLG-109L,4927.5,4.5,0.15,59.0,,0.346,11.1,86.0,,,,0.51,
KMT-2016-BLG-1397L b,KMT-2016-BLG-1397L,,5.1,,,,5.9,12.7,2200.0,,,,0.45,
KMT-2019-BLG-0253L b,KMT-2019-BLG-0253L,,3.1,,,,1.89,2.99,9.2,,,,0.7,
KMT-2023-BLG-0548L b,KMT-2023-BLG-0548L,,6.85,,,,2.66,13.1,1086.97315194,,,,0.72,
Kepler-1963 b,Kepler-1963,1.962260008,0.02915,0.0,1448.0,612.3,4.49,0.74437023,0.337,5726.0,-0.1,-0.2592,0.915,0.979
Kepler-1517 b,Kepler-1517,5.546083665,0.078,0.0,2336.0,1526.983,0.406,9.76,68.7,7010.0,0.01,0.87873,1.58,1.95
Kepler-1711 b,Kepler-1711,21.06080055,0.1463,0.0,669.0,47.39,3.37,1.923,4.36,5706.0,0.0,0.00966,0.94,1.034
MOA-2010-BLG-328L b,MOA-2010-BLG-328L,,0.92,,,,1.89,2.99,9.2,,,,0.11,
MOA-2011-BLG-291L b,MOA-2011-BLG-291L,,0.69,,,,1.14,4.43,18.0,,,,0.15,
KMT-2018-BLG-1743L b,KMT-2018-BLG-1743L,,1.449,,,,0.37,10.5,77.86795971,,,,0.193,
OGLE-2018-BLG-0516L b,OGLE-2018-BLG-0516L,,2.2,,,,1.04,4.73,20.1,,,,0.47,
KMT-2023-BLG-0949L b,KMT-2023-BLG-0949L,,2.03,,,,4.98,12.8,1900.61387386,,,,0.48,
KMT-2024-BLG-2059L b,KMT-2024-BLG-2059L,,2.55,,,,2.34,2.54,6.99222495,,,,0.51,
Kepler-146 b,Kepler-146,31.158799,0.2,0.0,639.0,32.89,1.43,3.71,13.3,5948.0,-0.0261,0.14794,1.079,1.208
Kepler-1468 d,Kepler-1468,19.59059906,0.1456,0.0,819.0,52.77,1.65,3.33187146,11.1,5794.0,0.14,0.53118,1.072,1.496
Kepler-348 c,Kepler-348,17.265427,0.138,0.0,888.0,133.259,5.44,1.33,2.33,6177.0,-0.03,0.4331,1.189,1.359
Kepler-1641 c,Kepler-1641,32.657212,0.2065,0.0,767.0,42.145,1.93,2.95,9.01,6152.0,-0.02,0.13083,1.12,1.19
Kepler-1641 b,Kepler-1641,19.672266,0.1473,0.0,908.0,82.828,1.8,3.11,9.85,6152.0,-0.02,0.13083,1.12,1.19
Kepler-39 b,Kepler-39,21.08721,0.164,0.112,897.0,90.22,13.0,13.9,6388.1,6350.0,0.1,0.34593,1.29,1.4
Kepler-174 c,Kepler-174,44.000529,0.214,0.0,377.0,5.296,4.7,1.49,2.83,4880.0,-0.56,-0.5704,0.602,0.622
KMT-2023-BLG-1642L b,KMT-2023-BLG-1642L,,1.41,,,,0.718,13.8,343.25467956,,,,0.17,
Kepler-1468 b,Kepler-1468,8.23984869,0.0817,0.0,1093.0,481.352,3.86,1.73,3.64,5893.0,0.03,0.53118,1.04,1.05
Kepler-203 b,Kepler-203,3.162697,0.043,0.0,1308.0,668.215,2.31,2.57,7.13,5821.0,0.08,0.0937,1.06,1.114
Kepler-152 b,Kepler-152,18.207973,0.124,0.0,551.0,21.084,2.07,2.79,8.2,5088.0,-0.12,-0.46488,0.779,0.724
OGLE-2015-BLG-0966L b,OGLE-2015-BLG-0966L,,2.7,,,,1.01,4.86,21.0,,,,0.38,
MOA-2011-BLG-028L b,MOA-2011-BLG-028L,,4.14,,,,0.767,5.99,30.0,,,,0.75,
OGLE-2018-BLG-0383L b,OGLE-2018-BLG-0383L,,1.8,,,,2.51,2.41,6.4,,,,0.1,
KMT-2021-BLG-1391L b,KMT-2021-BLG-1391L,,2.29,,,,3.27,1.97,4.55,,,,0.37,
Kepler-195 c,Kepler-195,34.096863,0.197,0.0,469.0,11.281,4.46,1.55,3.02,5329.0,0.04,-0.36708,0.867,0.775
Kepler-880 c,Kepler-880,11.8061737,0.1216,0.0,1407.0,926.72,2.0,2.87,8.6,6900.0,0.0,0.66603,1.714,2.599
Kepler-608 b,Kepler-608,6.412515037,0.0685,0.0,1069.0,270.162,1.47,3.64,12.9,5820.0,-0.02,0.04113,1.0,1.01
Kepler-1704 b,Kepler-1704,988.88112,2.027,0.92,253.8,0.342,4.07,11.94877343,1322.16617312,5746.0,0.196,0.45179,1.132,1.697
Kepler-561 c,Kepler-561,5.350161983,0.05947,0.0,989.0,183.166,2.18,2.68,7.65,5646.0,0.02,-0.17974,0.96,0.94
OGLE-2015-BLG-0051L b,OGLE-2015-BLG-0051L,,0.73,,,,0.461,14.0,230.0,,,,0.1,
OGLE-2018-BLG-0740L b,OGLE-2018-BLG-0740L,5480.0,5.0,0.0,,,3.84,12.9,1500.0,5912.0,-0.24,,1.0,
OGLE-2017-BLG-1099L b,OGLE-2017-BLG-1099L,,2.73,,,,2.35,13.1,959.84178914,,,,0.45,
KMT-2021-BLG-0748L b,KMT-2021-BLG-0748L,,2.43,,,,0.269,14.3,143.02278315,,,,0.36,
TOI-2267 d,TOI-2267 B,2.0344671,0.0145,,422.0,5.3,3.75,1.77,3.78,3022.0,0.164,-2.95861,0.0989,0.13
Kepler-1719 b,Kepler-1719,6.149559975,0.06868,0.0,1287.0,686.9,1.32,3.95000623,14.8,5687.0,0.04,0.52557,1.08,1.775
Kepler-1254 c,Kepler-1254,3.60084276,0.0422,0.0,927.0,132.391,5.6,1.3,2.24,4985.0,-0.1,-0.57202,0.78,0.75
Kepler-639 b,Kepler-639,10.21420496,0.09358,0.0,957.0,295.826,2.55,2.38,6.26,5896.0,0.23,0.48255,1.14,1.29
KMT-2016-BLG-0212L b,KMT-2016-BLG-0212L,,2.2,,,,17.2,12.2,5700.0,,,,0.48,
KMT-2019-BLG-1552L b,KMT-2019-BLG-1552L,,2.6,,,,3.22,13.0,1287.20504835,,,,0.79,
KMT-2024-BLG-0349L b,KMT-2024-BLG-0349L,,6.46,,,,10.9,12.4,3769.44490702,,,,0.68,
Kepler-208 d,Kepler-208,11.131786,0.103,0.0,999.0,176.283,5.95,1.2,1.87,6092.0,-0.0423,0.30912,1.082,1.314
Kepler-171 b,Kepler-171,4.166972,0.05,0.0,1053.0,304.178,2.61,2.34,6.08,5642.0,0.17,-0.07917,0.978,0.839
Kepler-1525 b,Kepler-1525,2.416601183,0.03557,0.0,1343.0,715.106,5.05,0.91,0.693,5748.0,0.27,-0.0112,1.07,1.04
Kepler-1645 b,Kepler-1645,16.1779561,0.1285,0.0,754.0,138.538,3.72,1.78,3.82,5812.0,0.04,0.33586,1.02,1.02
KMT-2018-BLG-1990L b,KMT-2018-BLG-1990L,,0.763,,,,0.284,12.9,111.0,,,,0.094,
KMT-2018-BLG-0247L b,KMT-2018-BLG-0247L,,2.46,,,,1.53,13.4,670.61793877,,,,0.29,
Kepler-30 d,Kepler-30,143.34394,0.5,0.022,308.0,1.962,0.19,8.8,23.1,5498.0,0.18,-0.23658,0.99,0.95
PSR B1257+12 d,PSR B1257+12,98.2114,0.46,0.0264,,,3.67,1.8,3.9,,,,1.4,
OGLE-2016-BLG-0263L b,OGLE-2016-BLG-0263L,,5.4,,,,3.25,13.0,1300.0,,,,0.13,
OGLE-2012-BLG-0026L c,OGLE-2012-BLG-0026L,,4.8,,,,0.552,13.9,270.0,,,,1.06,
KMT-2018-BLG-2602L b,KMT-2018-BLG-2602L,,3.81,,,,0.781,13.7,365.50266805,,,,0.66,
KMT-2016-BLG-1337L b,KMT-2016-BLG-1337L,,3.97,,,,0.33,11.4,88.99195396,,,,0.54,
Kepler-220 d,Kepler-220,28.122397,0.163,0.0,401.0,8.208,5.28,0.98,0.904,4632.0,-0.1738,-0.67594,0.729,0.666
Kepler-1949 b,Kepler-1949,2.208280087,0.0352,0.0,1709.0,2016.25,2.79,2.21964541,5.56,6028.0,0.14,0.7131,1.194,1.454
Kepler-695 b,Kepler-695,3.040330424,0.0374,0.0,1021.0,499.064,0.438,9.21,62.3,5181.0,-0.01,-0.15936,0.84,0.8
Kepler-529 d,Kepler-529,35.86619949,0.2134,0.0,633.0,37.92,2.07,2.79502603,8.22,6078.0,-0.16,0.241,1.005,1.189
OGLE-2005-BLG-390L b,OGLE-2005-BLG-390L,3285.0,2.6,,50.0,,2.8,2.21,5.5,,,,0.22,
Kepler-220 b,Kepler-220,4.159807,0.046,0.0,759.0,105.001,4.73,0.81,0.457,4632.0,-0.1738,-0.67594,0.729,0.666
Kepler-1993 b,Kepler-1993,26.6565737,0.1943,0.0,903.0,157.45,1.24,4.15,16.1,5159.0,-0.04,0.778,1.373,3.062
Kepler-154 e,Kepler-154,3.93276465,0.04766,0.0,1140.0,480.405,4.66,1.5,2.86,5769.0,-0.04,0.03322,0.98,0.98
MOA-2009-BLG-387L b,MOA-2009-BLG-387L,1980.0,1.8,,,,1.98,13.2,830.0,,,,0.19,
OGLE-2018-BLG-1647L b,OGLE-2018-BLG-1647L,,1.36,,,,0.645,13.8,308.29355479,,,,0.092,
Kepler-154 c,Kepler-154,62.303276,0.303,0.0,454.0,12.071,1.93,2.95,9.01,5690.0,0.02,0.03322,0.933,1.001
Kepler-390 c,Kepler-390,13.060022,0.101,0.0,630.0,41.351,4.66,0.79,0.418,5166.0,-0.0443,-0.352,0.787,0.776
Kepler-967 c,Kepler-967,198.7112502,0.6253,0.0,258.0,1.05,1.46,3.65,12.9,5178.0,-0.03,-0.71759,0.84,0.8
Kepler-248 c,Kepler-248,16.239494,0.123,0.0,598.0,22.459,1.27,4.07,15.6,5190.0,0.17,-0.41834,0.838,0.831
Kepler-648 b,Kepler-648,17.4211749,0.13324,0.0,674.0,47.336,1.73,3.22,10.5,5741.0,0.21,-0.05328,1.05,0.98
OGLE-2017-BLG-0406L b,OGLE-2017-BLG-0406L,,3.5,,,,0.249,14.2,130.0,,,,0.56,
OGLE-2018-BLG-1367L b,OGLE-2018-BLG-1367L,,1.21,,,,0.631,13.8,301.93698665,,,,0.28,
OGLE-2018-BLG-0932L b,OGLE-2018-BLG-0932L,,1.75,,,,0.579,13.9,282.86728223,,,,0.72,
OGLE-2017-BLG-0364L b,OGLE-2017-BLG-0364L,,3.79,,,,0.381,10.3,75.8,,,,0.49,
Kepler-1814 c,Kepler-1814,0.626281766,0.0133,0.0,1711.0,2011.27,3.78,1.76,3.75,4922.0,0.2,-0.50574,0.79,0.823
Kepler-1588 b,Kepler-1588,7.84931739,0.07419,0.0,925.0,359.79,4.54,0.76,0.363,5817.0,-0.14,0.3203,0.96,0.99
Kepler-436 b,Kepler-436,64.00205,0.339,0.19,322.0,1.69,2.13,2.73,7.9,4651.0,0.01,-0.701,0.729,0.697
KOI-3503 c,KOI-3503,31.828,0.18688,0.0,686.0,52.5,10.0,1.21,10.36,6001.0,-0.5428,0.30005,0.858,1.255
Kepler-1491 c,Kepler-1491,61.569765,0.3045,0.0,530.0,18.66,2.47,2.44,6.53,5626.0,0.14,0.35471,0.991,1.389
Kepler-158 c,Kepler-158,28.551383,0.158,0.0,418.0,6.677,3.42,1.9,4.27,4623.0,-0.3,-0.75667,0.655,0.624
MOA-2011-BLG-293L b,MOA-2011-BLG-293L,3000.0,1.1,,,,3.84,12.9,1500.0,,,,0.86,
OGLE-2017-BLG-0173L b,OGLE-2017-BLG-0173L,,3.913,,,,4.23,1.62,3.269,,,,0.396,
OGLE-2018-BLG-1269L b,OGLE-2018-BLG-1269L,,4.51,,,,0.412,14.1,210.0,,,,1.11,
KMT-2021-BLG-0119L b,KMT-2021-BLG-0119L,,2.92,,,,4.6,12.8,1754.41280664,,,,0.56,
Kepler-968 c,Kepler-968,5.709404918,0.052,0.0,644.0,58.15,3.98,1.69,3.5,4598.0,0.13,-0.7626,0.76,0.7
Kepler-28 b,Kepler-28,5.91,0.05687,0.0,585.0,62.577,1.185427,1.959,1.63,4499.3,0.1451,-0.74494,0.684,0.664
MOA-2008-BLG-379L b,MOA-2008-BLG-379L,,2.7,,,,3.25,13.0,1300.0,,,,0.56,
MOA-2022-BLG-091L b,MOA-2022-BLG-091L,,3.44,,,,2.85,13.0,1141.00398113,,,,0.75,
KMT-2023-BLG-2209L b,KMT-2023-BLG-2209L,,3.51,,,,0.52,13.9,254.2627256,,,,0.73,
Kepler-1533 b,Kepler-1533,308.5471,0.93416,0.0,330.0,4.786,1.57,3.46,11.8,6431.0,0.03,0.66241,1.31,1.51
Kepler-558 b,Kepler-558,29.00790538,0.1759,0.0,498.0,15.227,2.56,2.37,6.21,5242.0,-0.06,-0.38422,0.85,0.81
Kepler-177 c,Kepler-177,49.40926,0.25655,0.0,497.0,25.4,0.121,8.73,14.7,5732.0,-0.11,0.24,0.921,1.324
OGLE-2014-BLG-1722L b,OGLE-2014-BLG-1722L,,1.5,,,,0.479,8.59,55.3,,,,0.4,
OGLE-2015-BLG-1609L b,OGLE-2015-BLG-1609L,,,,,,0.373,10.4,76.27881768,,,,0.17,
Kepler-690 b,Kepler-690,7.748094374,0.081,0.0,964.0,225.701,0.772,5.95,29.6,5913.0,0.19,0.14056,1.11,1.16
KMT-2025-BLG-1160L b,KMT-2025-BLG-1160L,,2.56,,,,0.87,5.43,25.36,,,,0.58,
Kepler-46 b,Kepler-46,33.60134,0.1968,0.01,543.0,10.9,14.0,9.057,1907.0,5155.0,0.41,-0.255,0.902,0.938
Kepler-188 c,Kepler-188,5.996553,0.066,0.0,1025.0,257.348,1.74,3.19,10.3,6021.0,0.15,0.03447,1.021,1.141
Kepler-586 b,Kepler-586,2.104722184,0.0331,0.0,1365.0,705.051,2.07,2.79,8.2,5575.0,0.0,-0.14099,0.94,0.92
Kepler-245 d,Kepler-245,36.277108,0.202,0.0,445.0,9.492,0.0111,3.03,21.6,5100.0,0.12,-0.39579,0.856,0.795
OGLE-2013-BLG-0341L B b,OGLE-2013-BLG-0341L B,,0.702,,,,5.84,1.16,1.66,,,,0.1127,
KMT-2018-BLG-1976L b,KMT-2018-BLG-1976L,,3.54,,,,1.65,13.3,705.57906354,,,,0.65,
KMT-2017-BLG-0428L b,KMT-2017-BLG-0428L,,1.81,,,,2.77,2.23,5.59,,,,0.34,
KMT-2019-BLG-1806L b,KMT-2019-BLG-1806L,,3.02,,,,3.21,2.0,4.67,,,,0.74,
OGLE-2014-BLG-0124L b,OGLE-2014-BLG-0124L,,3.48,,,,0.405,14.1,206.58846455,,,,0.9,
Kepler-1616 b,Kepler-1616,6.76284377,0.07318,0.0,1337.0,724.861,5.39,1.02,1.04,6266.0,0.02,0.63778,1.21,1.34
Kepler-362 b,Kepler-362,10.327186,0.087,0.0,838.0,207.336,4.96,0.88,0.615,5788.0,-0.12,0.20872,0.904,0.722
Kepler-612 b,Kepler-612,3.722156413,0.0452,0.0,1046.0,997.089,2.03,2.84,8.45,5693.0,0.04,0.30512,0.98,0.96
Kepler-81 c,Kepler-81,12.04,0.08347,0.0,502.0,15.62,1.77,2.37,4.3,4385.0,-0.18,-0.88941,0.64,0.59
OGLE-2013-BLG-1761L b,OGLE-2013-BLG-1761L,,1.8,,,,2.05,13.2,860.0,,,,0.33,
KMT-2016-BLG-1105L b,KMT-2016-BLG-1105L,,2.44,,,,5.42,1.33,2.32,,,,0.41,
TOI-5573 b,TOI-5573,8.79758977,0.0712,0.072,528.0,12.92,0.661,9.75,112.0,3790.0,0.42,-1.15927,0.619,0.594
Kepler-1144 b,Kepler-1144,17.14647302,0.1291,0.0,811.0,62.061,3.22,1.99,4.62,5753.0,-0.03,0.05604,0.98,0.96
Kepler-172 e,Kepler-172,35.118736,0.211,0.0,550.0,23.431,2.1,2.76,8.05,5526.0,0.39,-0.03187,1.081,1.085
Kepler-694 b,Kepler-694,6.365841612,0.0659,0.0,914.0,206.438,2.07,2.8,8.25,5700.0,0.0,-0.07753,0.97,0.95
K2-108 b,K2-108,4.733999,0.0581,0.18,1360.0,762.0,2.22,5.33,59.4,5599.0,0.36,0.40539,1.17,1.76
TOI-201 d,TOI-201,5.84889,0.0698,0.3,1237.0,389.669,11.0,1.39,5.8,6423.0,0.24,0.41664,1.32,1.31
Kepler-373 b,Kepler-373,5.535309,0.06,0.0,1054.0,453.872,5.29,1.36,2.42,5787.0,0.14,0.21244,0.981,0.845
Kepler-377 c,Kepler-377,27.014976,0.182,0.0,677.0,49.855,3.08,2.06,4.9,5949.0,0.05,0.21756,1.043,1.224
Kepler-444 d,Kepler-444,6.189392,0.06,0.18,783.0,109.638,7.9,0.53,0.2,5046.0,-0.55,-0.42455,0.758,0.752
Kepler-1649 b,Kepler-1649,8.689099,0.0514,0.0,307.0,2.208,5.38,1.017,1.03,3240.0,-0.15,-2.28735,0.1977,0.2317
Kepler-179 c,Kepler-179,6.40013,0.064,0.0,810.0,115.983,3.2,2.0,4.66,5302.0,0.12,-0.27765,0.893,0.759
K2-179 b,K2-179,5.172191,,,,,2.38,2.51267885,6.86,5015.0,0.03,-0.52287,0.824345,0.768067
Kepler-219 d,Kepler-219,47.903645,0.272,0.0,598.0,20.01,4.73,2.81,19.1,5786.0,0.36,0.2139,1.164,1.491
Kepler-50 b,Kepler-50,7.81254,0.077,0.0,1196.0,494.705,6.04982,1.71,8.9,6225.0,0.03,0.53582,1.24,1.58
Kepler-1787 b,Kepler-1787,39.31370163,0.227,0.0,540.0,20.04,2.64,2.31898181,5.99,6060.0,-0.22,-0.0984,1.008,0.925
Kepler-1542 b,Kepler-1542,3.95116882,0.04765,0.0,1160.0,518.437,4.54,0.76,0.363,5564.0,0.06,0.07026,0.94,0.99
Kepler-1444 b,Kepler-1444,33.42035034,0.20906,0.0,581.0,25.942,2.86,2.18,5.39,5810.0,0.06,0.02131,1.03,1.05
Kepler-1997 b,Kepler-1997,26.7575866,0.1815,0.0,660.0,44.86,2.7,2.28,5.82,6215.0,-0.06,0.13162,1.111,1.052
Kepler-241 b,Kepler-241,12.718092,0.094,0.0,562.0,23.6,2.62,2.33,6.04,4699.0,0.031,-0.60729,0.671,0.668
Kepler-1624 b,Kepler-1624,3.290314,0.0327,0.0,540.0,6.01,0.678,6.59,35.3,3768.0,0.269,-1.32262,0.541,0.552
K2-168 b,K2-168,15.8523,,,766.35,,3.52,1.86,4.12,5502.7,-0.13,-0.17649,0.877,0.83
K2-119 b,K2-119,7.727283,0.0698,0.07,666.0,54.9,2.35,2.53,6.94,4740.0,-0.05,-0.68533,0.76,0.71
Kepler-730 c,Kepler-730,2.85188338,0.03997,0.0,1607.0,903.77,4.39,1.56926,3.09,5620.0,0.21,0.23596,1.047,1.411
TOI-5319 b,TOI-5319,4.07853,0.0506,,695.0,38.7885,2.04,2.83,8.4,3580.0,,-1.45905,0.5,0.485
HD 80883 b,HD 80883,6383.78352,6.462,0.203,88.66,0.0103,4.58,12.8,1748.0562385,5177.91,-0.2638,-0.36654,0.88,0.814842
Kepler-1585 b,Kepler-1585,3.5827463,0.0445,0.0,1064.0,182.941,3.7,1.79,3.86,5538.0,0.08,-0.43354,0.94,0.91
Kepler-1961 b,Kepler-1961,5.604710102,0.0588,0.0,866.0,132.98,4.21,1.6187808,3.25,5401.0,-0.16,-0.27557,0.871,0.777
Kepler-1446 b,Kepler-1446,0.689967832,0.01405,0.0,1539.0,1213.333,4.75,0.82,0.477,4865.0,0.11,-0.65135,0.81,0.75
Kepler-342 c,Kepler-342,26.234138,0.185,0.0,754.0,77.29,3.28,1.96,4.5,6175.0,-0.0006,0.45345,1.213,1.472
K2-121 b,K2-121,5.185738,0.0525,0.22,716.0,62.5,0.7,7.16,51.0,4526.0,0.04,-0.74531,0.71,0.675
Kepler-279 e,Kepler-279,98.3531,0.439,0.0,552.0,21.96,7.3,4.13,56.0,6689.45,-0.1141,0.5188,1.164,1.43
KOI-3680 b,KOI-3680,141.241671,0.534,0.496,347.0,3.3,2.46,11.09691,613.4119,5830.0,0.16,0.06783,1.01,0.96
Kepler-1638 b,Kepler-1638,259.33683,0.745,0.0,304.0,2.76,3.5,1.87,4.16,5710.0,-0.01,-0.114,0.97,0.95
K2-146 b,K2-146,2.6446,0.0248,0.129,534.0,20.7,3.69,2.05,5.77,3385.0,-0.02,-1.82391,0.331,0.33
Kepler-677 b,Kepler-677,6.57531678,0.067,0.0,1015.0,683.274,0.882,5.38,25.0,5723.0,0.06,0.38964,1.0,0.99
TOI-5344 b,TOI-5344,3.792622,0.04041,0.054,689.0,38.0,0.604,10.60369574,130.94530368,3747.0,0.425,-1.21254,0.612,0.588
Kepler-1811 b,Kepler-1811,76.42230225,0.3462,0.0,455.0,10.11,1.36,3.84829873,14.1,5561.0,0.16,0.1541,0.946,1.19
Kepler-481 b,Kepler-481,10.06082567,0.08926,0.0,899.0,183.842,2.39,2.5,6.8,5802.0,0.03,0.20725,1.01,1.09
Kepler-375 c,Kepler-375,19.986326,0.141,0.0,720.0,33.152,2.22,2.65,7.51,5826.0,-0.04,-0.16278,0.891,0.837
Kepler-113 c,Kepler-113,8.92507,0.07796,0.0,628.0,45.596,0.308247,2.18,8.7,4725.0,0.05,-0.57598,0.75,0.69
Kepler-9 b,Kepler-9,19.23891,0.143,0.0609,661.0,48.229,0.42,8.29,43.4,5774.0,0.05,-0.038,1.022,0.958
Kepler-1590 b,Kepler-1590,7.61760804,0.07116,0.0,1020.0,171.478,5.75,1.14,1.55,6053.0,0.03,0.06336,1.11,1.16
Kepler-1514 b,Kepler-1514,217.83184,0.753,0.401,387.9,3.23,4.82,12.419572,1678.1424,6145.0,0.119,0.32838,1.196,1.289
Kepler-175 b,Kepler-175,11.903515,0.105,0.0,827.0,129.639,2.32,2.56,7.08,6064.0,0.04,0.19402,0.969,1.01
K2-83 b,K2-83,2.74697,0.03014,0.07,707.17,41.5,5.94,1.244,2.08,3910.0,,-1.20362,0.484,0.424
Kepler-231 c,Kepler-231,19.271566,0.114,0.0,393.0,6.267,0.97,1.93,24.1,3767.0,-0.1,-1.03621,0.58,0.49
Kepler-1683 b,Kepler-1683,15.0337,0.1182,0.0,669.0,47.32,3.48,1.87477762,4.17,5429.0,0.16,-0.19763,0.95,0.900327
Kepler-1653 b,Kepler-1653,140.2524,0.4706,0.0,284.0,0.98,2.88,2.17,5.35,4807.0,-0.18,-0.636,0.719,0.693
Kepler-150 c,Kepler-150,7.381998,0.073,0.0,876.0,132.091,1.44,3.69,13.2,5560.0,0.12,-0.16141,0.956,0.939
Kepler-239 b,Kepler-239,11.763051,0.095,0.0,616.0,34.746,2.62,2.33,6.04,4914.0,0.17,-0.47489,0.757,0.763
Kepler-343 c,Kepler-343,23.22182,0.167,0.0,746.0,57.932,3.16,2.02,4.74,5807.0,0.1445,0.2162,1.055,1.433
TOI-5380 b,TOI-5380,3.77229247873,,,1479.0,796.305,1.55,3.48093238,11.9,6400.78,,0.60044,1.343,1.5621
Kepler-1022 b,Kepler-1022,10.99469878,0.0805,0.0,512.0,19.258,2.58,2.36,6.17,4445.0,0.06,-0.85831,0.71,0.68
Kepler-354 b,Kepler-354,5.47666,0.054,0.0,741.0,64.845,3.56,1.84,4.04,4648.0,-0.03,-0.71394,0.652,0.674
Kepler-1434 b,Kepler-1434,8.05333618,0.0917,0.0,1320.0,925.289,5.67,1.11,1.41,6291.0,0.19,0.86244,1.47,2.04
Kepler-1593 b,Kepler-1593,174.509835,0.55494,0.0,260.0,0.889,1.76,3.17,10.2,4995.0,0.02,-0.652,0.81,0.77
Kepler-1453 b,Kepler-1453,47.1611696,0.262,0.0,503.0,11.889,2.2,2.67,7.61,5665.0,0.01,-0.13974,0.97,0.94
Kepler-1989 b,Kepler-1989,10.161023528,0.0918,0.0,904.0,157.97,1.08,4.62,19.3,6032.0,-0.14,0.27935,0.999,1.06
K2-122 b,K2-122,2.2193023,0.0373,0.21,769.0,79.9,5.81,1.16,1.65,4009.0,0.32,-1.10237,0.63,0.59
Kepler-1046 b,Kepler-1046,14.37508035,0.11858,0.0,786.0,101.4,3.92,1.71,3.57,5913.0,0.0,0.06429,1.04,1.04
Kepler-1907 c,Kepler-1907,14.86390018,0.10371,0.0,620.0,20.6,5.81,1.15547044,1.63,5159.0,-0.16,-0.62479,0.752,0.8
Kepler-1594 b,Kepler-1594,2.71603809,0.0396,0.0,1360.0,672.414,5.54,1.06,1.2,5946.0,0.03,-0.00032,1.06,1.08
Kepler-80 b,Kepler-80,7.05246,0.0648,0.0049,547.0,54.382,1.38,2.67,6.93,4540.0,0.04,-0.76955,0.73,0.678
Kepler-438 b,Kepler-438,35.23319,0.166,0.03,288.0,1.4,5.71,1.12,1.46,3748.0,0.16,-1.357,0.544,0.52
Kepler-1455 b,Kepler-1455,49.276764,0.2149,0.0,298.0,1.533,2.9,2.16,5.31,4075.0,-0.02,-1.14066,0.62,0.6
Kepler-1490 b,Kepler-1490,92.4362973,0.3729,0.0,348.0,3.788,1.85,3.04,9.48,5515.0,-0.08,-0.31879,0.9,0.87
Kepler-700 b,Kepler-700,80.8720639,0.3577,0.0,452.0,12.071,0.767,5.99,30.0,5692.0,0.04,0.22961,0.98,0.96
K2-345 b,K2-345,10.367437,,,437.0,,2.98,2.11,5.1,3779.0,0.26,-1.32045,0.56,0.52
Kepler-1133 b,Kepler-1133,11.55562343,0.0983,0.0,703.0,55.758,3.26,1.97,4.54,5569.0,-0.02,-0.20972,0.93,0.9
Kepler-1953 b,Kepler-1953,6.245659828,0.0607,0.0,731.0,67.62,5.69,1.28574667,2.2,4858.0,-0.02,-0.62962,0.786,0.707
Kepler-53 b,Kepler-53,18.6489525,0.1361,0.0,701.0,60.997,1.18,2.89,111.0,5858.0,0.0,0.03558,0.98,0.89
Kepler-1518 b,Kepler-1518,5.11177904,0.0593,0.0,1351.0,1079.458,1.85,3.05,9.53,6846.0,0.06,0.69092,1.54,1.88
Kepler-251 b,Kepler-251,4.790936,0.053,0.0,990.0,203.169,5.44,1.33,2.33,5526.0,-0.06,-0.17197,0.891,0.89
Kepler-370 c,Kepler-370,19.02293,0.14,0.0,647.0,54.197,3.4,1.91,4.31,5852.0,0.1323,0.00609,0.982,0.9
Kepler-1161 b,Kepler-1161,10.71252541,0.0784,0.0,485.0,26.229,2.95,2.13,5.18,4253.0,-0.35,-0.65314,0.59,0.57
Kepler-1184 b,Kepler-1184,53.5991044,0.2863,0.0,529.0,18.039,2.18,2.68,7.65,5983.0,-0.04,0.06532,1.05,1.07
Kepler-1181 c,Kepler-1181,8.93484887,0.0928,0.0,1124.0,377.25,3.6,1.83,4.01,6688.0,0.07,0.47243,1.336,1.347
Kepler-1599 b,Kepler-1599,122.363553,0.4823,0.0,407.0,8.196,4.21,1.62,3.26,5767.0,0.02,0.24119,0.99,0.99
Kepler-442 b,Kepler-442,112.3053,0.409,0.04,241.0,0.66,5.39,1.34,2.36,4402.0,-0.37,-0.932,0.609,0.598
Kepler-1185 b,Kepler-1185,104.3518976,0.4297,0.0,355.0,9.31,5.44,1.33,2.33,5622.0,-0.04,0.28187,0.96,0.87
K2-181 b,K2-181,6.8941,0.0706,0.4,949.0,192.0,2.17,2.69,7.7,5528.0,0.18,-0.01252,0.96,1.06
Kepler-31 d,Kepler-31,87.6451,0.4,0.0,484.0,11.8,0.077,3.9,2161.244,6340.0,-0.076,0.30134,1.21,1.22
Kepler-1070 b,Kepler-1070,6.2216147,0.06753,0.0,1101.0,380.134,3.86,1.73,3.64,6261.0,0.03,0.28486,1.21,1.32
Kepler-1162 b,Kepler-1162,32.5637069,0.19,0.0,490.0,12.245,2.81,2.21,5.52,5390.0,-0.03,-0.32228,0.89,0.84
Kepler-1560 b,Kepler-1560,3.03195744,0.04175,0.0,1269.0,593.919,4.99,0.89,0.64,5815.0,0.04,-0.03447,1.02,1.02
Kepler-1702 b,Kepler-1702,18.5012,0.1275,0.0,555.0,22.4,4.28,1.60190793,3.2,5093.0,-0.24,-0.49585,0.85,0.725742
Kepler-1621 b,Kepler-1621,92.263714,0.4204,0.0,469.0,14.055,2.9,2.16,5.31,6158.0,0.03,0.47822,1.15,1.24
Kepler-240 c,Kepler-240,7.953528,0.074,0.0,696.0,59.838,52.8,2.2,102.3,4985.0,0.41,-0.52355,0.868,0.739
Kepler-1972 c,Kepler-1972,11.3295,0.10493,0.043,1215.0,198.4,18.4,0.868,2.11,5818.0,0.23,0.29447,1.12,1.384
K2-278 b,K2-278,3.334966,0.0488,,1711.0,1051.5587,1.9,2.98,9.17,6747.0,0.0,0.39867,1.4,1.61
Kepler-42 d,Kepler-42,1.865169,0.0154,0.02,450.0,12.538,0.55,0.57,0.357785,3068.0,-0.33,-2.62,0.13,0.17
Kepler-1050 b,Kepler-1050,15.3787546,0.12353,0.0,1039.0,62.025,4.28,1.6,3.19,6010.0,0.03,0.05871,1.09,1.13
Kepler-1001 b,Kepler-1001,14.30511983,0.11147,0.0,693.0,40.853,1.78,3.15,10.1,5491.0,-0.03,-0.27856,0.9,0.88
Kepler-478 b,Kepler-478,13.2217576,0.1032,0.0,640.0,39.56,2.15,2.71,7.8,5210.0,-0.03,-0.371,0.85,0.8
Kepler-1164 b,Kepler-1164,3.97599768,0.04635,0.0,936.0,181.205,5.71,1.12,1.46,5183.0,-0.03,-0.39926,0.85,0.79
Kepler-692 b,Kepler-692,21.81293494,0.1495,0.0,639.0,28.504,1.8,3.11,9.85,5440.0,-0.01,-0.23346,0.9,0.86
Kepler-1464 c,Kepler-1464,5.32786292,0.06101,0.0,1023.0,968.555,5.34,1.0,0.972,5828.0,0.03,0.42978,1.02,1.01
K2-268 c,K2-268,9.327527,0.0819,,696.0,55.4636,2.17,2.69,7.7,5106.0,0.03,-0.42942,0.84,0.78
Kepler-594 b,Kepler-594,13.64618192,0.1089,0.0,678.0,59.396,2.86,2.18,5.39,5485.0,-0.03,-0.19321,0.91,0.87
Kepler-23 c,Kepler-23,10.74,0.09501,0.021,1008.0,257.39,1.576894,3.005,7.81,5828.0,-0.112,0.39783,1.078,1.548
Kepler-150 b,Kepler-150,3.428054,0.044,0.0,1131.0,367.262,5.91,1.25,2.1,5560.0,0.12,-0.16141,0.956,0.939
Kepler-199 b,Kepler-199,23.637604,0.158,0.0,595.0,31.679,1.8,3.11,9.85,5644.0,0.0,-0.09685,0.96,0.967
Kepler-1499 b,Kepler-1499,44.2008,0.23225,0.0,409.0,7.371,5.9,1.19,1.81,5097.0,-0.01,-0.46443,0.82,0.78
Kepler-1498 b,Kepler-1498,48.051405,0.2528,0.0,564.0,9.86,5.44,1.33,2.33,5256.0,-0.01,-0.16563,0.86,0.81
Kepler-611 b,Kepler-611,2.437033302,0.0351,0.0,1513.0,1825.301,4.11,1.65,3.36,5761.0,0.06,0.38338,1.01,1.01
TOI-5502 b,TOI-5502,11.62592988285,,,870.0,95.1955,1.24,4.1287378,15.9,6088.71,,0.40035,1.244,1.32375
Kepler-1141 b,Kepler-1141,2.344511944,0.03496,0.0,1471.0,1146.953,4.75,0.82,0.477,5791.0,0.04,0.1551,1.01,1.07
Kepler-1073 b,Kepler-1073,8.67888593,0.0805,0.0,905.0,128.55,2.66,2.3,5.9,5792.0,0.0,-0.01023,1.0,1.0
Kepler-1170 b,Kepler-1170,9.98969327,0.088,0.0,705.0,69.537,2.51,2.41,6.39,5069.0,-0.09,-0.3384,0.8,0.76
Kepler-157 d,Kepler-157,7.02573474,0.0706,0.0,969.0,244.058,4.82,1.46,2.73,5866.0,-0.01,0.09117,1.02,1.03
Kepler-549 c,Kepler-549,117.040498,0.45332,0.0,349.0,2.51,1.95,2.93,8.91,5360.0,-0.03,-0.30618,0.88,0.84
Kepler-688 b,Kepler-688,3.895936844,0.046,0.0,1005.0,458.912,0.406,9.76,68.7,5715.0,0.02,-0.02364,0.98,0.96
Kepler-632 b,Kepler-632,30.99660733,0.1885,0.0,500.0,14.72,2.81,2.21,5.52,5322.0,0.11,-0.292,0.91,0.84
Kepler-1502 b,Kepler-1502,41.7083629,0.2482,0.0,608.0,77.324,1.74,3.18,10.2,6666.0,0.05,0.74202,1.44,1.72
Kepler-253 b,Kepler-253,3.783986,0.046,0.0,949.0,194.346,4.17,1.63,3.29,5208.0,0.15,-0.38741,0.86,0.786
Kepler-1119 b,Kepler-1119,8.3265153,0.0812,0.0,938.0,182.69,3.38,1.92,4.35,6083.0,0.03,0.48586,1.11,1.17
Kepler-543 b,Kepler-543,13.89961966,0.1023,0.0,521.0,23.081,2.39,2.5,6.8,4671.0,-0.19,-0.64251,0.7,0.67
Kepler-693 b,Kepler-693,15.37563332,0.1121,0.0,600.0,31.641,0.384,10.18,73.8,4881.0,-0.1,-0.42704,0.76,0.72
Kepler-1710 b,Kepler-1710,14.91110039,0.11583,0.0,694.0,48.9,1.11225,3.19744103,3.49494179,5650.0,-0.04,-0.14261,0.932,0.899
Kepler-1928 b,Kepler-1928,19.57783,0.194,0.43,621.0,37.8,3.22,1.992,4.63,5720.0,0.12,-0.09151,1.01,0.92
Kepler-1999 b,Kepler-1999,8.7396758,0.0713,0.0,577.0,26.17,1.67,3.29,10.8,4406.0,-0.24,-0.77323,0.632,0.628
KOI-7368 b,KOI-7368,6.8430344,0.0678,0.0,805.0,99.24,2.79,2.22,5.56,5241.0,0.0578,-0.31552,0.879,0.874
K2-198 b,K2-198,17.0428683,,,715.8,,1.22,4.189,16.3,5212.9,0.094,-0.40084,0.799,0.757
Kepler-227 c,Kepler-227,54.418694,0.29,0.0,443.0,10.186,1.85,3.04,9.48,5854.0,0.1,-0.12113,0.954,1.091
Kepler-26 d,Kepler-26,3.543919,0.039,0.0,652.0,31.79,5.56,1.07,1.24,4486.0,-0.21,-1.06048,0.593,0.571
KELT-17 b,KELT-17,3.0801716,0.04881,,2087.0,3331.8707,0.46,17.093725,416.3573,7454.0,-0.018,0.87564,1.635,1.645
IC 4651 9122 b,IC 4651 9122,734.0,2.038,0.18,513.04,10.4109,5.37,12.7,2002.329,4740.1,0.12,1.6359,2.1,10.267424
GJ 229 b,GJ 229,579.47495,1.086,0.404,111.85,0.0237,1.31,3.97,14.93793513,3564.0,,-1.55284,0.509,0.46
GJ 180 c,GJ 180,24.329,0.129,0.09,290.87,0.7812,2.51,2.41,6.4,3371.0,,-1.88606,0.43,0.413049
HD 68988 c,HD 68988,16000.0,13.2,0.45,87.5,0.0096,14.5,12.2,4776.96095721,5883.41,0.3052,0.22184,1.171665,1.255733
KIC 5479689 b,KIC 5479689,1.701531,,,,,0.305,14.2,158.9142035,5459.1,0.161,-0.20099,0.966,0.894
HD 93385 b,HD 93385,7.3426,0.0756,0.295,1141.0,281.697,3.47,1.88,4.2,5977.0,0.02,0.20683,1.04,1.18484
Kepler-294 c,Kepler-294,6.6264,0.071,0.0,895.0,151.491,2.15,2.71,7.8,5913.0,0.11,-0.14755,0.947,0.976
TOI-4311 c,TOI-4311,15.070425,0.1116,0.22,671.0,33.8,5.29,2.47,13.58,5063.0,-0.065,-0.37469,0.816,0.8441
WASP-118 b,WASP-118,4.0460435,0.05453,0.0,1729.0,6586.47,0.233,16.14096,163.36462,6410.0,0.16,0.65885,1.32,1.696
TAP 26 b,TAP 26,10.79,0.0968,,774.52,60.0135,1.18,13.5,527.5978,4620.0,-0.1992,-0.25,1.04,1.17
HD 92788 c,HD 92788,11611.2975,10.5,0.46,91.27,0.0095,2.92,13.0,1166.4361,5744.0,0.27,0.02,1.15,1.14
GJ 422 b,GJ 422,20.129,0.111,0.11,292.68,0.8928,1.65,3.33,11.07,3323.0,,-1.95861,0.35,0.370328
GJ 414 A c,GJ 414 A,749.83,1.4,0.105,124.7,0.0607,0.499,8.4,53.83,4120.0,0.24,-0.92445,0.65,0.68
TOI-3593 b,TOI-3593,3.8212867,0.0481,0.105,1170.0,308.0,2.31,11.02963701,565.73456446,5550.0,0.384,-0.14146,1.015,0.918
WASP-195 b,WASP-195,5.051928,0.063,0.0,1522.0,890.0,0.16,10.31226224,33.05415433,6300.0,0.0,0.5414,1.3,1.578
TOI-4529 b,TOI-4529,5.879577,,,511.0,14.6089,4.8,1.77,4.9,3697.0,-0.24,-1.41263,0.482,0.48
HD 27631 b,HD 27631,2198.14,3.242,0.141,147.61,0.0836,1.11,13.5,495.81231492,5737.0,-0.12,-0.056,0.944,0.923
Wolf 503 b,Wolf 503,6.00127,0.05706,0.41,790.0,69.6,2.92,2.043,6.26,4716.0,-0.47,-0.67572,0.688,0.689
WASP-183 b,WASP-183,4.1117771,0.04632,,1111.0,268.7176,0.21,16.47723,159.55066,5313.0,-0.31,-0.20873,0.784,0.871
Kepler-1747 b,Kepler-1747,6.230319977,0.066,0.0,875.0,138.33,1.19,4.26508,16.8,5477.0,0.21,-0.20529,0.983,0.865
Kepler-906 b,Kepler-906,41.6979976,0.22363,0.0,537.0,21.987,2.98,2.11,5.1,6035.0,-0.09,0.09641,1.06,1.02
TOI-4551 b,TOI-4551,9.95581,0.0994,0.101,1655.0,1247.74,1.74,11.85910158,473.56432643,4896.0,0.23,0.80277,1.31,3.55
HD 98649 b,HD 98649,5384.0,5.97,0.852,114.22,0.0272,8.67,12.5,3082.9355479,5759.0,-0.06,-0.01412,0.97,1.01
Kepler-780 b,Kepler-780,0.677375164,0.015,0.0,2099.0,4572.56,4.99,0.89,0.64,5769.0,0.05,0.0169,1.01,1.02
NGTS-16 b,NGTS-16,4.84532,0.0523,0.0,1177.0,480.0,0.38,14.57167491,211.99154747,5550.0,0.35,0.11732,1.002,1.213
TOI-1634 b,TOI-1634,0.98934551,0.01544,0.0,900.0,121.0,5.282044,1.759,4.9,3550.0,0.23,-1.5391,0.502,0.45
Kepler-275 b,Kepler-275,10.300682,0.098,0.0,1015.0,266.3,2.61,2.34,6.08,6165.0,0.08,0.44934,1.189,1.383
Kepler-121 c,Kepler-121,41.008011,0.216,0.0,425.0,7.296,2.71,2.27,5.77,5311.0,-0.08,-0.47396,0.859,0.701
TOI-4342 c,TOI-4342,10.688662,0.0804,0.0,514.0,11.6,2.01,2.349,4.8,3866.0,0.26,-1.12494,0.587,0.598
Kepler-168 b,Kepler-168,4.425391,0.056,0.0,1240.0,725.064,4.82,1.46,2.73,6282.0,0.09,0.36071,1.113,1.107
HD 42012 b,HD 42012,857.5,1.67,0.2,182.63,0.1927,1.14,13.5,508.528,5405.0,-0.09,-0.26975,0.83,0.82
Qatar-10 b,Qatar-10,1.645321,0.0286,0.0,1955.0,1816.48,0.248,17.295487,233.92288,6124.0,0.016,0.29951,1.156,1.254
GJ 720 A b,GJ 720 A,19.466,0.119,0.12,401.0,4.2846,1.4,3.77,13.64,3837.0,-0.14,-1.217,0.57,0.56
HD 137496 b,HD 137496,1.62116,0.02732,0.0,2130.0,3114.3366,10.49,1.31,4.04,5799.0,-0.03,0.36633,1.04,1.59
K2-389 b,K2-389,8.58289,,,932.0,179.0,2.62,2.33,6.04,5773.0,0.038,0.10644,0.99,1.094
Kepler-17 b,Kepler-17,1.4857108,0.02591,0.011,1570.0,1481.766,1.35,14.68,778.65,5781.0,0.26,0.01164,1.04,1.01034
Kepler-176 b,Kepler-176,5.433074,0.058,0.0,841.0,123.802,179.0,1.43,290.537,5232.0,0.13,-0.40427,0.86,0.891
NN Ser d,NN Ser,2880.0,3.39,0.24,,,1.69,13.3,724.622,57000.0,,,0.535,
HD 214823 b,HD 214823,1854.84424,3.08,0.161,243.9,0.4586,18.3,12.1,5914.78665427,6215.0,0.17,0.63849,1.115,2.04
Kepler-761 b,Kepler-761,10.12804789,0.0874,0.0,767.0,95.447,3.14,2.03,4.78,5706.0,-0.09,-0.11728,0.95,0.93
TOI-216.01,TOI-216,34.525528,0.2069,0.0046,497.0,10.1,0.76,10.1,177.98390792,5026.0,0.32,-0.44159,0.77,0.748
TOI-1259 A b,TOI-1259 A,3.4779792,0.0408,0.0,963.0,153.1389,0.49,11.6,141.0,4775.0,-0.5,-0.58996,0.746,0.715
Kepler-107 e,Kepler-107,14.749143,0.12638,0.1,955.0,138.7,3.18,2.903,14.1,5854.0,0.321,0.36449,1.238,1.447
Kepler-450 c,Kepler-450,15.413135,0.13351,0.02,944.0,213.731,8.8,2.62,12.5,6197.21,0.1278,0.55403,1.19,1.64162
TOI-4578 b,TOI-4578,8.62392630369,,,842.42,119.0248,2.71,2.26974262,5.77,5951.32,,-0.06918,1.077,0.878735
HD 1605 b,HD 1605,577.2,1.492,0.095,362.48,2.9004,0.621,13.8,296.85322,4915.0,0.22,0.81,1.33,3.49
HD 210193 b,HD 210193,649.918,1.487,0.24,235.69,0.5142,0.288,14.3,153.1,5790.0,0.13,0.05578,1.04,1.05971
HD 108236 c,HD 108236,6.203449,0.062,0.034,932.0,162.1675,3.06,2.071,4.94,5660.0,-0.28,-0.14997,0.869,0.877
K2-392 b,K2-392,15.398723,,,,,3.54,1.85,4.08,5726.0,-0.238,0.04791,0.841,1.058
TOI-4145 A b,TOI-4145 A,4.0664428,0.04823,0.0,1074.0,223.0,0.32,13.30506009,136.66621501,5281.0,0.168,-0.28735,0.905,0.859
TOI-4379 b,TOI-4379,3.25352,,0.018,1869.38,2886.0903,0.418,16.69017226,353.74301699,6020.0,0.16,0.63749,1.372,1.976
Kepler-1663 b,Kepler-1663,17.6046,0.1072,0.0,362.0,4.07,1.66,3.30395896,10.9,3844.0,0.06,-1.10944,0.610816,0.62859
Kepler-273 c,Kepler-273,8.014927,0.073,0.0,865.0,74.887,3.24,1.98,4.58,5626.0,-0.28,-0.34099,0.756,0.815
GJ 3138 c,GJ 3138,5.974,0.057,0.11,530.85,13.9,3.46,1.88,4.18,3717.0,-0.3,-1.34679,0.681,0.5
K2-291 b,K2-291,2.225177,0.03261,0.0,1278.0,633.0,8.84,1.589,6.49,5520.0,0.08,-0.16622,0.934,0.899
HD 39855 b,HD 39855,3.2498,0.041,0.14,1145.89,287.2,2.02,2.85,8.5,5576.0,,-0.31625,0.87,0.744665
HIP 90988 b,HIP 90988,455.73816,1.36,0.081,400.77,4.1955,1.53,13.4,668.07531151,4883.0,0.17,0.88986,1.613,3.94
TOI-558 b,TOI-558,14.574071,0.1291,0.298,1061.0,248.8554,3.5,12.17295304,1147.36054927,6466.0,-0.004,0.54654,1.349,1.496
GPX-1 b,GPX-1,1.744579,0.0338,0.0,2300.0,4650.0,8.222423,16.47720163,6261.2196179,7000.0,0.35,0.72673,1.68,1.56
TOI-3819 b,TOI-3819,3.2443141,0.04611,0.0,1633.0,1186.0,0.85,13.13692538,352.78953177,5859.0,0.273,0.39967,1.242,1.538
Kepler-181 b,Kepler-181,3.137873,0.04,0.0,1041.0,255.584,5.77,1.27,2.15,5333.0,-0.04,-0.37878,0.81,0.749
K2-38 c,K2-38,10.56103,0.09514,0.161,916.0,117.0,3.8,2.29,8.3,5731.0,0.26,0.03743,1.03,1.06
HD 224538 b,HD 224538,1202.05199,2.375,0.476,236.74,0.523,5.57,12.7,2075.73732612,6097.0,0.27,0.46982,1.23,1.54
GJ 273 b,GJ 273,18.6498,0.091101,0.1,292.47,1.06,4.61,1.51,2.89,3382.0,0.09,-2.05552,0.29,0.293
K2-292 b,K2-292,16.9841,0.13,0.04,795.0,67.0,7.4,2.63,24.5,5725.0,0.07,0.09254,1.0,1.09
GJ 4276 b,GJ 4276,13.352,0.082,0.37,363.86,2.9298,1.21,4.22,16.57,3387.0,0.12,-1.70553,0.406,0.407
HD 102843 b,HD 102843,3090.942,4.074,0.11,127.34,0.0438,0.278,13.1,113.9,5436.0,0.16,-0.13814,0.95,0.961488
Kepler-271 b,Kepler-271,10.43547805,0.08784,0.0,759.0,75.957,6.02,1.23,2.04,5555.0,-0.13,-0.25319,0.9,0.87
CFHTWIR-Oph 98 b,CFHTWIR-Oph 98 A,8040000.0,200.0,,1800.0,0.0,1.5,20.8487041,2479.0615746,2320.0,,-2.85,0.0147,0.245
TOI-1431 b,TOI-1431,2.650237,0.046,0.0022,2370.0,5300.0,1.17,16.70138124,991.62462984,7690.0,0.09,1.06819,1.9,1.92
K2-395 c,K2-395,8.491282,,,,,1.6,3.395,11.4,5007.0,-0.033,-0.41264,0.952,0.783
TOI-4406 b,TOI-4406,30.08364,0.201,0.15,904.0,58.0054,0.372,11.2089807,95.3485221,6219.0,0.1,0.36173,1.19,1.29
Kepler-149 d,Kepler-149,160.018032,0.571,0.0,306.0,2.446,1.32,3.96,14.9,5381.0,0.3805,-0.11929,1.013,0.953
TOI-4405 b,TOI-4405,5.92143995316,,,671.87,48.1559,2.33,2.55505441,7.06,4467.38,,-0.81302,0.68,0.687025
TOI-5027 b,TOI-5027,10.24368,0.093,0.385,1056.0,190.912,2.94,10.76062147,642.01338214,5909.0,-0.15,-0.03058,1.02,0.92
GJ 273 c,GJ 273,4.7234,0.036467,0.17,462.26,6.66,5.44,1.06,1.18,3382.0,0.09,-2.05552,0.29,0.293
HD 20781 d,HD 20781,29.158,0.1647,0.11,570.19,18.0638,1.7,3.25,10.61,5256.0,-0.11,-0.3098,0.7,0.833609
HD 110113 b,HD 110113,2.541,0.035,0.093,1371.0,735.49,2.9,2.05,4.55,5732.0,0.14,-0.03235,0.997,0.968
HAT-P-63 b,HAT-P-63,3.377728,0.04294,0.069,1237.0,387.4,0.54,12.5428494,195.1466419,5400.0,0.251,-0.1463,0.925,0.9661
K2-398 b,K2-398,6.393025,,,,,2.71,2.274,5.79,5946.0,-0.257,0.25966,0.945,1.239
TOI-3862 b,TOI-3862,1.55745774,0.02539,0.0232,1539.0,358.839,1.75,5.53,53.7,5300.0,0.11,-0.19443,0.9,0.92
Kepler-284 c,Kepler-284,37.514456,0.213,0.0,478.0,9.042,2.26,2.61,7.32,5615.0,-0.26,-0.34097,0.766,0.814
TOI-4662 b,TOI-4662,4.70343764575,,,741.0,50.104,1.99,2.87998299,8.65,4520.41,,-0.7574,0.703,0.69375
NGC 2682 YBP 401 b,NGC 2682 YBP 401,4.087,,0.15,,,0.275,14.3,146.2018,6165.0,-0.046,0.28942,1.14,1.215821
WASP-142 b,WASP-142,2.052868,0.0347,0.0,2000.0,3140.9238,0.31,17.14977,266.9772,6010.0,0.26,0.51325,1.33,1.64
WASP-171 b,WASP-171,3.8186244,0.0504,0.0,1642.0,1200.24,1.5,10.98482,344.52772,5965.0,0.04,0.67172,1.171,1.637
TOI-1789 b,TOI-1789,3.208664,0.04882,,1927.0,2300.0,0.28,16.14093221,222.4798849,5991.0,0.373,0.7364,1.507,2.168
HD 35843 c,HD 35843,46.9622,0.25,0.153,479.0,11.3814,3.8,2.54,11.32,5666.0,-0.27,-0.12494,0.94,0.897
TOI-4666 b,TOI-4666,2.9089165,0.034,0.023,695.0,55.6,0.43,12.53164042,155.41809102,3793.0,0.79,-1.19518,0.576,0.585
BD+20 594 b,BD+20 594,41.6855,0.241,0.0,546.0,15.1513,7.89,2.57807,22.2481,5766.0,-0.15,-0.05552,1.67,1.08
Kepler-19 d,Kepler-19,62.95,,0.05,,,0.954,5.06,22.5,5544.0,-0.08,-0.16056,0.936,0.859
GJ 143 b,GJ 143,35.61253,0.1915,0.188,422.0,7.0423,7.0,2.61,22.7,4640.0,0.003,-0.6862,0.73,0.695
WASP-182 b,WASP-182,3.3769848,0.0451,0.0,1479.0,756.261,0.318,9.52765,47.03884,5638.0,0.27,0.15545,1.076,1.34
HD 107148 c,HD 107148,18.3267,0.1407,0.34,799.68,66.7145,1.05,4.7,19.89605828,5752.92,0.2964,0.12081,1.105215,1.169193
Kepler-833 b,Kepler-833,18.7546998,0.1139,0.0,382.0,8.313,3.16,2.02,4.74,4339.0,-0.18,-0.79309,0.64,0.62
Kepler-94 b,Kepler-94,2.50806,0.03377,0.0,997.0,216.094,1.45,3.51,10.84,4781.0,0.34,-0.61348,0.81,0.76
TOI-4463 A b,TOI-4463 A,2.8807198,0.04036,0.0,1395.0,633.0,0.595,13.26022417,252.35575516,5640.0,0.25,0.01115,1.056,1.062
HATS-9 b,HATS-9,1.915291,0.0312,0.075,1746.0,2292.0839,0.626,13.85,266.02371,5599.0,0.38,0.3118,1.1,1.56
TYC 0434-04538-1 b,TYC 0434-04538-1,193.2,0.66,0.08,877.8,107.3772,5.2,12.7,1938.763,4679.0,-0.38,1.67,1.04,9.99
Kepler-839 b,Kepler-839,37.8144514,0.2316,0.0,626.0,46.303,2.31,2.57,7.13,6058.0,0.29,0.43706,1.22,1.31
HD 27969 b,HD 27969,654.5,1.552,0.182,261.0,0.76,3.91,12.9,1525.5763536,5966.0,0.18,0.5282,1.16,1.27
TOI-3912 b,TOI-3912,3.4936264,0.0463,0.0,1512.0,872.2,0.243,14.28024141,129.03833324,5725.0,0.187,0.27323,1.088,1.392
Kepler-294 b,Kepler-294,3.701212,0.048,0.0,1087.0,329.801,3.75,1.77,3.78,5913.0,0.11,-0.14755,0.947,0.976
TOI-4487 A b,TOI-4487 A,3.9540709,0.05448,0.083,1639.0,1203.0,0.7,14.60530185,397.28550875,6206.0,0.216,0.55267,1.378,1.634
K2-251 b,K2-251,9.30075,0.0694,,437.0,9.4444,2.59,2.35,6.12,3717.0,-0.04,-1.34211,0.52,0.49
GJ 3512 b,GJ 3512,203.109,0.3376,0.4279,97.19,0.0138,0.275,14.3,146.51889563,3141.0,-0.07,-2.8041,0.123,0.139
HD 145675 c,14 Her,15732.45889,20.0,0.52,55.51,0.0018,6.9,12.6,2510.8444153,5338.0,0.43,-0.15273,0.97,0.93
HD 95544 b,HD 95544,2041.54152,3.166,0.049,156.5,0.1,5.01,12.8,1913.64483855,5722.0,0.11,0.47797,1.01,1.088
Kepler-309 b,Kepler-309,5.923653,0.059,0.0,531.0,99.493,4.41,1.56,3.05,4713.0,0.27,-0.574,0.816,0.721
WASP-74 b,WASP-74,2.13775,0.03443,0.0,1865.0,531.159,0.3697,15.24424,228.8376,5990.0,0.39,0.39971,0.98,1.42
Qatar-7 b,Qatar-7,2.032046,0.0352,0.0,2053.0,2886.2922,0.502,19.0553,597.5204,6387.0,0.276,0.56348,1.409,1.564
Kepler-270 b,Kepler-270,11.476094,0.107,0.0,984.0,178.362,3.18,2.01,4.7,6067.0,0.15,0.31211,1.17,1.461
TOI-628 b,TOI-628,3.4095675,0.0486,0.072,1586.0,1052.9,6.58,11.88154,2011.8639,6250.0,0.258,0.39445,1.311,1.345
HD 168009 b,HD 168009,15.1479,0.1192,0.12,887.57,99.3735,1.85,3.05,9.53485221,5778.33,0.0183,0.14982,0.986073,1.209505
HD 164922 e,HD 164922,41.763,0.2292,0.086,543.73,13.3822,1.72,3.23,10.52012027,5393.43,0.1967,-0.15304,0.921146,1.001813
HD 115954 b,HD 115954,3700.0,5.0,0.487,144.9,0.064,7.38,12.6,2685.65003915,5957.0,0.34,0.4809,1.18,1.213
TOI-1278 b,TOI-1278,14.47567,0.095,0.013,407.87,6.5402,18.0,12.21778896,5879.8255295,3799.0,-0.01,-1.21183,0.54,0.573
LHS 1678 b,LHS 1678,0.8602325,0.01239,0.033,830.44,94.3,6.0,0.685,0.35,3490.0,,-1.83863,0.345,0.329
TOI-3980 b,TOI-3980,3.6089254,0.0494,0.16,1621.0,1153.0,0.25,14.4595851,187.51876013,5840.0,0.188,0.44248,1.24,1.626
Kepler-903 b,Kepler-903,10.3507721,0.09081,0.0,842.0,274.845,3.18,2.01,4.7,5682.0,0.05,0.36464,0.98,0.97
Kepler-84 c,Kepler-84,12.883,0.1072,0.0,865.0,132.23,8.44,2.36,20.2,6039.0,-0.07,0.39,1.0,1.43
TOI-4507 b,TOI-4507,104.61611,0.456,0.09,464.8,23.5778,0.2,8.2,20.0,6260.0,-0.06,0.14922,1.11,1.04
TOI-5160 b,TOI-5160,4.280773256,,,1016.0,177.537,2.52,2.39729851,6.33,5622.14,0.204,-0.00776,1.003,1.03315
EPIC 211822797 b,EPIC 211822797,21.1701963,0.1195,0.06,431.0,3.5,3.38,1.92,4.35,4057.0,0.2,-1.15304,0.62,0.58
K2-254 c,K2-254,12.11839,0.0923,,551.0,17.6668,2.84,2.19,5.43,4629.0,-0.14,-0.82244,0.71,0.67
GJ 160.2 b,GJ 160.2,5.2354,0.053,0.06,736.99,56.9598,1.76,3.17,10.2,4347.0,,-0.79588,0.69,0.655173
HD 39194 d,HD 39194,33.874,0.1949,0.159,503.31,10.2669,2.98,2.12,5.16,5205.0,-0.61,-0.40894,0.86,0.783742
Kepler-304 b,Kepler-304,3.295709,0.039,0.0,875.0,139.146,2.01,2.86,8.55,4731.0,0.03,-0.6616,0.737,0.687
Kepler-1756 b,Kepler-1756,2.355750084,0.0319,0.0,1093.0,338.4,4.77,1.47199944,2.77,4915.0,0.16,-0.459,0.781,0.812
EPIC 206317286 c,EPIC 206317286,17.515472,,,,,3.01,2.094,5.03,4752.0,0.019,-0.59336,0.832,0.758
Kepler-195 b,Kepler-195,8.307872,0.077,0.0,751.0,74.148,3.14,2.03,4.78,5329.0,0.04,-0.36708,0.867,0.775
K2-28 b,K2-28,2.260455,0.0214,0.0,568.0,30.1,2.64,2.32,5.99,3214.0,0.26,-1.9397,0.257,0.288
Kepler-1724 b,Kepler-1724,6.45442009,0.0683,0.0,999.0,234.98,2.03,2.83677238,8.43,6092.0,-0.22,0.05537,1.016,0.943
HAT-P-7 b,HAT-P-7,2.20474,0.03809,0.0,2733.0,4353.408,0.712,16.92559,584.8072,6389.0,0.26,0.8142,1.56,2.0
Kepler-551 b,Kepler-551,12.3764661,0.0893,0.0,483.0,14.386,2.13,2.73,7.9,4286.0,-0.09,-0.89514,0.65,0.63
K2-44 b,K2-44,5.657,0.06,,1211.0,646.0,2.48,2.433,6.5,5912.0,0.0,0.42968,1.15,1.58
K2-27 b,K2-27,6.771347,0.06702,0.251,836.0,116.0,1.71,4.74,30.2,5246.0,0.12,-0.26971,0.88,0.876
K2-378 b,K2-378,2.060438,,,,,1.99,2.88,8.65,4823.0,-0.206,-0.56665,0.923,0.732
K2-42 b,K2-42,6.68796,0.0617,,718.09,44.1,2.91,2.15,5.27,4613.0,,-0.70324,0.702,0.643
K2-193 b,K2-193,14.786889,0.1184,,739.0,59.921,1.32,3.95,14.8,5817.0,0.0,-0.07572,1.01,0.98
Kepler-452 b,Kepler-452,384.843,1.046,0.0,265.0,1.1,4.17,1.63,3.29,5757.0,0.21,0.08448,1.037,1.11
Kepler-220 c,Kepler-220,9.034199,0.076,0.0,586.0,37.321,4.39,1.57,3.09,4632.0,-0.1738,-0.67594,0.729,0.666
Kepler-228 d,Kepler-228,11.094286,0.101,0.0,835.0,122.778,1.28,4.04,15.4,6043.0,0.18,0.11115,1.006,1.014
Kepler-565 b,Kepler-565,4.243747226,0.0501,0.0,1063.0,301.46,1.47,3.64,12.9,5735.0,-0.02,-0.0551,0.98,0.95
K2-35 b,K2-35,2.399964,0.031,0.13,979.0,211.0,5.5,1.32,2.3,4402.71,0.04,-0.71881,0.701968,0.619575
Kepler-1720 b,Kepler-1720,12.70639992,0.1043,0.0,697.0,55.86,1.72,3.21585295,10.4,5573.0,-0.04,-0.33619,0.939,0.839
K2-368 b,K2-368,5.025598,,,,,5.44,1.332,2.34,4663.0,-0.25,-0.69293,0.746,0.663
OGLE-2016-BLG-0261L b,OGLE-2016-BLG-0261L,,0.72,,,,0.415,9.6,66.74396547,,,,0.072,
KMT-2025-BLG-0026L b,KMT-2025-BLG-0026L,,0.96,,,,1.58,13.3,676.97450691,,,,0.44,
KMT-2025-BLG-0030L b,KMT-2025-BLG-0030L,,2.35,,,,0.781,13.7,365.50266805,,,,0.6,
KMT-2025-BLG-2272L b,KMT-2025-BLG-2272L,,3.89,,,,1.83,13.3,785.03616529,,,,0.63,
